Total primes: 110881
21013
347
47041
51349
52223
16417
71479
84673
97861
25097
49891
81223
32993
34033
31973
96199
78823
20521
22093
52957
71263
8431
92333
32027
25603
46229
66191
5531
97301
3259
67141
9623
91397
98773
48571
16033
47143
32377
22291
93937
50821
31649
67939
11701
9157
83311
50591
53639
41
22619
65777
22051
32653
52813
85103
26407
50021
93113
32633
25537
18947
30773
30097
43633
35533
90947
3137
12107
45523
74797
63127
82471
51131
82469
22937
15923
26387
71527
41957
30109
59723
76103
45263
9437
22639
2657
50159
96149
4019
37061
72503
823
1237
42737
74051
631
53201
31517
80849
62053
31891
21059
14591
85667
7187
63421
88667
11677
26681
44383
95429
28571
65119
4673
2887
48869
68767
2
4999
20327
3823
21893
42487
34667
88427
10639
47527
44179
23539
90359
23929
94819
28807
43543
23557
9769
35491
52859
64997
27763
97303
71119
90947
9941
41351
43987
21101
68473
48179
66959
68687
641
4621
19583
14461
75979
88223
70141
20509
16519
33613
95869
7829
57653
52511
2749
21347
31081
38119
77773
81703
83777
35149
61559
88609
76717
17519
92219
62003
38767
60353
8263
44797
93377
11329
49333
45631
21319
99713
27631
24677
75149
42013
31741
36871
3433
85369
6053
53441
83093
77783
85933
5279
32077
41611
37997
9689
16487
76333
64621
39089
90199
27967
90247
72797
11867
55127
71711
90481
36373
18047
99971
8627
76493
4373
2543
22811
29153
44687
8219
57149
53279
36551
63853
46507
88807
42533
76883
28433
60659
67567
70181
38219
89917
82301
92831
46861
1277
30197
71473
42677
87767
86113
58601
21499
11633
16987
41669
42611
79589
33151
77641
85361
34729
78623
37057
11083
84631
67447
42331
90641
29989
43517
54449
82657
43499
30341
179
22283
94583
69941
57389
20983
7109
28477
31
91291
79997
51329
17881
48479
62099
45061
24083
28297
73651
89797
25759
65287
49363
75209
79687
40709
94477
20113
18539
40151
3907
64109
11177
64483
61861
68749
41719
35509
35899
30497
85853
26347
10687
80603
20641
11299
14549
19709
39047
44843
61667
54133
26879
7411
99259
38543
71761
37181
86131
62233
93407
19763
65011
70157
67607
78607
577
63737
30469
5693
14737
35969
69029
87539
71963
20747
66109
46549
70573
11003
11807
14543
46061
34919
82759
33581
67453
28411
4603
61099
24043
72287
72103
33479
35257
93307
64453
86951
33049
1699
10357
61151
75913
41263
643
52691
3037
72923
52757
71987
43951
1409
92639
81463
4691
30689
94999
52673
69467
50627
68771
19213
17257
94789
94873
46499
10597
11321
53899
56857
36467
33811
61723
17599
23893
52673
58741
95021
18371
52757
73127
21383
92831
60919
74827
49853
42239
28729
87697
2399
92119
1453
45161
33199
36629
1871
67741
56533
17627
4507
4721
77563
36373
59879
33529
98321
613
87977
41813
5851
64037
30169
31769
11251
38153
67537
90731
3347
29683
19051
22973
33493
63211
9787
70067
23339
7
99259
36527
62131
24379
87917
12713
37357
37493
45887
30223
97583
40423
76543
48073
13241
94819
57587
2999
7451
51817
99233
68477
60601
84143
95629
56333
65381
35839
93139
75209
53891
36919
33713
35527
12721
73951
24251
76163
92363
46567
69473
44101
82799
74201
27067
82633
53939
38231
19301
37889
65609
33863
25981
9013
99661
25073
31151
16223
5399
93703
80849
89021
81017
75787
91381
39827
15739
30211
87589
61819
4481
36739
63949
10211
33739
21269
5023
8017
15887
3767
87917
98963
17657
62929
4391
251
28879
66431
81817
92893
54547
20663
13171
55819
30241
24919
70921
47629
18979
14321
24923
8461
8539
79399
9749
89681
79393
54083
95257
22721
32491
29473
45817
85751
31033
80687
30809
94529
69191
16187
18671
84121
44131
16931
4027
85513
42841
1153
43721
18041
22381
74797
18013
56267
60037
95603
92173
32611
37321
14657
57331
72307
85237
12301
85793
91283
46103
91283
1901
13007
79861
65677
30269
59879
71287
51613
85049
45553
74209
75367
64747
76963
61381
30169
15661
13003
60601
59797
95507
72497
26879
29837
41603
92861
72109
68567
18013
67783
72379
83299
54503
32341
2719
39047
45737
72673
1951
96661
33349
95189
86131
36913
51449
63347
25541
94343
36541
37693
43759
21521
22367
23801
4049
62129
66089
6373
63671
41081
45013
90511
78163
50383
19289
4201
37201
60821
34457
86117
89767
10889
73613
62861
90073
19121
10169
56891
88813
19319
82339
53507
64667
76039
60107
30271
56209
93607
2897
79433
80917
86837
93719
30697
58439
65993
26633
72959
32611
13799
19379
68147
85577
50111
853
40063
26669
95527
82729
51721
50221
33029
71909
29021
87257
12149
54413
67801
73751
63493
4003
21019
28283
5743
53861
22697
21863
45343
93809
26153
21179
59009
88321
20899
79841
20483
4919
91033
95603
99017
29851
33739
94693
28163
34729
19753
77263
67073
92761
51631
28597
14723
10477
1439
33349
68567
35897
69739
75227
61991
87421
28789
9281
10267
80537
25163
41969
23663
90619
4871
25639
17351
10163
79151
95723
90473
22171
69709
55697
97327
88993
48673
68219
33767
83653
24593
80167
80599
79333
43313
79333
24989
86561
19489
98459
36299
84191
59981
6089
65657
93893
19463
54059
87179
5521
73771
85229
52813
73693
8363
68473
50291
33581
83719
35339
80167
41467
76289
32587
157
24919
42643
59419
35107
3329
87803
42571
2843
50971
15601
60317
48131
56113
83009
9679
38567
79309
62861
50849
43237
19963
37339
41849
67043
44953
24859
73589
72817
52529
97861
95189
36809
20369
51257
83933
18637
10859
57601
10687
5333
55589
40127
18089
67447
4703
81703
26947
99277
90989
5647
43093
76991
9241
56891
73783
34301
67129
17239
49037
821
25127
89767
8419
70849
67619
57793
13679
32687
3823
87833
8231
73459
48197
14369
6673
74161
10957
69991
22091
72623
13879
19979
89231
60923
86837
17597
50503
72551
6619
14723
55721
49757
84443
12889
18749
28433
92461
48673
40277
14173
93827
64007
54167
15641
16747
77641
46523
72901
677
8329
88337
76801
11621
91939
96043
98993
84631
43481
25679
25447
12113
17581
20509
6679
53819
77369
19301
27437
6899
30367
50867
62201
72739
32441
54413
44771
32261
55547
36871
20173
85829
94397
86573
67219
439
47533
70507
19457
79777
52067
98873
69313
41057
16673
14983
8963
81799
40559
76511
61547
75079
29851
89137
73517
17807
62591
53279
75721
43789
68791
58391
37607
98213
39181
10151
1811
18047
98573
6673
76369
42853
86743
25447
38803
76103
5101
1811
73849
55343
48539
93047
14897
1279
42293
25999
99317
23321
30713
13457
89021
54949
30323
10177
80233
54293
33623
32707
72623
60737
8807
76537
51977
11443
63901
16823
25147
6829
62791
3923
69337
13999
4073
44867
54521
83341
99877
58391
8039
12143
53507
9311
29
17327
65129
71917
49223
77557
30763
43487
38671
98963
12589
36997
13093
63839
18869
5009
56503
76039
72763
82039
38713
47947
25373
23311
44741
82031
70999
7297
89431
2549
36373
26347
53381
64171
83311
17117
31019
17729
35879
1493
18593
11677
6361
769
77591
14369
14281
11113
3079
41969
6353
48973
79861
40559
72223
16319
34019
75773
61861
25763
51059
34019
6007
53719
45779
50993
36899
73523
70327
5003
36241
19381
66959
49823
99581
67709
45817
91997
31771
13597
22073
23669
56179
49529
23143
73823
61409
25111
44699
19861
19079
43331
74201
38119
91733
1789
38453
45751
47969
19333
48623
25667
89459
66041
19433
44123
53569
27043
63629
63299
95747
9643
30259
75329
54751
39901
36607
71971
87721
6607
70913
84017
72869
98453
24239
53819
34843
7753
90679
84191
52903
93529
31891
60919
54167
34747
56569
46589
95621
45841
63781
95203
73453
74189
19717
39509
70793
58129
81181
5519
7759
48869
32371
8117
94693
88969
84673
7219
16421
27253
89659
3517
54091
2833
75109
28163
5441
3089
96953
80491
90437
62303
83791
20129
11821
4729
50777
48271
85369
6217
80783
59219
76079
86711
93047
16631
25969
75533
18217
52609
55439
827
69661
8039
54673
63029
1861
95947
2053
79757
26927
3581
25349
81547
74197
16301
88177
81883
26393
23971
313
63103
22157
24659
14387
57073
79103
89603
20887
28081
24989
41077
67523
93971
61871
77239
65677
10099
20327
94781
2693
54499
67601
78941
19081
97151
11863
53299
62903
78797
4051
58391
48247
30293
95267
92459
44939
89083
33503
52289
58537
85091
58537
4889
70783
38011
72337
94603
43787
7079
49891
14831
59659
52859
467
70297
22051
4451
78569
5779
57923
20521
15083
30319
91807
42703
75707
12143
26261
1481
99397
51839
31319
30211
85517
4057
65519
9043
86509
43441
4789
72227
65167
44971
45599
16231
56443
76163
49333
7213
3251
97103
29191
44563
13339
87491
94343
76001
60443
88339
28631
39983
56501
47779
27329
66343
46351
47147
1667
46073
74381
40099
5801
64171
21997
97159
60037
9059
78163
9929
3167
13259
44621
80953
30881
33599
89657
76561
84229
56663
83621
47657
59567
11867
23117
90121
10601
71263
95441
11369
99559
1949
40759
50893
40751
38861
6761
587
9161
57859
10141
32257
8429
62869
36479
1753
41719
98387
5413
23053
34679
84913
7069
27767
62819
3733
30059
79631
33331
211
11471
13001
20231
75367
83257
11369
81677
2129
67219
11161
62989
6421
23029
64081
77929
55339
2341
76829
22157
73421
42853
51721
54133
61153
74869
37643
37097
25121
45677
1429
61129
95737
85549
76283
77191
86389
74161
36919
76081
70849
27901
26597
57119
56813
5087
61333
101
43781
42073
85667
37783
1709
35951
62401
59141
78809
10789
2699
84731
90709
73553
30203
13219
82387
19013
42689
50387
79399
84481
6257
93419
41057
17033
27809
63277
62131
48413
97021
11351
9319
23291
20759
78031
74297
36599
6871
67957
19001
47809
32987
86263
63361
65141
42017
31189
19051
11549
82129
28183
18313
40423
81119
84121
13397
94477
60331
95617
22637
17491
8783
99719
35839
4583
13553
48413
27367
48197
51593
43997
48409
9239
69677
43577
90053
87421
78607
46477
57943
23669
65323
69403
20507
43207
16979
31079
93427
20071
25321
24091
35053
60427
43913
39619
62053
78889
47491
80513
88493
70537
2
24061
96059
69061
83983
19433
47287
85733
4567
1627
55243
24473
92569
509
32089
99877
56431
79973
29269
30689
3061
49297
85831
17659
2707
11897
34031
18049
44683
80191
10303
40699
47207
75391
91943
4019
83761
45673
23563
89501
48991
70201
1889
40529
49103
99709
17707
62921
1217
30293
3593
84697
50077
1559
56009
65921
75167
1811
23971
98251
77611
24113
85331
43669
14653
62983
61001
36293
79889
31189
2063
76003
98101
10321
78649
92693
38113
19687
94441
49019
4421
21059
23789
81401
68443
59351
74323
78367
60623
51217
50363
58477
24877
24763
52889
23743
92243
57559
73141
81727
50839
31699
47681
37783
95747
64879
13687
33769
90659
13487
37049
95713
2857
10663
12821
13337
42643
54371
4517
54581
457
17093
229
45979
20693
38167
93169
5099
8837
67153
42379
20029
72073
40519
35023
52369
74597
44777
98429
62273
95783
26713
32503
36293
99529
78577
60679
75703
88379
58631
36571
89363
30773
3779
16097
96017
58049
13469
5059
98639
66821
4001
78649
80407
93479
77647
34039
5479
40519
27457
74471
41299
67453
85199
48299
12721
89671
69163
98641
7333
89041
32839
82171
12583
99581
44843
87421
18217
36887
16339
59747
29
96281
46831
73181
34757
81223
10433
62119
44543
26177
56773
25609
73061
72547
69203
2039
78347
21487
25747
52813
93257
5231
44027
5237
70163
26699
79393
16759
26237
3191
83231
90749
3067
64879
35831
12433
46703
77279
72341
21649
67073
86929
91303
43319
251
57901
50581
63103
53419
86287
2971
461
42509
5939
1193
94999
26177
44491
811
51157
87649
9161
33751
5393
99923
93419
79301
86693
63113
65929
18311
24407
20749
31667
56209
69191
5101
13577
8179
10499
31721
35507
17491
96223
24197
193
7699
4561
16253
41387
88129
37813
49739
28817
98899
51797
17791
56911
36643
63727
83737
2063
89939
68543
85037
29881
9241
61559
21391
39799
88079
19387
14461
33623
33617
28429
92377
77969
96959
2591
9421
78031
79153
30869
33049
6451
92503
43973
7853
84731
52963
78173
73061
42157
89627
84179
84979
14947
67189
44741
51767
32789
87743
97373
42089
25849
28619
18199
74317
16981
25453
74377
34429
13841
60089
18911
14143
19381
50333
75653
31123
24097
30449
87277
2617
82183
6977
2333
62057
99877
31793
13049
96671
8231
86297
99707
20921
51479
57719
95783
37657
62897
4201
23279
2477
2531
77171
85313
86453
96953
3877
33503
61981
3389
82153
12611
87767
22571
91139
58237
27733
4937
66373
4129
787
70867
14929
34897
7057
94307
577
14929
52067
89303
48247
84223
36997
23399
83609
3769
53657
24419
38737
97883
96323
70589
29347
39163
91141
27901
90403
49787
52453
57637
78203
74317
19163
35537
87917
25733
20219
25847
28867
85903
54773
16603
15187
76081
71453
97151
5953
44029
2861
46477
32909
98297
84559
13259
33331
59887
38153
82811
14461
88897
64489
42349
70951
13151
8429
607
35099
71143
82609
22279
2953
77999
49031
37717
44699
9803
32633
11443
3541
48533
55333
30529
63313
379
55351
51109
12107
36013
72431
11251
29453
88499
91373
6151
991
88661
80657
92219
31237
3863
65563
74573
60161
98207
82373
68917
11789
92957
37529
88493
98227
3407
32749
56237
10159
45289
98711
85439
15739
19433
59809
77431
62131
85661
15073
26029
9629
58231
85223
45281
33829
56999
47797
65629
47513
8221
85103
88609
36749
41719
44753
80917
58411
69959
29251
11311
31663
26759
49547
42979
6733
21961
71843
48197
84961
33637
40343
86369
67853
80527
45121
233
32497
15299
41333
87223
87253
39227
86341
11887
4099
60497
19553
45161
63179
6163
8467
41381
5693
59809
17389
50047
46091
64997
36793
99761
81013
25087
30161
32429
21089
20903
92401
12671
66713
1231
93179
2791
41651
94057
7873
89917
60811
86993
56941
55697
72341
82793
21737
3833
68903
16633
8849
97849
18257
16141
43481
11467
42557
46619
83093
84449
94441
17299
20287
70913
23143
88817
66533
10273
32009
90787
62939
12043
37019
99563
54917
31333
97843
63949
31267
35531
34171
51329
91591
84089
33211
98443
96587
82567
84059
94961
4999
74861
48437
15559
59021
57139
27509
19793
32587
63277
95891
34501
51481
19037
21401
11467
61751
68993
53
6779
97787
19121
47513
10909
73091
19861
51341
76403
13109
71983
30941
10837
83443
39719
34057
54629
11941
17683
80317
54949
50093
65843
9419
71147
2153
85223
53923
90011
29759
21163
19373
10453
86381
6287
13781
50929
47339
52489
223
28081
75217
94693
503
56237
76733
1381
17299
96763
39097
87313
71359
43607
91957
26309
48239
56681
81559
55547
15629
48121
87973
5113
77141
50581
78721
27793
78079
11549
39229
60617
28433
63793
54667
4621
32839
92041
83621
21019
49943
50461
58997
99497
7723
75193
44771
95089
48889
35111
98143
50683
69827
2851
81703
10463
157
77719
84631
50651
58661
32713
97381
43481
4019
23893
6679
95419
67867
94033
15761
71549
30341
2053
1307
46499
93419
35597
11801
151
7741
39397
88591
65633
52223
46633
88609
72073
75329
56519
65521
87119
80051
13337
4481
29581
20743
90127
74933
98081
96137
27817
97177
96703
29389
33721
27691
96263
44563
2137
37871
48767
43291
10151
62971
37967
67883
127
70181
46559
60811
43151
76081
88801
90059
15307
70123
28403
21587
60139
59239
181
93077
55849
27581
61981
98017
64123
64667
19709
48497
31123
63409
63473
85103
1327
4423
59263
57781
75619
66137
92639
39733
85411
8513
7411
29363
17341
19501
55663
69931
17191
52963
47777
59729
93427
76253
25307
42839
30097
12049
7753
71023
11489
69623
35267
54499
6427
95191
85021
54721
21649
21407
58601
4729
25357
17293
52501
59207
40063
67547
25759
84977
98459
823
18287
9133
22003
4481
60293
44809
11909
51343
93887
90631
25667
94709
67211
47737
67217
9743
32089
2221
19889
58231
51893
31667
8353
23417
587
23099
30529
99871
53089
641
35069
90403
32143
35291
1223
27191
27901
46181
38273
67079
69313
54013
6037
8527
49367
55487
41893
62861
92381
69221
10613
77093
29209
61703
34841
81649
15461
8969
25589
78569
63103
71947
36749
14741
60077
73943
46523
38459
49333
16529
82981
77491
29027
41227
51647
44279
18637
4519
7499
50321
90631
89669
80141
29023
72643
62929
12037
69197
89533
2417
18097
49117
77687
70351
82601
55843
68633
23
9787
3413
12161
26669
39883
82531
25657
32611
86399
40387
55021
311
24379
73951
85549
34913
20959
83003
97213
10859
14593
97547
60037
17581
24091
19531
44983
28517
79589
57163
17959
77431
58733
40759
81331
44159
53419
80681
89381
23063
15319
93337
80863
30631
83221
35393
5737
18223
33629
49417
46027
48523
18899
83257
40699
23663
22279
10781
20521
79279
40099
3389
98963
14143
8329
66403
3089
40787
19583
71039
18959
66191
55337
46199
8447
37567
50873
14923
90823
7349
15647
70001
87853
27689
56783
43399
63689
96181
34667
85259
55901
54293
2399
9157
76343
95461
42373
93377
76541
95869
62533
97103
91463
82483
26693
24029
33529
31981
88919
93983
82727
19
71537
11699
14767
36749
92251
54917
80677
44777
63059
25943
42017
37657
4349
53653
93581
46099
18127
76079
66721
25439
94603
98929
66029
43951
62563
16223
88741
499
60733
67927
20357
91283
2377
58109
34303
21673
45259
12697
87049
59809
99581
78941
54673
91127
14957
98893
44293
65851
35401
46889
50207
67939
21467
15269
26863
81649
20443
3467
20393
40849
80603
46327
43669
86837
81019
92899
91397
56611
25537
77933
93151
9689
55469
80953
74573
47119
90199
14087
59009
15277
19471
70439
73637
27191
11719
88801
12211
17033
93383
40357
977
81769
49927
65213
19181
62753
16273
59887
34057
39397
28081
19213
89363
16903
64553
39511
12041
34147
45541
39239
71699
50021
59107
6563
70351
16699
89963
26903
77237
5869
24697
64373
49747
2027
5521
49451
30853
46103
71437
99103
95401
41893
41047
4519
967
31963
67577
31091
68239
46723
80567
35593
60509
57947
35963
38219
56087
353
10477
15173
13297
16361
97397
28751
95717
401
45191
1787
25163
9109
85661
62969
30949
9601
84127
70919
31469
82559
2897
997
28657
87751
6113
65269
89977
69011
64811
72893
35747
39157
76907
92849
92251
25349
74101
48407
4229
6863
43403
35591
16729
71849
23549
86353
60601
10037
55381
63533
51869
68437
8501
50147
86767
94709
30781
5527
56267
75323
40823
61547
64081
94397
73553
12437
7069
17431
12043
19577
99709
82301
91249
60293
71153
57119
57251
20231
71413
62903
2347
10891
72091
56767
1511
27697
34313
87701
49927
8291
58393
13931
86689
55621
81689
25873
48109
17383
84919
90107
9103
90697
61441
25943
83389
99289
32563
5119
3527
25469
62017
39161
5407
69763
32987
92789
19051
98663
30869
2791
70487
71039
93463
38011
65629
52153
3557
46307
1163
20389
37217
51071
83563
70183
3697
3631
59699
30467
85667
29669
76259
98389
97813
78553
263
24917
88843
25889
56909
31153
78577
12923
40343
91673
73951
57259
4261
82757
21139
20327
63353
64489
60353
61681
9103
4373
8747
13967
31139
14713
18257
58013
3467
17293
12007
2
55411
47533
21961
56383
12703
87119
67427
21757
85639
69259
55889
75307
99793
60617
31219
95987
53657
48413
93337
51341
38317
88411
83207
7951
22961
18719
32099
33461
53239
90263
68539
90439
77797
36931
37369
33863
24359
41017
74869
36791
56747
16333
48259
98323
40609
69761
41941
63709
48787
21821
32693
8209
6329
58321
20443
24967
25367
86939
72739
66791
11813
23599
24109
12391
16699
49663
71413
9931
43391
64679
78577
97577
21277
39607
28057
90107
8171
70423
73561
99083
44453
81421
64037
41341
2879
21317
95461
65981
32401
3701
1427
14957
26321
88819
2269
61991
1069
85889
70549
15077
46237
89329
5953
15937
90163
66071
79861
71917
1021
8831
7589
22691
71359
72577
3209
7541
34259
6067
87583
51599
64019
89627
84869
74771
83911
7673
36469
47501
6997
66863
701
98179
78653
64333
82609
69163
22469
23767
19051
93809
51203
88609
90971
63103
14327
74161
79631
60077
58321
36559
92737
51941
39397
62423
8627
10753
62539
41737
82531
47711
4013
98911
57881
55823
53231
24329
96469
26893
18911
18301
65729
11969
59659
68699
6521
46819
42071
84313
71119
38447
24971
88663
14551
57143
92369
29129
12007
75767
11867
51949
41959
81019
88867
41281
82171
99719
69931
14293
27893
93911
65011
41213
84307
85781
45191
45631
71719
70793
7499
45887
58153
59833
62191
45541
23201
70183
58439
34231
68819
24113
41161
26633
38639
38711
38281
12823
82183
67993
52379
29327
47353
35839
52981
43063
9433
33521
68879
1279
25469
11701
69379
2389
5171
56383
8221
56809
73859
42821
79063
52153
59467
3881
7883
62903
11903
38651
62549
25301
48073
25847
3881
50077
27961
36061
13451
27253
25919
37313
42859
60647
6737
91733
79337
57367
40949
41141
13313
29599
39089
56501
72719
31973
16763
97973
85667
36107
24527
68581
74933
61583
52583
39877
59671
13693
87629
25391
83891
50993
92381
77081
58711
30773
71983
69341
68879
90529
22349
87961
56941
27191
40099
40471
54539
17093
69389
13553
38993
11863
87629
17167
59417
57977
81463
77213
3079
67783
94723
47057
31751
19333
50417
84211
3907
20521
96221
19609
8677
30703
54323
63659
86509
67723
19037
13807
12203
96697
88237
19013
90511
11827
50513
20347
27407
22367
76781
28697
57373
39671
39563
40637
78877
11351
14753
55609
35423
72707
77509
23
47777
19381
60037
25747
88937
18583
503
87299
70451
79531
16763
44449
32261
8677
47581
98047
74317
87767
86857
55229
48647
30467
19121
30181
70327
74531
76829
93481
7789
29243
48673
96329
72649
23071
461
80177
85333
35149
3467
35573
9419
40169
37951
97843
5413
18481
5209
10859
24001
69821
65657
33769
70537
95393
10399
281
32621
16369
95483
15149
58367
71693
47521
10711
24019
1453
25841
8089
77003
20929
5119
80621
30341
55001
8677
14543
92311
39341
9539
47381
78941
52253
63311
3067
8629
34439
75553
74531
3623
76159
10159
95701
56437
74857
49939
59779
5011
96517
1597
26183
73181
84467
50539
33533
93229
18413
64109
16937
62039
65147
2609
89501
5209
66851
73951
82279
16067
25321
76831
97103
16447
31357
31477
69497
21587
479
9851
27361
24091
80831
6151
46171
5471
2099
54437
83777
86743
86573
38677
75689
65927
60103
29387
59651
5861
46727
70019
30427
52711
23899
75773
4861
1087
76579
42643
15383
45659
1201
18427
44021
62851
14869
95597
24977
4133
34703
37277
18379
1229
56531
35543
78401
56269
75941
45887
47149
95783
5953
94349
4657
19753
787
15937
26249
8287
72893
13567
33071
51347
68611
2141
81671
54973
4201
26263
9001
49993
33811
47533
97073
80177
58337
92699
15361
56131
80863
92669
43783
39659
84731
50123
11621
88811
66959
74293
75503
28663
19843
98801
74653
90059
86131
593
6353
20599
73079
71129
40427
36599
3109
28621
45137
28439
57269
15971
70313
49603
34537
94811
55511
53549
28087
55219
1031
68351
94561
91367
82787
10733
34457
1249
31687
38669
45191
95621
67523
20333
37139
81671
23539
23753
97001
36877
54617
647
32189
87739
83077
62137
16633
12451
65707
60521
16063
43117
52189
56393
67547
98869
32609
47939
55901
83719
19001
24847
78979
23041
33577
62581
54361
62971
36541
64327
60647
30841
87313
71837
57223
61981
32183
49787
29837
25733
10687
541
94291
34057
24551
12401
49811
67399
43651
91711
81629
75781
71437
12043
46237
93601
41231
52667
9277
42139
79861
60037
66107
10243
80923
5573
98227
30757
16889
21191
409
41351
27673
2699
29917
67939
77699
95471
46901
53939
3187
62233
33487
1483
55631
67883
26959
27191
86113
41809
75931
64871
46271
95971
55799
18899
52201
24533
57139
4463
72643
98317
12113
90971
25537
8737
53881
9629
90271
53959
9241
47857
14011
45121
38011
31729
4957
8053
6841
49261
77549
92503
547
56179
51059
86729
13721
41351
37993
67891
32321
58153
68917
55849
1291
99767
82727
87481
31663
6367
88129
93601
13163
96017
58369
40609
99289
86969
12983
77377
1789
39157
73709
33569
1153
99667
61291
52709
26693
40429
2161
22717
64811
85831
55511
2063
26153
71569
14461
2309
98327
48481
7193
50891
70753
91019
14831
20323
66373
37633
56527
75883
90239
21191
919
25163
30293
80629
3511
5903
3739
31151
44777
24181
81569
6659
60631
293
90821
57689
34039
63703
35423
14173
35771
78977
81943
74131
52177
18911
22271
37049
77479
12149
15313
43177
54583
3167
76129
92791
86143
18919
62597
18353
63689
4073
92203
15361
829
40751
16529
76543
45641
31511
67477
47093
33223
73751
76733
11317
29137
26557
20231
49429
81131
43991
12527
12517
99971
49297
45197
52103
30089
48823
66653
47711
65837
67843
21787
74933
8821
56039
48409
39929
1723
53693
66239
131
16963
1619
5519
43201
7499
86927
33739
76261
42901
88807
58897
16979
70489
43787
7253
21139
57923
87881
80111
12619
38231
57991
34301
3491
39079
78707
39901
63611
73483
79979
52561
36209
82387
21569
98533
57149
5483
20011
41341
16927
37223
76673
353
38219
22751
4889
16607
18457
45377
49199
15269
14869
5261
58129
25349
38993
7331
15161
2621
84457
42677
69239
72431
89227
90313
73043
64381
59069
90031
29629
19433
93377
63247
62539
63647
44201
34613
17041
87553
27817
98491
9551
27917
95869
23663
80783
17609
12601
19219
28181
69239
37223
19553
5657
85021
14411
41077
10259
20947
36653
87317
94837
68147
65827
31249
95629
86453
58537
36017
31151
90281
6703
14293
28663
72337
65929
4457
75083
52919
77291
62327
99787
85027
31147
74381
88903
347
22783
97973
99523
2473
55799
15013
1567
49253
70901
3917
6733
40519
20357
64403
25667
701
83357
3089
57709
31013
87403
33083
70117
7537
30161
61813
45673
16649
51383
83561
37463
2803
9241
19919
56783
6197
4513
23719
6257
48527
431
91381
6311
43063
10067
39139
91411
15271
33937
56711
96517
26513
59611
10711
41213
2267
61651
32573
82721
55763
8467
25471
64817
69739
87149
35507
66877
28123
52709
30467
89923
42473
76753
34739
4217
77929
48523
35969
42407
54949
48109
677
34847
53939
70373
54829
87991
82847
21647
59617
25801
36607
63113
7649
97369
26903
25189
44753
12323
41651
29959
51797
5119
86767
2237
97117
19207
25469
4861
8963
25463
48661
88289
7757
85889
36061
32467
64609
97943
22073
2239
93283
1297
82471
31847
21031
57191
761
15427
36563
47701
55001
54877
53267
26339
8069
60103
37853
16183
16631
63697
17959
6661
30161
79259
96997
10883
71261
86011
83911
1151
53681
17107
90281
21871
93949
66853
1831
41263
80831
77471
50969
64033
21419
73721
21061
98213
12659
45307
21997
24391
9431
91867
227
3331
15787
63031
56437
15881
64717
78401
67853
701
67853
5077
4547
34549
28723
45119
99713
57697
43331
71339
48049
29147
22189
36901
7607
71881
51329
32939
1009
71807
44839
40847
39419
947
94777
19507
36931
96739
21997
84223
73561
89513
12689
85159
24733
27733
9397
64919
68597
56993
379
64453
98717
70163
23
85733
42379
887
66973
15679
8677
461
67187
33749
17
26407
22769
77977
28571
89269
43543
3539
10139
68819
71171
47797
84431
44927
73127
92203
9479
36241
60649
74873
82549
63149
11821
61493
86467
24809
64171
56659
80671
32911
5407
96263
13093
69031
13159
92849
46183
22483
98737
79159
33589
26407
33937
73433
92791
16931
86353
94261
85627
40559
15199
8423
47339
90931
97499
92893
30271
12071
4759
42979
9719
54949
14657
50671
5741
29327
72973
34421
59771
10631
11173
46933
41081
54787
11789
70997
4933
95089
14759
50423
44131
29131
8293
60637
65777
9767
86287
87559
71761
34367
62081
38767
91243
94427
43597
82393
49739
64499
60649
17519
41221
86509
26641
25679
66529
47189
11863
19301
50923
71593
58369
90067
2677
16931
86183
91573
64189
58481
58217
11813
75227
11423
58379
6427
83207
78593
36529
98597
1987
47387
14153
33863
7681
6521
9151
613
36541
53113
17539
24061
97711
571
55547
7451
53881
77893
55259
11177
32531
1489
69829
1877
82811
47119
56843
93133
42307
93463
44753
13709
98899
32939
1373
85121
61723
71339
52903
1619
63347
79657
43721
78487
77447
42013
71741
8783
93097
15427
79843
95093
67021
39019
29581
52391
13099
20483
47527
3347
47933
59149
66947
75109
46307
22621
41953
34217
85487
69379
97039
94327
21319
2879
11393
72673
12553
53783
6733
1901
53323
30119
11497
49937
21227
14249
88741
53299
2417
76919
95083
2657
24781
42839
79537
78919
17203
80317
8353
34381
56437
80783
47969
92143
37847
40483
66137
88019
193
32831
38783
54167
6971
84299
67961
80621
71647
58313
21601
22433
89413
22303
66169
27901
72937
701
65651
35221
96769
62987
28493
57107
66841
1031
8231
43633
773
30977
89611
96401
62081
99041
97373
45137
3329
57559
50123
43573
34511
71327
77213
84143
827
419
34439
28879
96857
73387
39679
20443
35461
54409
37717
7907
24179
78979
64567
5281
56599
9203
91639
74449
14713
67343
26737
26801
75269
29077
20507
81299
21247
82799
71879
93601
45013
7499
17489
18461
92627
18119
80713
94547
433
31543
28547
38287
96211
3967
80657
12511
27943
37717
16127
38611
53239
68371
859
71081
49921
60623
24419
32537
40637
64877
27793
36373
5303
75109
58109
55681
17707
44893
45817
811
31741
54499
4201
59021
8779
87427
15061
2683
21737
54443
2857
45553
89317
7057
8893
48623
67829
15391
73943
86467
69127
17881
14401
91369
8387
67489
15859
58031
39679
91541
21323
67139
81017
35677
19963
57119
89867
1451
25603
79601
90353
30497
6007
68683
80777
619
51539
21283
72623
63281
2683
14633
72689
40591
58477
21929
1031
72313
10433
7229
70207
35353
56167
64513
58061
92353
81533
23677
71909
84443
45191
43261
96643
25913
52189
64453
88747
11821
38053
36473
33587
29207
53783
57329
36251
23071
43597
35977
23173
37573
1553
51199
34253
77513
81853
79847
36913
93739
46727
71437
73303
67079
26267
48541
21163
74719
58967
64763
49741
61487
46807
30881
34123
83203
32341
71809
87317
16427
91183
86389
2833
77351
18793
67577
92189
84919
3359
85223
45413
90977
2441
43801
67489
40973
3797
85303
36697
40499
88069
96017
14449
50093
4973
66361
10739
22871
42701
47161
42433
29527
75611
41257
32531
60923
1373
64601
17863
46489
89779
81769
96661
79399
34631
12007
9241
8297
73181
88801
99191
64849
63419
9547
3889
1973
12163
32941
79669
36229
27143
31327
94463
72091
68863
47
65789
67231
55411
89783
26783
67231
44711
97259
7451
27127
85103
1429
26539
31649
57649
77383
81017
12401
5171
10657
36767
52453
82013
17231
82837
14449
75347
91969
21107
56267
56747
91873
1613
88007
32843
96557
96749
65213
40759
2027
30649
92899
51061
20693
74377
79691
11927
56269
24137
80173
55411
70937
93377
28277
77339
59
8863
71837
69709
55243
51431
63463
84551
78031
40423
62981
44543
79829
39217
2729
60083
38833
3697
86861
29429
45439
20089
26261
31151
787
5701
82727
50857
99719
37189
4801
97501
31517
33749
4549
54521
90947
13063
8069
58013
6113
21101
49117
65921
45869
28151
307
49871
17981
22937
35491
83621
90481
51473
45989
18131
6947
3089
98011
30091
55889
59159
99251
18047
1543
11903
77029
50671
37501
21121
33289
31477
1999
72287
3613
66529
83423
57881
29017
82141
97021
2521
26267
58337
85577
67933
21121
54941
49957
75731
93103
25309
35951
78259
34297
34297
34253
72977
51473
76303
39619
97579
41927
83399
29
59149
56809
93251
77509
48187
57713
11071
9619
79769
66491
40879
84713
62791
72733
22003
23567
32569
56437
72617
92269
36653
51913
9833
37273
27743
78877
41281
78193
1259
55399
13103
29303
96293
76511
49297
79847
6211
8167
28541
6353
18287
89051
12653
61781
76781
24439
40193
74203
87083
14323
14461
4243
30059
73433
87623
18523
24469
73877
57131
5443
32401
52387
65851
54371
33119
39779
90281
47363
25841
31249
22541
37337
39799
15749
91423
661
23917
33851
51859
5939
3037
95621
79337
30577
61631
30893
56897
48383
76421
40169
64283
70321
54629
85213
29917
97553
75967
37889
33029
5051
569
3037
1913
82141
73043
38281
81457
77471
2953
70619
93893
13553
40801
21031
10103
49871
96769
88001
60101
24551
42013
96329
38629
22369
5827
66103
35407
21977
88661
5153
47717
67139
94847
39209
57557
24197
12853
96461
28307
97579
20411
39667
12473
68539
62861
13417
35753
40483
45503
32381
36599
9521
60773
61637
95773
29411
22691
37309
38011
98849
29287
62011
88523
64283
4799
10321
34253
4363
27017
68053
29573
55889
43201
21521
77359
18257
13759
42461
62501
26717
88873
49891
74929
18289
30013
98729
977
39511
27361
40039
34213
53939
61717
7283
86689
64891
2269
60457
22153
16447
49999
23371
35729
46601
79813
80777
1229
54617
16759
78583
44809
70619
797
65579
22697
11579
39313
22171
45823
96703
89231
55663
23189
27529
54419
84809
25229
85447
19739
11549
65831
85751
10973
75079
78317
16057
36451
4493
26399
82981
36901
47963
92041
5981
1301
35323
20323
78737
2749
277
42937
27691
50969
92237
18743
87071
22679
87337
79231
97711
23071
62401
62473
48871
20717
78737
3253
5869
86501
85639
51907
5419
53717
90911
69149
1061
87629
95471
25339
20543
38833
40697
71419
6883
82493
71647
91951
69877
47657
16319
23497
46807
38201
12433
54941
9049
34841
79589
49331
25537
48073
77081
71941
67433
86137
16729
7699
42491
39829
95507
52121
99277
61027
75937
95911
57803
49613
81293
39499
25411
66959
57991
14407
41161
48437
92107
94613
11549
86027
87277
62597
87317
84869
18077
12611
7477
21317
11321
80917
74507
62987
92959
4987
51479
87643
50411
57697
58963
12491
1259
19553
47857
38447
32059
76031
36497
46027
25981
2897
15881
14011
61751
24571
32969
45127
33199
57803
18461
69829
36109
3851
35759
98321
52817
42101
29921
17207
67619
12541
83417
30851
46439
71483
82301
55711
233
70489
2053
73063
73897
10357
20731
66863
82891
16411
10597
64303
32377
12451
40289
33403
87427
4019
54581
68501
91513
12503
36923
55711
9697
86371
95443
54773
75161
72647
70849
41203
51413
98407
86269
50821
61681
52583
6991
70507
13567
50261
55339
6827
14549
74587
89491
15287
55333
36739
2459
36929
18127
38237
10487
77797
9421
85711
80449
58211
17909
23893
49823
31547
37957
33809
10723
59513
16231
88001
93827
34301
80527
53813
26263
84869
6037
27809
81371
65521
61559
97327
661
50539
38629
8221
74891
88019
13591
56711
43063
87251
9941
36713
17327
28111
82183
95287
70607
83987
59149
16381
98179
22739
11939
86209
50581
55721
4021
52567
31957
97547
34403
19087
87641
46723
27749
93319
47507
94421
45413
85447
35911
76207
68993
29959
5437
34361
21157
83219
10909
52489
15319
70607
57881
75133
63913
51109
93889
73331
20959
99089
97117
28289
69317
881
57719
23753
55259
49169
51803
92551
52999
73417
87869
27283
73013
30269
45587
79889
53147
11731
82139
81553
18523
55127
59747
90371
63079
7411
64033
30323
20707
37159
15289
72109
53197
25603
15319
64951
67391
14737
92941
25523
69677
1321
49393
9239
45127
34897
21031
74797
16087
56179
78233
30211
26161
44281
29611
95873
79817
44119
94007
49633
56809
54323
15803
39383
41893
78191
6133
18773
7331
80681
8377
27011
58337
4733
16057
233
42937
12611
85751
71419
46093
86311
73079
27551
71081
59123
21347
58111
23669
70423
40973
45341
41893
45763
65713
84719
42131
40087
72139
27827
54413
17123
91381
72493
41737
1063
28099
36383
18503
19777
2659
49411
53279
52631
52721
24329
38153
69019
47441
90749
71861
28201
2447
2591
65713
99223
11689
14323
61507
11467
431
82153
14221
77141
5393
86209
34211
23957
1181
197
2621
71479
28387
97039
22531
92857
92867
42821
93487
89923
23189
1061
18911
98323
43651
19687
29411
56827
13009
67391
81689
34031
76441
48989
64489
89069
89381
35603
75181
65707
1871
66749
67901
85361
70111
44983
44041
92569
61403
66683
52301
19961
81847
68863
26263
89567
50951
5023
90709
17737
64621
3257
44021
73133
97609
28807
37747
78809
5437
34157
17093
34319
20707
45281
98009
76733
88471
59243
98407
34913
34763
79349
30203
98009
94723
12577
57059
79697
35969
26759
72341
63113
58073
89513
45139
80329
84313
49927
53171
563
68507
43543
92857
97579
83311
82279
11549
27061
53503
39511
85247
54979
12451
53117
6427
33247
49891
26849
35023
82073
35933
15971
67499
71537
14057
49801
96457
63241
3331
69677
3271
16451
23053
77563
21841
74297
79493
94291
36587
45613
76253
36083
21269
41183
94561
34127
57787
98779
15443
52249
43541
64919
22721
33889
54251
62401
27791
57191
85093
19979
30427
18097
76543
36833
9811
67843
13681
49783
2039
41023
52579
13337
57397
8951
14323
37799
3019
94847
3697
65167
30071
21341
25037
12101
59513
56401
91493
56921
55603
98081
58913
79367
60077
1451
74891
32887
62939
54371
10987
8779
59699
97579
41549
86627
67699
21751
79063
48397
50891
1181
94573
31769
15619
39953
51913
91199
71707
51563
59243
75391
42737
85193
79903
9323
96697
21991
3167
26053
86201
83137
8353
89371
12157
15299
40063
34313
57107
91711
4363
87547
68611
5861
96331
38501
14149
6781
61967
68261
65951
70913
18077
45433
65831
78517
86413
9859
4513
71537
75941
72911
62581
51197
49597
30931
15137
19309
32491
59699
88261
48563
27437
39047
73607
563
74449
96517
17033
79147
54001
83701
18713
32971
12101
4021
30509
97463
63467
24631
73847
69163
69317
87223
2531
33871
11299
10429
79579
79241
77153
2767
77731
74377
70061
14753
83003
8819
86767
76493
66047
25643
63079
40153
75767
40471
46523
23609
73849
53503
88339
69463
99241
3821
74713
54347
20341
80279
95717
72719
44449
97327
76781
60257
19687
1031
16103
73961
15803
25033
85847
11743
65119
67709
70667
31847
92119
13487
25367
69991
9377
55057
81101
3041
76579
94709
96953
60521
40739
85213
92849
95561
12473
13147
59729
28123
31393
6823
17681
4973
48383
40237
94903
14321
11171
53887
62383
97583
62597
91967
68909
19259
76507
98713
59021
9551
29753
21193
2347
28771
8719
9413
98491
1459
13567
12347
95177
79843
49307
45893
84457
91921
67709
69337
44777
46757
42589
35251
9127
63473
71129
73681
42179
23531
9619
6451
14969
33703
78241
62057
8803
89627
88237
76243
76159
50957
11551
14741
64301
63587
25603
34283
18059
15227
78283
75211
17321
70823
92681
41299
74719
26893
23203
55667
90067
11867
85751
14251
75941
197
76147
43063
72211
99139
62617
51787
47843
15091
7517
22907
37463
62047
19183
93059
22123
89459
47501
92681
16253
99901
2143
21977
42611
14827
43177
9397
81839
16339
12919
44623
40471
25343
75323
59243
20063
38047
1483
42901
56479
42283
69497
641
51193
65371
54193
69203
57149
34457
52387
35401
13259
9871
6911
32801
31751
78691
74717
74071
24547
16111
53899
37511
45491
10979
30853
67339
14327
5323
3943
39451
79873
75193
13163
11497
82529
20719
29387
59369
11813
98621
51593
43283
61357
27743
42557
38629
98251
23581
57251
94441
1951
68897
55619
59663
19373
46219
77029
77801
38873
34607
76379
71419
86323
90203
44497
62141
18353
94529
34819
26189
44797
3109
55487
31177
70459
26357
1223
997
14653
73547
89119
51383
94309
13831
92269
67783
74149
98561
28843
23689
61051
811
49261
76873
70991
61043
92221
86969
32633
95153
69697
56957
72647
23957
86813
84377
80173
33827
85243
62873
7393
44351
34283
73699
37831
99173
77527
5903
82799
44699
39251
19697
71347
41351
85817
29327
84181
10753
13309
20483
79537
30253
30517
32189
80603
9533
72467
41117
53411
45389
94951
9781
36343
58427
5051
1069
84053
71537
55351
48491
3209
66109
78277
33461
22787
12479
97169
42571
21599
90677
32561
71941
13681
10427
85193
94307
84589
43997
82463
82487
47123
2207
43777
47951
47137
15859
37537
39047
43633
96601
66491
81281
37633
38737
57163
20773
90403
27179
48487
80329
46877
23677
29867
97561
72101
30467
81283
33317
54163
75277
89959
64937
15661
23909
36563
5581
95131
90019
49549
97453
77513
47659
57251
6053
45553
24683
66109
53657
4721
38903
75521
70321
65921
99017
80347
20347
65867
75209
87427
167
53129
68023
38461
81817
79777
65647
7243
41983
64879
40829
86357
10847
983
35251
66403
57727
95713
81727
99259
61333
51439
42797
26357
70937
99191
94219
83689
96821
88661
44927
2423
79757
47251
37991
60859
96461
51977
52859
29717
85313
70663
8387
9631
2371
36887
27211
67751
62131
62273
11593
2953
6481
55243
2273
81971
35381
97073
51913
8179
38917
13151
69061
461
43669
12487
29641
4507
8803
70891
93901
68543
1117
60793
90523
13859
67103
72673
81971
80779
87103
80149
17183
26489
97729
38083
8951
70571
83557
95717
90931
82463
32003
6691
98873
13327
57131
99173
821
36871
8821
25409
78553
26141
17107
3767
72679
81611
30707
34883
4483
89767
92693
76757
53917
62983
90187
7079
13399
4139
45191
27197
10433
19037
19483
85093
59377
87869
22691
313
34261
46687
57241
67391
65071
89669
48239
58543
92849
82651
47797
49681
10891
82609
94099
25057
30029
431
60209
85199
31267
90901
57349
37171
69119
34381
73039
51329
17107
47869
7019
60331
15373
13999
81953
61169
16477
37643
43987
59447
94819
42169
35863
12527
32687
59611
67757
58367
71881
88747
1063
44281
51307
62581
35381
45659
94531
76537
72613
30097
66947
51263
11159
93809
30539
28439
91463
92489
97387
79537
28559
69263
38737
51941
36013
32203
83597
47059
15823
43391
79039
60761
12289
2267
34589
86981
93601
23609
98993
34487
47777
32633
89821
2837
50503
57713
34367
6029
84869
98143
39971
26893
68023
77017
95881
55663
20981
4783
41621
17581
93229
58679
94771
52253
54877
61673
34019
4463
83231
52391
12527
21841
84211
85361
63803
66373
82813
39671
87121
76819
84457
7253
30781
25997
18233
34693
571
8543
93967
88471
47513
46229
85931
83939
67699
19717
29077
21911
64921
57803
66919
709
11779
58897
26317
31193
70589
11593
81043
75037
4133
4729
57751
42839
31019
25981
8017
86201
23957
9967
84659
73951
47743
70039
94559
16067
16063
57179
48817
95009
81463
26713
53
58909
20789
6091
46811
22189
38873
93559
43963
9787
34841
56843
49937
68737
28387
62549
22189
88003
751
95651
90511
29483
193
32189
10069
62351
26423
75211
68659
31151
38011
14537
10457
26393
38327
51859
8291
25261
14653
31181
4649
45137
97499
11447
52181
99347
22961
2689
35323
93239
20233
67783
14321
49547
5441
79901
96233
3023
24371
25643
55807
24373
15331
94349
17327
53849
25939
50707
41609
84143
38461
64951
54547
20719
20129
59509
12377
33679
12043
2437
81359
8597
31547
30757
71237
29473
15619
30211
37441
72337
48023
34283
7451
85691
77101
57047
87631
65053
23971
58403
29311
94121
83269
1931
99137
73819
77659
11833
70621
93811
65609
1153
89917
13963
99371
55001
77101
73943
77509
76717
28657
30449
99709
10513
31649
70919
57731
17977
59009
13933
27449
89083
87613
28477
86161
18013
3499
2069
25747
8929
73961
60661
59009
39181
23977
11177
8581
5107
12377
14843
19801
569
18401
96763
293
10333
18169
44909
82571
23593
71341
38557
69677
63773
72091
1153
23981
19333
74713
9133
58111
38189
77249
21613
65287
45481
87433
47563
45613
10789
20921
27793
4111
1097
39313
80347
44867
43753
18787
4229
39769
5801
59333
67601
69677
17761
55171
40177
99131
53101
13567
8237
3917
3673
73063
49411
23021
91621
27851
57139
10069
57329
78307
43117
53149
71741
17519
77801
89899
90187
49223
39043
32497
81293
19421
25343
10079
38861
99079
47507
84191
60943
4871
17903
80627
79181
75133
50891
41023
53681
42577
51229
54869
1217
6947
58549
79333
26921
2111
28643
8011
79153
16787
24709
85361
69457
24007
8713
41617
7019
65419
82183
95413
18041
20023
65633
7459
37463
58189
65287
47717
76733
25771
77773
32467
62969
3407
61967
38201
75323
32117
72647
73571
1493
7741
72353
72893
6737
20543
24859
75989
74489
41513
33791
58027
81083
34471
89989
6359
33113
15083
16231
57793
16301
23827
95483
25373
90887
15991
38603
5779
41627
39313
21397
34273
10103
21401
85237
55487
85643
66047
17359
80803
15331
97157
59951
37139
68597
36793
80021
49411
87281
65881
66593
22613
72551
6089
95111
87221
62137
20551
1303
82493
27091
79393
90199
51971
1097
51991
24071
67261
54851
92717
19889
12893
36269
7019
1949
80923
98207
6199
81131
94331
92033
21757
38119
69337
2833
2017
84067
11239
42089
24439
11491
69427
8731
60509
24859
2411
19841
227
95003
37097
60077
23879
5431
64783
47543
97777
36067
91951
49787
80833
233
52181
43541
21563
60889
36713
95747
83689
30137
63823
17977
98807
69473
46171
89657
31657
55897
6323
74159
55259
24809
65633
37159
16901
27067
76871
36607
56087
56311
91867
23911
50971
37019
71809
23357
92041
31267
56527
44789
45707
49417
74707
76561
49741
10639
8017
93487
3533
82393
57149
37657
74759
68473
63841
6163
5501
18959
88499
66919
16127
9689
41969
10163
14207
5653
95401
73751
41809
99173
25357
93809
53419
98407
66037
10459
92041
21169
41
30559
17053
95419
96581
48571
50291
48533
19013
83777
70019
47303
18229
55163
35731
80039
42139
39829
23633
39239
32987
5399
29287
88609
74381
73847
28283
62003
24169
41843
22871
70117
37691
91283
65843
83591
21839
40037
70853
81097
20753
24533
16033
71167
33647
63493
47521
51503
44269
43711
33791
41179
45181
9791
47977
46751
74531
13477
36497
8233
35311
78031
13399
59971
5471
50377
15551
12541
5519
2963
91193
97961
77369
11779
3359
15193
40499
31277
36217
82889
24691
43711
10709
85201
34061
61781
28571
2053
40039
95219
15259
49789
52609
14627
3191
71483
9091
62423
23741
34819
21187
76243
7349
96587
58129
15901
25589
6301
61543
13109
97729
47279
13009
98297
84463
16363
93983
92033
2999
41659
84313
34841
14731
67427
53791
44623
39439
44549
22283
33533
1087
7069
17383
33797
36739
39841
91583
21937
33211
3851
4783
39901
45013
88069
52103
93887
59063
71473
68329
71861
25469
51691
97547
12899
58757
74857
32441
73597
20897
79579
15581
50377
99709
61441
26171
82183
31973
73039
60161
24419
1033
66821
8273
21787
61609
18701
3083
32603
48733
34183
71693
98419
31193
80329
62633
3463
10463
29483
12911
39023
19687
35521
20089
773
84503
54983
1801
72973
37507
94693
23929
21529
4637
92179
33317
38993
43573
35753
20123
70753
211
13499
85229
25349
6199
28603
28759
88807
58921
38959
1453
13259
43391
61223
15289
6689
11423
40093
86531
25111
49811
71483
1721
69061
12041
99079
57637
34703
9413
44641
66593
29033
18457
89653
5503
54419
44617
72313
88861
15527
18451
92737
36451
5569
3733
60101
46457
27457
4787
6011
64123
23201
63691
58237
61583
92959
32611
47911
44507
31159
93967
82793
27581
70237
6089
91081
92237
31687
37
17077
71503
62477
64439
1531
35879
18143
75821
40529
49223
24907
38543
25457
86287
69001
14431
41641
43627
91459
85453
58897
77291
29819
51427
42307
32573
5897
27851
82219
19501
1873
6917
81761
62131
42397
35869
89113
42767
14033
38377
35569
79801
32771
51283
33347
39883
36011
6491
55633
66553
15053
73037
1951
62347
61519
10301
90971
79231
95651
36313
76367
47129
2207
48409
41521
29023
65323
51713
59123
86137
53437
28879
34843
31033
52379
20297
41771
72307
19141
63397
1621
16889
73517
5303
81943
90803
26053
90731
12251
81047
33871
25999
95267
26053
3877
17207
9059
50671
71663
15121
97007
49991
45329
94541
4457
90533
84919
63559
65707
30269
17029
53233
3119
6229
91823
20029
58417
3469
36131
85627
38239
673
23593
51241
40609
14747
1511
5807
38333
77621
43889
2729
60779
87211
42433
5387
26431
293
6143
48187
65141
15889
54139
1723
30839
42323
67079
26513
80557
49757
67073
58991
9029
14461
43613
90841
60899
64453
63691
80789
67931
89387
35447
61027
4973
68743
41669
59629
33601
21221
21713
48473
82561
80077
64013
46757
98533
85223
34159
59221
52769
5939
30971
64717
64951
46153
22349
96739
25693
9029
9631
97073
37517
18859
78347
14489
21323
27281
36073
60223
48383
91297
53609
67121
16979
10289
73043
3307
59957
45757
31079
71983
47251
23563
17977
91493
90647
86533
91823
42923
10667
9137
74761
33767
16087
19963
44131
12917
94099
25703
63649
74161
67967
32003
25747
1373
77419
98963
14437
72973
69493
10259
44563
83341
1471
9697
2677
8563
41627
62939
55837
58151
75431
35419
77761
43997
75041
27043
20759
11353
36497
48017
46093
48437
35083
81611
89381
51797
76651
52027
86137
80789
24379
81559
15271
80747
51241
67003
91459
64489
42209
33773
36847
5189
9227
47653
14143
67021
14831
25939
2393
41141
83563
14011
97973
40099
74713
1249
44537
53881
84457
79537
80803
84499
20887
48163
26111
6263
34603
22787
65147
97771
12893
92671
77003
7829
8627
88813
50287
71537
32749
82171
65413
15199
75797
76919
10499
94819
39619
37781
30211
43037
67213
15629
94723
13217
9413
43969
89603
60373
83701
12967
19531
32933
21481
59351
12277
19763
16267
18773
36761
63737
76961
10103
29363
70327
1409
80831
96223
19853
65647
6421
10333
13831
86539
35027
10487
38669
23189
66571
28663
39383
39239
24781
82763
22637
39631
13007
88259
30113
72271
59921
58111
75611
4663
40499
42179
12907
81647
24979
63443
64189
50227
12967
98801
9127
8971
27017
49171
72977
4289
31387
73351
35999
8233
50893
88337
77863
16603
29959
56911
93719
2887
13219
40289
50261
1889
3391
55603
39107
12479
85847
62851
9467
16453
67957
80209
9803
33107
11821
99643
12641
20693
70079
81049
30781
67187
52567
24329
81439
60919
23663
76949
41357
30071
44537
85531
1993
44129
62311
99119
45827
97673
21649
24419
81163
30103
29401
10253
65651
36319
44293
7649
17989
14249
81163
41269
547
33713
13463
54673
28979
23537
96581
40471
73637
92431
85453
9007
7577
60077
68477
41299
76907
76597
24809
78809
3331
32213
76801
9929
29741
21649
73421
16189
14929
10627
13241
79843
34297
75011
68389
28229
47911
63823
1291
7039
85199
7591
97577
53507
9349
26821
65071
75557
38953
9227
36527
28649
2797
50723
33997
1231
2801
96667
24097
38669
93077
90641
6221
99289
21383
46679
83689
14431
69653
10607
55609
82559
98251
70327
96527
33923
1471
66947
33487
61381
27077
88951
82699
27239
26557
75181
27893
25447
13339
23327
76561
45817
35747
15973
79043
51803
15889
1103
39551
3533
65447
32423
78691
63997
18869
10993
85411
50053
16871
36161
64667
16451
41201
23459
68711
1181
50053
57697
44053
33889
10903
60703
773
11833
87697
51713
66179
92419
96851
97883
88211
24841
72911
13613
86689
53129
61493
58379
27073
48353
11807
49537
61493
77167
17659
1697
71359
19949
27611
90371
25373
15373
9739
55249
26437
87433
74177
5557
7589
32561
60889
49727
8377
81701
31729
88873
26573
14503
83341
16747
45677
95737
57191
34487
19391
9391
81239
26263
22571
96821
77489
16903
37987
31237
78121
79867
74507
61729
31981
86629
6301
64577
75337
92569
54037
95393
22193
18191
45823
15307
4583
64853
42139
31039
10301
7109
53527
95401
65687
677
3929
61879
25801
28393
42227
77797
22679
59069
17351
45869
47381
3217
44699
18593
80683
95723
34939
29363
13241
88327
11789
85933
5987
33427
79861
47977
87433
79621
91453
89611
26083
37991
40169
30271
68071
18773
89633
12823
96851
3607
36943
14747
18691
1381
98729
73039
33493
22027
17911
8513
42073
73433
85103
21821
51257
5087
36821
35759
30113
19709
94727
20899
96931
27107
40813
97259
66347
68261
73709
81953
34297
22063
88969
44179
88663
23143
70429
26399
56393
1627
37097
26987
84389
90313
84407
98939
88657
69991
4783
87133
53089
8081
20849
86851
72707
60169
56489
38861
8669
50857
13187
36643
77863
3329
72497
82393
60383
60899
65647
99119
70297
81509
21391
77621
21799
15919
70379
10139
12473
78311
16111
88843
16361
89371
36313
36151
89797
33329
32069
18691
52859
22343
2029
27743
96181
53189
60793
44683
25127
74923
83579
95177
67339
20399
84673
90067
65183
38593
6089
80747
77743
73421
34667
63853
28283
39979
61379
38557
13903
13339
11717
13523
71999
72229
95131
95273
77167
11261
33889
92693
19471
7907
95101
2521
86869
8839
36559
32587
57367
69163
3163
14713
74323
91253
77761
12409
64601
66293
89767
28031
11437
55439
59197
34603
88883
53653
15643
94849
84533
31769
67489
55207
24419
98251
27851
71843
96959
34157
9151
34457
99923
4751
82781
47387
88609
8311
9013
92203
42737
19937
68897
38723
39499
18869
42457
56737
41969
52981
13309
12301
59791
62603
14431
4451
14741
69221
33713
45233
85331
42767
61379
88129
37307
18143
52051
28403
71867
55799
54881
62053
43051
11003
75289
41641
97973
18757
37
23081
3583
13313
21517
32749
78173
79229
15161
75193
72481
45757
55411
74587
26681
92681
6701
26713
44071
33289
41189
10247
4723
72337
76039
70009
42701
25999
54139
72739
467
62939
33529
17321
66239
52553
15791
53699
46447
42611
77687
38609
32191
5879
547
75017
13109
55807
54979
57073
24859
63389
107
90731
61687
84263
33287
4877
14479
4129
2687
34759
51137
9173
86113
2383
10847
50777
7879
96997
51341
93487
43661
18047
71059
30103
74051
56909
6047
37003
68111
91411
78301
52223
30871
28411
26633
65633
88261
69371
73363
17863
53897
50441
56597
93229
42397
45763
1291
49627
67399
49991
94651
37799
37057
66931
9137
85607
66601
81349
48883
39989
12821
69697
99103
17623
91229
48593
32413
33827
42307
92861
197
46751
50033
92107
90197
27241
82939
75323
25037
13183
40847
33629
69257
26633
19993
48593
9041
86297
88589
24923
58211
63689
99133
22739
10271
16087
95317
5227
77509
88867
151
71909
50227
257
12653
15887
87119
65777
16691
72871
37781
16871
43331
51287
14897
71537
33809
98467
79493
80651
29251
34403
19697
98713
98207
95971
24611
58711
95383
53923
52567
25469
983
46499
12911
94993
64223
64693
63799
8543
29411
42179
50287
49789
20543
26417
66739
62017
28591
3413
18749
78553
52691
86027
17167
64927
109
6113
50957
99787
31333
82301
15773
46853
14503
13681
62233
32261
54011
49727
99989
83399
49171
61169
7069
27809
6761
60737
22573
89227
57397
81883
54833
73583
67867
91499
26407
86257
67931
44777
23581
43591
7027
44699
37361
21599
70123
20441
2221
52369
53657
3917
51551
96907
41617
56509
67121
42937
58699
62743
24631
67523
21577
59419
88471
94327
52957
79153
56773
5113
54493
10723
46679
60133
84467
54709
32299
68507
74873
96329
44537
18149
48571
87037
8087
52709
47741
87961
18211
50671
80341
34211
85691
65651
1483
29879
809
30757
577
3581
52859
13159
29453
27893
69337
12539
2677
1607
32987
80207
59723
99643
7349
27031
61751
80909
73039
31469
11261
78857
49459
2957
17657
68881
10501
44383
89783
65089
95717
78781
23957
6911
49409
40087
60331
42923
61297
67429
2131
35573
51151
23567
25411
67709
81559
2087
7879
46769
76679
86783
15731
12451
94949
6679
20441
42979
72893
86027
1783
25919
93077
74189
68683
14629
37307
64811
83537
83009
85453
92219
89959
92399
39511
60661
65557
23473
97651
13291
1993
46399
96517
12647
8209
76259
20201
64579
55457
75403
95089
21491
62723
51893
27799
22961
49367
18223
52163
55147
35809
60923
66361
82847
30529
59233
87877
41539
62233
44773
59069
49057
67477
6269
95629
98377
46829
26729
12391
38011
31121
79349
29251
20051
27449
16189
50441
53279
53077
86923
5531
31277
1879
11617
59093
91867
29429
5021
93287
67987
52379
7237
10289
51341
5639
34819
34687
48733
7841
63977
5059
1483
39499
66851
86531
10289
42193
28097
61987
23813
89917
40883
81131
32371
62497
34981
38671
55949
35899
91621
229
32833
75479
14537
80347
59663
66431
35869
37489
54667
17681
14281
61627
73181
72101
84827
77711
97423
80429
29399
39983
18743
83267
84143
36293
3347
31219
90527
87547
15667
49669
92419
59447
27653
81689
10729
57493
79621
9341
33191
39461
28211
46861
73583
8087
30677
88867
85831
93229
82727
9257
15413
38461
17569
74747
6337
8713
27109
98269
18959
16553
4957
7793
64271
27091
3109
1291
37579
87583
65521
98297
10729
75391
36131
887
72953
63367
98963
42307
7457
7187
32507
32261
11353
53171
47287
89119
63839
92431
65173
50923
45833
1867
93083
40771
7103
95467
56393
35963
91159
51511
30829
39341
72073
46811
59471
10399
38921
87973
99719
30187
72383
21067
25301
31247
20747
23099
66569
6961
16111
42013
21839
13577
29033
19139
37243
98321
49807
5441
36821
38933
55073
54121
20219
71143
56269
9221
76753
21179
13463
14551
48259
9343
78803
9397
62351
97711
43867
68053
82633
4639
76831
9973
26371
93923
4339
28151
54421
58631
63647
74623
1097
26723
42703
2207
69233
1777
61357
11927
14563
96293
6067
1427
19391
22871
34949
65123
63337
19237
83969
69263
59053
13033
72103
17117
34981
52583
12841
11699
98909
22613
13781
47251
73529
20939
73141
5737
73571
12479
98369
24851
38639
5381
91591
31319
4201
547
74831
50021
72467
46337
49199
13841
44959
34631
64693
49991
2833
62873
25609
43963
53629
33617
1901
37573
62459
85411
97169
24683
3109
40507
30449
99923
65837
13417
55663
1759
23159
89909
4679
46523
67499
19163
13751
28229
41233
70981
93703
12497
25903
27407
92353
677
30449
36899
17981
22037
2
68389
23857
79939
42899
5927
94693
78571
21649
96517
37321
90599
73561
5927
70877
83357
26227
56711
86627
93923
64661
449
49603
91283
85193
8009
47741
4261
3083
16927
28751
86837
80683
19541
12889
20143
4153
53959
13697
35863
57131
49459
59209
9857
83857
28211
28549
64063
1249
1949
18049
55733
2441
60689
577
77137
70573
98563
30467
71257
62003
28319
84239
47743
51749
60623
21937
7901
24247
50849
21647
26633
71261
2659
95191
11777
64109
56131
26407
7219
6269
19379
51229
51577
71261
93923
77689
28297
21227
54917
18461
30509
7309
8669
11317
69737
28933
60953
6359
66071
77269
95311
92111
24917
41081
77029
41941
97441
35729
44507
19051
38707
94229
4133
90641
48563
41863
88819
93607
10177
8039
9787
62861
63589
55619
44101
57991
9587
66949
10177
11117
40433
89449
48397
19009
49103
18329
89041
92461
30881
47809
19571
95633
40801
32009
33577
73277
72383
21937
63607
53117
58567
31327
68771
30643
10799
99923
63527
33317
50989
38833
79337
28433
72671
81703
57037
97021
17909
4337
81017
17851
73583
92221
787
13217
39199
67079
62273
52147
60733
82219
13709
23071
97453
82799
63299
87911
18979
22697
3559
157
6491
79861
42349
30839
859
34649
95713
87359
7757
79537
34483
52223
95471
22699
709
47911
84859
36017
22639
94477
14461
73679
40507
87473
22397
14957
59123
14699
58363
98731
51461
39749
33703
73421
70997
77201
86117
63311
70423
20071
76829
83833
91373
14741
60167
94559
49409
54499
18583
96799
41579
3251
51599
54497
19843
15187
41023
32839
27653
9547
90473
25583
42407
53309
96643
59141
8089
49451
53173
11777
7307
20743
44257
65701
311
26041
21149
21841
51719
44729
22291
15299
53927
62801
65203
24113
20393
99929
81611
69739
9413
71741
13723
42307
37571
91303
31511
82549
2969
16139
20399
37423
33679
30259
77339
46307
24197
58693
45179
11027
54193
17203
75533
34141
52861
3779
43759
45233
76343
78853
82793
31333
54151
94151
65357
39199
28603
2887
22783
93241
53189
53927
68113
79697
84443
73237
59753
82837
55849
83341
51683
3371
65141
25981
5309
6581
43499
62687
19289
79559
10247
82633
26459
94613
78229
51787
83231
67339
49411
76039
32183
92107
149
44381
89261
21821
3911
57367
57367
11719
4519
7583
58169
58013
41887
28813
22787
70657
53617
2969
54979
97577
39667
61031
137
67777
6473
10789
41281
9419
6689
98867
77081
6121
96443
20641
61297
97961
94111
87767
42443
94379
22717
68863
9029
1601
22189
66877
25801
5059
11287
66643
44789
37277
63029
96097
37013
96823
11527
76159
39703
39301
49261
43789
95009
41177
55849
36479
70123
14557
47389
8573
25343
83023
82471
4231
35527
76289
7247
13477
26597
97771
30707
59791
70111
81331
91961
29129
20021
15259
57373
93523
98297
94273
5879
29401
9901
13997
53623
93169
87251
35353
55117
17489
12697
47741
89659
86771
21179
49123
53927
33487
19709
85427
69821
49279
88807
78041
36793
65957
48313
8963
53173
32251
57689
81853
43319
52253
90031
46309
67139
80407
37997
9281
6911
43397
64123
98299
18517
65651
29599
53653
48821
62627
8543
27791
12391
13093
51229
19207
7727
91199
75557
88819
27947
39419
64381
51287
95063
14407
99139
81233
19249
22123
85147
109
42179
8167
45817
20983
57089
40949
37117
47609
63313
34519
10133
63617
31271
5987
69463
94009
63247
23417
10937
9323
11597
8887
83023
68161
50833
90173
64879
50671
76249
9151
27241
47701
83609
36497
65063
18461
98963
52571
48281
28447
66523
5261
44389
38557
30781
7027
30971
55997
8807
271
62921
26699
263
18553
43543
72973
85049
90001
17609
52837
33479
74077
1471
47779
92959
2837
70849
92003
71317
65381
56267
87589
21149
99317
32189
52021
1307
26423
44819
6113
42223
353
90887
44699
15139
98419
42961
73643
22367
12919
39371
47
24749
88261
77263
7757
18517
18899
79111
98179
58453
60953
4481
67271
94903
30047
2003
8237
52639
4591
83873
21467
91153
50671
76471
14519
3631
49669
32569
65699
89653
18587
77369
727
34849
12391
49919
21647
14767
94229
47903
11437
91621
42071
91771
32621
97499
23497
75869
31139
71339
76837
69149
23689
97327
24799
31891
74887
31583
58579
99191
23087
96059
64621
6337
51949
87641
10273
58537
46337
16943
41737
86939
32957
21481
30671
677
45833
51521
44771
37273
63493
11597
46523
91297
31379
79627
10709
24953
43067
35267
79817
42649
11867
23399
58831
97849
27011
47977
86531
70879
2677
78179
25307
65327
84163
38923
37003
65293
85093
51631
66403
8923
74761
12253
70793
11159
70459
42611
91757
98563
16691
37049
47809
6917
27799
21563
45677
61967
22571
53597
46279
64709
58367
57991
36497
78079
25339
99119
10889
69833
38183
78823
57593
97961
88237
84017
85601
7039
89939
86179
4673
42967
89431
317
46219
81737
17707
50587
70957
36209
75853
557
49033
7537
71741
41333
21433
68743
17987
5273
37181
96263
79181
34763
3137
12763
56009
51637
1451
13217
93529
76159
62273
42859
11971
38039
49193
48463
79901
7853
19417
92251
19289
1741
53149
1721
48311
95261
59771
8191
65981
73417
42961
59809
7741
1069
73561
10909
83987
44879
13781
66271
39419
37019
3019
36877
77783
84737
24697
13109
54667
62873
85451
59029
8287
44879
45247
21107
84449
15583
40087
92987
64499
28751
79367
31321
86857
41959
91249
67523
56893
20347
82189
25583
79537
59239
50387
51971
55127
19501
41513
51431
50377
92347
88337
72211
1721
4003
70141
35171
20771
21737
98459
42859
2719
12421
68897
6803
2797
28277
31063
51949
63857
617
44263
49123
73189
91139
4651
89659
12641
64033
69151
2351
10429
60397
70901
71293
20149
4241
44129
36007
22549
70937
56383
39229
3203
34421
83911
49069
58481
84697
18077
15629
61871
16937
29327
40507
38459
50497
4813
29641
61507
49613
31799
51283
88397
55897
31601
24571
49201
61933
8237
49853
39443
92893
23669
87511
7307
33529
36779
29567
2657
62057
15061
77713
46399
67499
56941
45013
64901
55927
87547
47309
9343
39511
41851
49121
68993
33457
8423
56911
50341
911
82567
37567
53617
96973
59747
7321
73699
41117
331
86467
14867
49201
34127
93481
10099
27749
73571
8753
8969
68917
96731
45943
58477
2371
83137
73303
7151
20717
85021
84859
98011
50741
65003
4877
32191
38609
61609
84391
42683
3203
67129
26189
58549
26701
80347
9311
5503
77509
37517
20479
75329
49409
11617
69997
85229
67421
22741
29137
29573
4357
24019
2477
57991
49789
5861
48593
41897
75253
65927
75707
19163
97021
20011
61609
93941
49223
38371
53231
61673
90107
32833
3517
92581
71081
13259
853
83047
37313
3209
36857
89597
60337
59791
70393
49057
4643
16921
36923
17627
77573
59069
85103
15329
24841
30307
66067
12539
68161
11117
22783
64579
34949
95219
38201
74323
43669
5323
36541
51257
47623
64577
269
43391
88493
28723
607
94201
45943
29129
92707
6469
33151
39563
52697
37339
44537
73783
33329
20939
61967
38449
80681
54727
41903
66851
78887
50893
88589
73951
25439
47737
71713
93739
76081
64633
28229
38953
2707
1949
42437
97117
57859
47623
50287
43037
47737
35537
80149
54403
23021
16607
2719
70991
52121
78341
89657
55343
11437
83071
35803
51907
69821
87523
1553
73133
9497
62701
94201
21013
32203
72577
75787
15299
90833
48761
50587
90631
44563
55837
77563
49417
99991
2521
16661
22283
47237
71909
95441
37181
36857
76829
69143
2221
49633
40151
3037
21773
75253
32999
72287
34847
40423
60689
29531
28097
55807
8287
99767
84673
97463
49999
92353
38833
85037
54983
32587
74531
21893
37243
88993
49927
15683
67709
7621
46817
99367
81283
50651
97859
28499
33083
70919
31541
12239
59011
79481
4567
64489
41227
31991
2887
74759
92041
26171
70667
89959
17573
21871
69877
13109
17467
89231
66271
4969
82793
82361
12301
193
53759
601
35951
52543
383
24443
94849
47917
26459
28351
50311
22787
79847
14411
88397
32717
33769
37087
65029
32531
88807
35747
18911
12343
50647
19751
39581
36187
79139
29411
80449
12527
4789
93487
87473
78901
58441
86837
29021
58573
34849
35149
23873
18493
36389
66221
86399
79111
70639
38671
50021
58441
61781
62791
74287
81373
53591
43649
79873
37483
52783
64793
30307
12263
10993
35081
16529
25031
2251
21467
38867
67523
14419
9413
63317
43649
33791
63691
2383
52981
85531
55817
16547
38177
40039
59207
72937
92893
37339
51203
10193
75161
37049
17117
54983
16921
28729
88129
41603
43051
19183
54941
17449
14437
65203
54679
23857
15443
32323
52783
47123
42611
4241
65677
9491
26927
32783
51797
67943
18223
64453
42967
2713
6781
56101
11497
91573
16693
71263
92401
70121
8543
12203
77933
5827
39761
19183
6113
78977
34141
66593
52901
80963
95093
96431
61871
18401
35149
97441
20959
34919
21347
2161
73943
76379
38749
33469
10837
10163
53113
63127
26921
28549
56873
54001
51563
2837
29851
68449
71947
5657
84059
99679
55207
79063
78467
85081
23209
63361
6551
47947
12823
9227
60869
42409
67421
51797
46451
30259
84017
64793
78941
49811
55813
42373
26987
94559
55691
26573
31177
75983
46447
33403
7297
68239
68521
2837
15359
85817
57641
42499
17573
74449
71363
13381
59011
16139
79693
5077
43961
14143
79309
77587
75079
30161
62921
41131
86243
21323
44699
80447
8231
39841
11299
24281
14627
52291
4139
76781
41387
62939
56767
75041
81343
36469
37717
31223
88771
22541
43201
85517
9859
51503
91673
38609
30893
22031
99839
62633
70183
16759
6599
7547
44959
55127
51263
31219
93229
62731
21001
75683
34369
85021
72467
95911
35149
11057
24767
63299
16057
39703
8513
95191
33619
56941
34607
19417
73309
82549
76129
77023
63463
16001
26479
35963
29789
77761
69379
13441
70489
26227
97453
78889
48661
93683
65921
36319
52543
85213
75617
87961
58451
78607
31033
28657
14891
53233
31517
44129
13339
8291
68813
85751
47881
7559
19867
96731
2521
99829
70969
36251
80777
73243
30271
39419
49597
14887
44221
54193
3187
75883
93131
11527
14621
2749
79973
44293
62047
20707
50821
20333
20543
69991
73141
51973
60101
51977
89909
77243
75307
94099
8297
12391
31981
76961
67619
80173
77929
27529
71887
24781
44617
98101
57047
52951
15607
51199
70687
88607
19681
81197
36809
39509
75337
73013
90847
9437
44729
49957
29437
95911
74297
5273
64577
48781
96167
17117
55219
18661
22433
37309
78823
877
84631
97007
43627
38653
27799
139
82469
1907
38977
77551
83737
1201
92671
40879
22307
139
66491
96851
85531
82529
14897
46997
66617
8831
16141
50153
71153
65111
70717
83389
27241
55373
91129
4951
77687
76597
53881
63377
12809
51929
20323
1997
2617
93923
49783
577
4651
23059
31517
49199
7
89069
39397
30169
36383
47297
44771
23981
19447
93559
11807
56591
32159
74653
56249
99881
25373
5413
33317
18253
70589
95131
42853
21031
46147
3229
81223
12763
67511
91183
30197
17911
27611
18793
96787
75511
1657
22783
93103
38177
10079
56431
50387
4999
62327
90203
39139
66713
4177
38873
4091
2753
19867
22921
64667
41597
72533
81563
70991
31531
9619
75641
96823
94543
65183
9161
75721
35537
39343
71261
97919
25939
82219
78569
7481
26893
23761
47837
86311
84061
85439
61657
44383
78139
65497
44543
79187
55061
27751
47791
25409
85429
10657
17401
16063
36887
2111
44389
5021
44729
90059
79777
41513
57773
42923
60037
65327
82219
56417
81019
15299
88789
8731
92363
15073
20047
59357
32503
43237
8443
35747
39709
18143
47981
971
13003
43013
5737
13337
21317
43777
14107
64853
55163
80677
34061
35447
96353
77951
28649
43933
20639
24103
64763
59957
6899
69427
10859
20431
66221
79889
44867
92821
883
84961
32573
68213
19993
22409
7177
16649
50707
57559
10267
13007
35027
38371
93001
76207
71153
24781
58393
35837
87179
10993
31069
29207
40063
26759
80681
43661
35323
3221
89317
65171
61909
66931
2287
15809
33749
72931
77773
88069
28547
70481
97613
19763
30133
61091
54629
70607
64489
86353
76871
71023
12281
76537
76873
17317
60083
47563
40253
18899
10973
20269
47459
84809
71711
32411
40787
47207
42589
58061
15149
50951
30869
93239
33053
73039
21467
22067
21817
84559
21943
75169
78427
52697
77023
49367
51131
15227
14057
44843
80341
9743
77137
81943
16943
76079
53101
92767
20879
95507
32987
94993
73709
4201
44089
65269
1783
4219
5023
79621
10111
71809
28729
37561
57397
45361
44549
11489
3833
51971
73459
1993
9467
57329
47939
65089
59887
99377
97423
53419
73013
27437
85037
18127
81463
49807
331
77167
40819
89227
35507
72649
57781
43013
63521
41513
62383
54377
28949
7411
50993
6689
62401
10487
82657
62297
37811
81013
60091
98327
24103
69899
6067
4523
27253
20533
1901
2347
92479
10271
42989
66643
32971
19301
77783
44887
20743
86693
72727
61613
61057
19421
4271
12841
661
37447
26947
93497
59557
19507
26083
65419
91921
98663
32507
397
59999
68389
61253
75329
70913
74353
23197
42257
149
70849
14627
263
87701
11519
15287
49727
91909
53441
26203
34369
3803
38903
10861
91253
89603
78721
3373
28927
70639
23431
22067
74021
53149
42737
51503
72019
16937
97397
54833
28211
84499
95813
95483
7561
67843
78079
46853
28537
43261
38053
57203
61667
81517
62897
27611
15959
72053
89809
82013
59887
60689
44879
89959
19819
41047
3229
26927
80077
4969
5683
75967
31657
45979
25169
14639
45061
31517
4177
81359
84857
82913
71171
50093
73387
72871
75337
51577
38639
79301
32369
81173
20849
5107
65839
26479
88177
14827
86243
82591
38167
41479
45061
29917
92459
34649
32933
48197
18917
2341
12073
57977
74177
58309
88003
21163
15331
18869
30949
82471
50383
96553
82141
45589
48953
20327
42101
73477
80809
51973
66877
15889
84443
38393
55889
58963
37963
38833
34877
76603
80141
97007
79901
48991
41719
52697
59651
72089
66137
47407
89657
17939
15739
467
9007
73757
11467
33353
66877
12197
49463
56633
43441
37463
87317
21179
63743
60961
62417
85109
96179
12619
66463
36943
88747
12011
48751
80021
37369
971
71849
63493
45083
54151
85853
71887
25999
39847
18367
38671
16567
72277
79273
69191
13063
52051
41177
14489
5087
89413
42701
28477
76697
4483
22501
63103
44729
32797
10651
8933
39089
99439
13693
22303
74159
56179
10037
8807
401
883
19013
26111
63527
8893
82241
65609
43913
91411
15461
40519
34471
72161
26053
24469
84859
28697
22027
8923
13687
57991
62497
35977
95791
22943
95923
96221
52387
97609
95987
75743
8929
95597
47093
44171
51659
41897
82759
43889
81239
22343
55457
42071
57853
37243
92761
8191
99131
51941
30187
35111
29437
56369
35149
70163
28447
26783
86413
51659
10739
74377
87281
53401
3163
19139
5333
6277
70177
38183
84463
72229
1427
49669
13619
14503
61121
98543
51827
58129
77591
27437
26293
89963
6271
74219
2039
56477
90547
99707
30113
82549
37993
67433
92723
52369
34159
73
34519
38393
64633
29567
12809
90373
41213
41453
77291
57859
9137
64891
75557
8707
10093
23689
9829
42293
67979
3023
19157
24419
76673
6047
3529
37991
2221
62597
58631
71909
30293
3191
65029
1709
13831
15901
42967
74941
84047
69847
59743
89329
50549
2411
20389
10159
18443
39451
35591
62861
38699
87751
20441
30707
3229
8117
32579
91139
53813
44017
58237
82039
81737
44357
87931
80207
51407
34877
76039
20327
90931
23819
29209
19207
42337
14891
77551
19381
4931
32057
50461
18059
35401
67987
13463
11981
90703
44537
28403
27737
73849
18583
10891
18493
72547
53917
79901
87443
97829
47527
2477
75041
10093
37
32341
33107
4519
57059
88237
11833
79481
92119
97379
40709
36871
42433
60757
99259
1409
14011
44507
19181
82619
55249
19457
62563
19433
43319
88801
90731
26479
7309
51361
15137
64223
84431
32783
13711
5507
77999
24019
16427
78317
88499
79889
36847
99721
69257
24137
49339
84701
24439
26261
58363
23131
11987
2221
83471
32143
26693
75913
32051
51637
13327
8513
829
9413
26713
15161
76991
21011
45319
29803
6263
4673
45641
43223
61441
20627
62987
60169
14897
62213
44789
1427
69191
69691
11083
56687
79687
29327
39419
17477
33119
77153
71347
11621
10169
95617
44053
14251
16229
47237
88741
99089
95957
46279
97501
79561
9539
601
77491
79201
21017
92693
35281
36527
38891
99623
76649
67901
96931
2803
71693
19373
21391
89657
43997
56101
66191
33179
433
94349
6679
64817
25981
79063
13879
54413
53069
11027
31327
23081
73597
98779
78787
46633
90437
88807
8513
56383
88177
81331
51109
421
82051
77491
98981
47717
74687
71633
11699
83077
2617
96979
36713
5573
821
22721
9689
99133
78707
8171
95801
95959
27211
57719
36749
64747
14621
419
75407
19753
85793
99881
85381
29633
8741
87671
8573
58687
13751
51071
53951
10847
34297
30689
59341
94873
35993
30853
66797
35993
19889
37019
54721
24151
81043
22129
29717
12277
5641
15401
67819
48647
81293
32713
83399
47713
45263
56377
98873
57347
28661
82219
99551
41183
54121
40009
48281
17341
47279
8171
20747
87119
63443
32309
40213
10597
44119
79147
43969
12161
61129
1321
29671
69557
641
65843
95257
86531
14887
8111
1483
58363
64613
68437
74047
8539
859
44809
48163
97849
95239
66553
21227
50221
35023
72467
51473
25913
3673
5479
36973
44893
66587
47843
7591
93131
98893
4583
78137
61343
74573
86243
40993
37693
70997
39139
94543
44293
71419
3061
39503
24989
78193
14753
60953
45673
92377
26111
51659
30871
3889
8311
10567
24847
20047
51203
68633
35801
20269
22727
51461
97381
1117
64187
45523
95443
48623
18521
70951
28309
16927
4093
71947
48857
67867
88607
60443
2251
91243
11083
88397
49417
76907
43609
23297
60887
2273
79943
5987
31741
7547
90793
6959
17891
9623
75709
397
85469
70879
15683
4363
34031
98711
51047
9587
39901
6607
89269
6661
61091
97771
22147
8971
48299
29629
31151
86843
10247
26249
54413
7369
72251
33871
73009
22079
30817
48973
20771
60727
63073
70529
76771
17191
77081
39089
27947
70321
52103
16433
37339
95213
67807
35069
31729
1151
16921
19231
74897
19001
87481
42929
73849
49843
4003
75391
47501
10457
75169
59723
34603
12377
64403
24967
50581
50231
7393
99667
76343
62929
62039
42863
80831
50723
79279
23297
49177
55529
15991
57383
18731
40471
92383
5413
74357
69737
71917
82493
1559
21001
21727
7351
78041
95401
18143
3257
21017
40063
15121
37633
12149
8537
8501
55213
66491
89231
2267
41411
85817
38557
99371
46153
46933
36637
30011
5413
66697
24527
95191
14489
17681
49529
39863
43577
55243
63361
25609
15809
60383
31687
81769
18979
26501
76991
18691
33751
80809
8669
15733
17959
32611
9817
93811
69119
68447
13043
84731
21277
32233
77863
52057
33529
31081
13291
88589
887
41809
38729
64451
8513
67631
50539
92821
3203
11969
69371
27697
29641
9001
48091
52153
13147
7517
27893
5743
90121
79841
54521
3181
55229
51431
4219
8461
14327
98869
94849
3733
1619
66713
30577
37591
74017
14831
65129
81701
58111
26297
36217
359
34129
23321
92737
8231
62827
60757
35069
36643
36793
55009
50539
99259
29207
96479
75289
48409
47297
18257
20939
31513
64709
62539
77999
69383
69911
46957
48593
85369
43801
27997
28793
12421
27763
11681
89381
33773
33589
39503
15131
7351
2687
20173
77477
89533
14369
16193
32321
56101
58537
82613
409
65293
1321
32189
971
39623
32771
75767
14783
6353
34847
35801
85213
35527
80071
65497
24223
80809
50549
24023
8233
86461
8269
17341
13553
67819
21601
6199
71711
36241
59453
77047
43781
86561
22699
57773
5839
19319
4139
4357
12479
65437
35407
44119
563
29137
60901
19583
44269
92957
37649
75853
42677
90437
12973
20021
59029
72551
84761
96799
5801
69779
53327
39157
12227
29201
12143
90289
571
13331
57737
39499
38461
31477
88379
1931
30553
83617
22871
89417
60901
67349
37501
3821
4271
87149
78311
16871
91807
49157
70001
33773
95471
88897
75583
38039
65719
86461
54361
53819
90023
36151
19423
98543
97021
81463
30631
16651
22051
40903
91033
88969
98561
1277
48973
62971
20407
95143
92683
15331
95191
4561
60353
93763
4007
64279
89783
43853
7229
56479
82171
31321
95651
24989
56417
17041
18503
76249
5839
22549
31477
71059
25667
26801
40559
9151
1187
75721
3547
38639
13781
20707
1093
68239
56081
66947
41903
42989
50549
14867
43867
14251
19793
35401
13367
41579
91583
2399
53117
58963
64109
69491
26893
39251
95131
48799
2221
94201
79423
46819
91397
19541
41893
99377
21013
15443
8269
65839
27941
72707
95111
99139
74831
61909
4111
93949
90371
94309
9719
58243
94573
50581
32797
37447
11731
1193
5347
45061
89363
41351
41813
84017
23557
45569
2447
37223
97841
15739
16691
77471
4861
94079
10321
42437
98897
67807
3347
60617
617
75883
42839
20117
91151
28069
24683
77339
41411
83023
33347
59809
42101
90863
37699
8081
26161
14657
66499
51941
45523
73237
47123
45197
59611
76129
6047
59281
49531
8389
1039
25951
71987
32717
68491
6089
72287
57593
50773
64781
29179
33023
52859
78893
53089
8161
93427
35291
22247
27779
90023
92459
37963
65543
1663
85691
70589
77447
57119
11443
88007
62743
85331
2963
6299
22193
36821
61819
58169
91249
89153
77689
70223
85021
61331
58049
15149
29443
70991
59929
51971
39397
42223
59369
31051
87253
14887
86491
51193
65309
32999
89513
78241
4397
40903
24317
15817
77191
81553
6637
23087
35051
24763
58393
84443
94559
24809
67891
28439
6277
59209
77261
23531
81343
51361
94153
77569
16141
15289
87887
6427
30133
73277
33629
63667
22901
24847
20749
42179
39581
12613
63377
76991
60601
4651
51691
36037
44699
50459
72227
81671
23
67049
45389
43961
30971
13063
68963
60811
6073
65587
50273
16451
60077
30517
53327
53717
1619
4871
22993
52127
68227
62753
48731
53657
98479
25471
87833
4969
81967
53927
67339
46027
98101
18301
39371
37847
35159
41659
28349
10831
51673
33413
45061
34843
15737
9403
70067
50287
22543
93253
67511
24071
83843
56249
23417
86993
58631
89329
1861
60013
99241
14639
3889
24593
23629
94207
90863
17579
19759
84247
1949
103
86201
60601
95467
31177
29207
18661
92503
71089
81517
86533
30841
49253
19993
63997
55213
9551
75937
41203
60761
59561
67961
91811
99563
73607
52691
57571
54799
60811
86069
5519
443
58991
65657
90511
24907
65827
65929
23873
55889
41737
85991
12269
48563
65927
1667
3907
48751
40709
59273
47381
37363
5279
93257
39019
90469
41387
14071
94099
36277
49003
1229
99571
33941
51991
30757
20393
48869
27817
48197
66883
22907
23339
18133
83477
65003
48271
94621
60937
80471
16363
57559
61519
8009
76949
54521
75583
19183
83497
29137
3697
50321
727
45343
92987
20521
20201
54779
9319
96323
97423
3547
29683
77417
8087
84913
3779
78017
65587
72497
31333
35731
44701
54833
79939
50047
43933
10733
81097
19211
13297
24799
1471
9931
3023
99907
20749
6043
71867
95603
38653
61007
77167
73883
59093
15661
16057
46567
9421
83609
25237
96857
27449
56509
6367
57923
93427
59221
18451
74821
47459
93523
57373
9001
3061
16741
47111
1549
31517
5507
45317
98669
12641
63667
97171
20749
1021
74857
3929
25633
55049
95987
9161
1847
47041
18341
34061
56813
94229
13313
93557
94477
17021
93131
70621
77047
38113
56131
18059
26987
44983
63353
43133
3919
46703
431
8747
87629
97463
24137
32911
75527
46703
58441
76631
58229
50291
34583
82463
51563
81331
57193
2887
56807
19477
31721
9467
39703
79609
51427
51827
93637
7213
76379
15329
77237
63277
44641
51193
63809
21773
20959
14951
51203
78173
78623
66383
56527
19709
79657
55807
48157
52691
14699
73673
36583
92119
34369
71059
85331
54721
58763
41351
98377
39953
42473
25741
52433
44531
75227
70381
11093
23957
65183
26947
61151
57587
65851
58601
23599
77431
32257
80107
96661
81083
51907
46601
13291
27733
31327
96017
66919
35129
46441
44357
30323
30449
69439
65167
36877
67957
8263
24571
1597
78539
15091
65063
26863
35327
48437
79873
61403
107
48409
51517
3469
62939
48029
2069
25801
83357
55243
76507
73699
14533
98689
39989
17299
71143
4973
59399
37313
81749
14813
53411
62929
94949
89689
45763
41777
42157
30269
55339
941
58321
64601
90379
89261
69737
97609
19381
13421
76261
47407
49603
6337
1409
87833
78259
94889
79861
37253
41969
83459
11161
18671
22159
63809
38281
74653
75391
50993
26839
23719
74357
70379
24049
5393
89443
14243
40289
80513
21379
65551
68281
82997
34127
87559
1223
61879
28411
12829
2371
5347
20359
29717
6473
7573
48563
12503
7393
5779
4451
26891
85259
92489
71647
64849
82559
84307
38653
67021
46199
88651
75037
50101
18457
83869
18797
16883
8713
42197
31649
63439
98711
31019
3833
36529
49223
15193
85199
20389
17783
38783
60757
61717
67057
86311
17497
41953
37663
83339
36607
90313
1601
52267
23663
30493
41117
3299
89119
11959
70117
15233
83843
25373
60449
3391
5923
32633
76231
24373
48437
28201
57163
80629
63697
35447
91243
1999
40697
27329
48619
56923
29761
20849
66853
4289
52981
86539
29453
49043
49727
59621
40289
2551
35809
61339
27953
56263
67801
14057
991
2777
77549
63841
71849
2503
21163
51713
93481
9497
47533
64451
9677
67409
41809
51217
88423
14633
41771
60761
16747
75013
87517
8887
4231
45319
24179
16661
52879
4001
75353
11117
2699
66587
94513
58537
72701
59671
37423
74653
24763
50581
8831
41231
13183
89399
47147
64037
90709
94793
75133
39989
66191
40897
14327
2957
7547
69247
56989
38867
55049
72109
17657
32189
76303
47221
93151
9721
83423
74231
32371
8887
61933
36563
8461
61949
19927
7757
26107
17627
19979
66553
14563
2347
21929
82799
30307
24179
4129
98597
68161
29599
33637
39667
24767
16319
90107
28921
78853
44159
85571
34217
9623
60259
23003
58271
88861
39727
36571
85027
97859
23557
60761
2957
2017
15497
62497
77471
21023
76829
92921
54563
89917
15473
7109
85669
16069
1499
32537
6089
64063
97397
92363
75629
28643
62191
83383
9343
79801
641
60659
90901
46889
13249
59513
48991
83537
80933
96233
33317
80737
34819
85571
94747
44641
18553
2957
27527
52363
50359
67447
81281
20051
63277
21961
39181
29333
53407
1097
76847
2887
9461
16453
74561
76873
77711
80209
6229
23053
37181
59197
21419
74293
11257
60917
99809
21557
35437
15473
56149
74897
36383
3917
70687
57899
82891
179
61547
39829
91711
80833
92357
42667
52817
99367
63761
38767
58963
97369
32719
86011
66919
35227
32303
98347
4021
45361
39869
62981
42557
5233
30223
29027
1367
43291
57251
58727
3467
3361
2917
32027
24611
42061
46919
81727
94151
84967
99829
70867
54917
45403
46411
39301
34171
83813
72109
2207
95701
43237
83219
52267
24943
47741
23279
86951
81097
74897
29669
36263
82759
509
39857
5521
31799
30211
48479
53353
4801
99689
59693
72307
58321
90217
13751
71327
62189
34337
80749
78487
88589
81869
15913
80149
61027
3049
9161
44449
19861
30211
47339
1619
46141
84349
16657
9931
6917
12379
39887
4783
7487
63409
35363
68053
29959
39563
42473
25447
31957
92111
70729
40627
94439
66373
14683
99787
76213
28219
15667
94219
643
55411
20047
95003
33739
48341
97387
28277
67619
33889
19447
19009
62327
75883
58441
8231
20899
51839
59009
86183
6373
15173
263
21491
22637
32647
19583
12163
77261
3203
41381
1381
56983
10091
58231
45817
8431
15619
77291
78259
39241
13901
2141
8581
61657
39317
23081
10663
68791
11677
3253
5581
85837
71483
73699
68389
29207
33623
84017
12329
40087
2447
26591
71129
11443
12269
93407
66293
26539
70067
44207
89939
48497
23557
45319
67447
58967
89329
86249
1471
62723
26083
1087
49157
77471
2539
52879
77849
44101
87011
19979
23311
1231
50287
86293
72271
61657
28843
7823
12301
75193
59107
44773
68207
74197
191
47387
45979
18413
47147
461
26309
48991
40543
75431
21013
89519
41479
32831
4019
81019
55457
24223
15443
44273
83773
98057
59083
19469
1229
72901
57697
40829
76249
1913
10753
32803
10687
47149
21247
94889
9623
91129
12409
43973
42491
29723
65609
71569
36341
35059
70177
48679
38783
45659
1217
22279
7649
67819
71983
47459
49451
20707
14657
919
94781
85619
16843
53299
29567
75407
50957
82657
19919
51229
45853
4969
48661
50647
48673
16759
46147
69763
50497
90679
10903
57349
5167
68899
41983
87481
26107
6211
17041
65357
14753
63473
47147
46141
38651
84859
11057
22697
7127
81001
503
26597
83987
80831
47161
55049
58217
49783
4597
54787
25673
40637
14083
87539
24763
48079
30253
25621
74161
18401
35279
67567
96907
50047
63067
56519
13513
64871
55439
88853
9421
26053
51941
35951
72551
95813
39161
47599
51551
4493
46451
68261
26297
269
58151
97021
229
39157
31379
48821
269
79151
90371
4013
6271
17351
6073
54323
97973
48859
55163
98041
19997
6271
93739
34381
45259
58109
96661
53269
80629
21397
68141
42839
223
53453
89273
33529
5923
7829
17183
55411
42487
92237
75731
78569
34501
60497
96671
54361
84551
94543
89381
14983
18719
38723
51683
60617
63317
46817
34847
10627
91951
8423
27581
75083
83431
7321
41549
51521
283
58549
62563
82811
61007
67427
35279
16381
56951
95819
44119
26849
11681
90697
9601
9623
71153
94201
53353
93133
9547
16921
67901
80819
41777
41777
89071
1187
22783
25759
9857
22147
23209
19051
37337
31817
16843
85201
25301
67961
87973
76283
23311
54631
52879
41659
14723
77899
8431
51193
51439
38639
55469
87547
92503
53731
30313
11867
80273
13649
42221
60779
60527
7103
8117
27947
62581
4621
6217
5639
85661
75017
1091
88093
78479
7829
32003
5227
76991
33619
58057
61091
79031
43427
75503
58909
25609
97777
14503
98257
94439
16411
78041
84263
83227
41981
41729
62987
3371
64231
46261
12451
45497
64187
77689
75227
41777
83903
20897
5639
45263
84947
10433
71191
83869
63697
98009
87317
89371
61991
73673
39293
43133
37693
10391
41017
69829
85999
2129
68597
1753
77569
11353
88861
87443
46919
13463
5857
63913
90469
53381
15121
87719
94933
98387
34031
65327
45491
26449
97789
71153
68099
3557
70079
78787
49117
67261
85133
44633
15233
18371
63521
31567
6089
3181
61991
70327
92269
1567
37783
38201
84011
23227
34843
15193
41539
35317
74177
19087
57467
22549
86837
87359
5003
16903
743
56681
90163
91229
73589
79159
8609
65851
74161
38713
18521
62701
64817
26141
24419
59167
27031
41687
56087
907
95819
21991
89107
59077
3571
43609
51059
54319
14143
81551
4447
27043
32707
83233
57059
26339
239
941
85933
40231
95707
56299
39983
16481
13183
29429
97441
86813
57973
179
87629
35831
19379
60757
71761
29867
13337
42179
11317
9127
70783
45343
49297
26893
18433
95891
71233
55663
5821
98207
36061
90191
52177
32573
20639
12487
92173
80603
48907
48397
33941
68633
66103
19777
26261
98317
43543
4673
94649
60757
49877
15361
42767
11941
26861
40189
51607
82013
71023
23981
24169
48661
54647
65839
24407
73693
7673
29363
25621
37549
41221
39191
73483
26687
44507
49697
13183
91967
14293
27779
35969
64633
80749
1709
7577
31511
56087
75679
16763
95723
57899
23753
55619
33317
3343
6857
40087
30697
13003
44171
37441
35531
87751
83911
56599
25561
93487
79231
62003
47819
16361
37361
47309
57383
65179
54049
22571
78797
46703
43987
76801
70309
23567
68141
13463
30323
83561
90709
16883
82307
86491
24683
65497
47911
38611
58337
41
4903
11071
55049
62653
659
29287
52457
69389
36217
37369
41
58631
13183
55933
88667
6271
9511
21701
99611
21187
92111
86573
71941
67987
23557
68737
20641
71081
19541
76367
5303
60943
16691
28031
82349
62903
97169
67153
29243
77719
21247
26227
14153
57139
65581
34039
76757
50153
89317
21523
62311
27997
35851
32233
37967
26723
84857
92683
57131
82787
2683
97007
5209
1307
66239
87013
82307
1151
11597
21673
22369
52321
80317
21841
79669
93811
70321
60107
71069
82601
62017
64091
431
1693
1951
43189
49789
47903
15349
21739
25801
6247
75883
22277
12973
32719
79561
62011
83423
73721
86689
38371
10259
62971
30697
86869
6959
643
32237
39317
28181
38119
73589
72643
86813
80629
92387
25447
20879
61871
92347
15361
65257
87473
41443
12953
2857
47497
70627
91283
54449
33641
14431
5953
43411
41213
56999
19819
81083
70177
18199
89477
7559
32353
52903
78779
48907
59743
47351
42533
51949
51239
24121
93179
1571
98327
94427
31333
97883
53353
48449
36389
72689
77029
79043
20551
167
90901
78791
3023
77687
57787
51949
97649
98473
32999
34429
34211
61253
28279
1499
51461
25013
22369
70099
95071
47809
22051
5039
47149
74933
70823
74257
32939
66959
44753
99643
45289
29201
98713
49787
1747
40487
23909
39419
98849
68897
1051
37493
21589
82837
95507
89963
6451
12101
44777
25111
99497
96851
36833
37
91577
16253
44621
79273
80209
18199
15809
5393
2459
64189
41771
15473
17417
48247
20959
48397
81533
79997
96457
69497
14621
26959
70901
65563
79979
1697
53189
34313
547
70849
14779
73823
9931
76213
46451
49171
9491
46679
67021
93319
74869
38569
79493
25873
15887
40577
40849
50311
19813
89681
89797
70867
29581
31769
53407
51673
37049
91369
3433
67339
18517
10477
131
17609
76213
90127
15887
19379
8581
17099
87683
81299
71471
74713
43397
39293
6163
5441
87557
4457
27239
9643
13499
11593
67741
92681
71473
58979
49807
25951
27277
22877
81637
80231
65551
5477
49529
54601
41851
24527
29077
42701
11437
73181
13291
57667
18451
47623
49477
28351
14783
40829
56311
46957
6011
63463
60649
26927
17359
22133
70583
35999
21589
51853
57899
45179
85303
99497
50543
16843
12401
59357
3511
53653
81083
88861
40639
36061
50587
70663
55921
67153
47713
73453
81083
55249
39659
19991
48611
1459
2671
35899
69203
4229
91283
12163
87683
11939
34337
35977
98669
42437
5569
84181
89821
57641
56099
95581
8461
95213
65183
32327
61463
30937
7411
64067
52697
10429
66973
15511
45259
42019
839
66949
54101
42863
28211
87877
45841
23203
32083
57037
24083
90071
29063
75431
98411
57107
3877
98809
75079
47591
47951
41621
90401
11027
977
52489
28729
47317
55339
21647
54517
37201
89491
53897
13831
55819
46757
62581
13477
11471
62099
919
17377
20983
85517
81707
35983
2281
58741
20399
73141
82219
69221
94307
34019
95311
86711
99643
68207
25997
85259
96469
66383
41813
8747
4733
61667
48487
93169
16883
57467
94327
283
40487
59399
16921
28697
40111
40193
86381
67961
24239
47807
74383
15451
60103
23017
52489
86929
50651
96053
37571
65381
28697
4457
87721
38603
8233
52813
10627
40637
25457
28871
10939
80897
49787
2357
61027
62483
66593
4957
62467
84229
3947
47129
64633
84221
36997
69067
87719
51481
45427
37441
39163
61637
55931
79907
89833
17327
97007
7529
6883
32941
29339
65837
88657
79861
96259
49433
64271
3793
12157
33641
70183
90239
43427
51787
42491
80051
99191
85639
57131
18959
52201
24889
87011
91781
9227
73529
94561
65599
58831
51487
79631
60089
61687
35591
59417
78857
73043
47819
1783
87721
73133
55817
92347
40763
92987
48751
29059
50957
65993
94007
57287
19237
80141
79531
397
6073
24133
19181
2207
64871
79063
84719
21673
4003
20287
39047
53189
56113
24329
64781
92503
7247
42433
40343
95087
76579
58013
58453
6043
39799
359
43793
68473
94597
49037
36713
69197
9941
79633
76423
16339
68909
80953
62347
75503
40879
83921
10273
41491
92567
38377
63607
34483
16069
69151
31573
71537
81619
91453
54709
98419
26921
23327
89909
99041
71563
67231
76001
46441
19141
94933
35509
3163
87517
55051
74027
23039
28081
21397
9907
47527
1987
70949
75533
71453
36209
24007
62653
93553
17599
5323
5701
58193
87683
35933
99871
5107
75289
41761
50627
22109
57587
7549
19759
20543
2927
42899
75479
42943
57587
92219
10711
85571
53113
55021
76991
98887
49253
7879
3671
56377
56093
3643
44453
46133
38449
61603
60637
45337
61403
53897
81953
49523
85087
55697
26723
80737
93083
42727
14107
1447
30197
61751
439
98929
37039
92383
25463
44633
48023
19661
98899
20047
76379
16363
60763
72103
85411
47161
90847
11383
80147
27431
3761
1229
1931
57853
9437
52489
50543
3061
89057
62303
24919
88843
69259
87697
26683
37423
66841
42197
33863
28789
4099
50221
76943
47207
54083
76831
20479
69463
80449
55061
72229
19423
91733
1871
48221
2251
14669
23857
96199
25457
52813
95111
42349
97429
34651
91141
35171
24481
66841
44089
95279
46889
15271
55889
45121
30703
31013
98689
93251
21227
28349
47869
76213
39397
42467
19267
80221
84239
89849
46399
47041
82361
44683
10103
85733
37243
89917
8467
99137
55661
13669
27779
29191
26539
24919
9203
67931
93407
52501
34253
33161
40697
2789
25537
21169
78229
71987
75083
13591
14251
75041
34033
21839
92957
21613
70877
8893
14533
94513
84961
88747
34843
49433
22189
74201
28879
14633
9967
22807
29243
12821
99131
83009
89909
6947
66343
77351
40031
91577
14627
70783
58579
51137
63863
17749
49121
27457
60659
47123
71261
53411
31271
47221
6121
9007
53939
97231
95443
5227
83791
59221
25673
97687
45343
13259
19963
16493
92849
37567
461
68863
91253
52999
40529
80849
92693
28607
93329
31667
59999
51419
48311
65521
44089
61543
37171
4421
72109
85549
25747
79193
55343
25321
74353
16673
55633
35111
21617
65011
68329
12043
9421
39371
99173
26437
10867
18481
27107
34033
13963
3851
53401
62903
88997
6679
28979
14813
24179
99923
7247
88019
95507
17581
71359
11731
3931
83617
84229
92861
47317
77137
21187
65171
64877
91423
27751
5531
63841
95479
16657
75709
56611
23531
34129
5437
93187
52127
95219
16889
99527
98627
59093
78341
72337
96731
57131
88079
22721
34499
86287
16453
23981
20873
6763
83341
90031
42359
84313
4111
69857
37847
24923
52861
72647
28859
7937
379
21191
24049
27109
52579
58733
92177
76961
13183
37717
71483
98711
93761
11159
16747
3907
8629
58217
81017
22751
61027
62597
22937
55213
13151
54787
16661
91373
8893
85303
8599
63521
99929
2633
5843
97441
18217
92791
97501
48973
70729
66449
98689
8273
60689
43661
79907
18353
9767
34283
13259
99689
84421
8599
64793
37831
20483
17257
97039
71993
80923
44741
33749
139
97973
56779
64157
74149
3137
10607
41269
96989
29581
88747
2791
56893
21277
77351
22943
66863
17581
31139
10177
1901
76259
66863
80147
27631
56813
81853
33739
82013
66791
44101
17737
17939
26981
57689
28697
11699
76333
31643
8713
96017
73141
68477
8741
3917
83219
9721
24821
30253
13513
85903
33937
45181
55529
47143
2017
28087
61379
23609
81101
69011
12409
56267
96329
40471
16493
66863
99133
77641
28723
78497
90089
8893
45247
78697
4903
12743
37957
82373
2549
28591
29879
43591
40543
54917
22003
35507
98669
57107
78649
34217
40961
75611
41389
19471
25171
33457
75479
12379
67307
63949
37171
90833
823
49871
48281
97829
64553
89983
8803
91009
1021
80239
68531
50723
9323
69233
9697
4019
10009
70039
6577
26357
97787
89443
94819
11443
51749
23369
60383
30671
36527
80317
66431
27851
75991
25409
65707
46187
65119
9397
40277
54979
42649
13669
80513
60149
63799
68539
44909
66841
5297
45061
8209
10597
4243
26407
51361
28547
96443
71237
91009
95101
64579
33211
14633
45779
33329
40577
48661
34267
52259
57487
29347
79687
1117
86689
1297
48731
36713
59453
66571
37217
31769
13381
41233
32933
68669
29819
25219
74177
45413
75619
63241
85229
17881
77513
79687
4987
4001
98389
34607
5099
88321
49823
9421
14747
7603
60397
54331
98669
90583
22721
93113
1571
30203
60727
28477
92051
25121
89753
74257
11969
79319
17657
91381
30203
11657
673
45943
85109
42589
41161
61627
53731
52313
18401
21383
46399
80473
47599
87323
26561
98429
4831
19759
71471
71233
71993
3631
12211
10069
69163
37579
88867
93229
63667
75991
31063
52253
14657
90197
76963
26717
24469
63527
11003
56731
16073
98927
87251
97883
14243
631
94727
37189
47639
98641
92461
29753
74861
46679
89797
70657
61403
40241
21107
51517
12841
53161
32401
13339
7079
90529
15227
85571
46381
22051
40519
24421
15263
40129
49277
55457
92681
10847
27767
63421
36067
26251
21061
57559
50591
49597
64171
89501
69709
19553
21383
48121
32717
81773
73609
12641
54151
211
22699
61333
9319
23497
77171
18043
54869
82787
29389
19609
73943
75743
71167
85453
20341
63649
67021
9397
80737
84691
1289
28031
76129
17167
9883
16633
20983
48673
11173
4813
36319
4597
51241
46021
84691
26417
75967
68161
98041
36373
76441
92333
32603
44971
51439
93481
98717
26263
74887
60623
2311
83117
49201
33359
83399
42017
85843
23059
55799
93701
31741
65647
6529
87697
3797
85853
75527
66923
79397
72763
95267
62297
87187
397
70583
64217
65111
26317
76801
54269
44389
84221
83023
4943
6451
20521
54563
98867
30097
30241
2399
12763
55967
16903
69019
82591
89527
199
93257
17077
87509
30637
96059
19861
22271
13799
84629
57559
64891
77359
98057
19697
6719
32971
40559
60041
71413
24373
55897
81737
77641
77899
45737
84299
31393
71647
1553
36373
2633
95443
40129
97511
37003
67993
99563
29077
4337
87869
23251
49169
18587
32191
311
78803
38713
24439
14827
36709
59627
97553
33911
74297
62137
60607
50417
91127
2467
1511
18097
17807
59123
3391
5791
30259
21751
19553
79423
4723
65447
94789
72503
20431
26489
99787
15277
77431
79997
90533
26263
51973
81929
38287
19727
57131
21997
41603
38977
48527
39607
71867
6079
55217
57383
16607
77471
80923
3449
61981
33751
613
35969
12241
33751
14533
53611
59053
34613
35521
61927
4861
13931
92647
77041
83939
59659
65089
83621
49109
37861
98561
96959
78121
6547
71887
98713
60779
24029
43201
31573
25447
2741
11213
78779
397
28927
35521
89101
70163
20599
1523
37847
58147
30493
8171
6211
65629
96527
38711
9473
71551
33191
49297
34519
55633
15091
7349
33487
91583
32533
33347
1439
12959
26699
4721
41579
35617
10567
29347
75653
37441
95869
47111
39937
9473
69739
79153
97787
32467
35069
36299
48497
85223
33893
67531
24593
98467
3673
39251
30773
41947
29137
69151
40787
39877
23059
63521
29063
6719
48767
45757
85369
29411
56437
62191
66029
49877
46309
39373
60737
83401
67231
39749
3833
80491
10273
50587
6911
42923
85429
89597
70061
43891
31891
19927
86297
23773
13577
76261
50123
21851
35083
69011
87211
95339
27397
69467
88771
4637
38833
82913
26113
50159
78427
16127
14087
78229
36017
36229
95213
86287
15149
3739
90163
69337
40483
60017
66107
58789
50647
29131
21341
48757
41879
45817
98327
2273
96763
62507
71023
17851
15791
51473
55603
2399
65419
78311
95107
5413
4211
75709
94841
10987
84163
11113
15139
36709
35053
8329
3851
3449
2399
57947
98713
83641
89261
76963
67547
91459
56503
42589
36973
48907
68483
26953
1783
96847
31907
48407
5099
78511
31219
41023
90121
56113
55697
91841
55667
30671
91009
59671
41969
47501
67231
54547
80071
93761
39227
12263
35107
65827
6011
31177
77711
21383
20051
23131
33359
41903
1171
34739
8647
46817
36523
94379
19759
43573
62057
43987
14723
22637
15683
93187
78059
36341
78697
6823
81847
1543
14629
1019
3407
31121
38749
46957
71987
50833
21839
38783
76679
86369
64817
57859
19087
20177
2393
89113
51829
51479
47189
65407
21577
90271
23917
44101
47843
78241
5737
83341
2063
4933
35933
48313
51511
32797
94229
10687
82207
76913
33617
41269
91393
32401
81421
99877
48271
40699
17159
76303
28513
2963
62539
95917
91969
86959
97571
30859
1907
11887
34913
83497
19183
11059
75787
85259
97511
27791
7549
27943
9151
32251
41017
54581
65647
17569
11971
70841
16993
15391
26737
15643
75029
62137
60733
73571
47279
27583
77347
17
99349
42727
8963
73133
52747
59281
73141
26321
70957
57179
72223
50651
95287
77551
51383
16447
93281
70039
24971
2749
26557
31253
85009
99017
53939
41017
96979
92369
49409
23633
25121
51817
1433
49393
1427
18731
79801
88657
503
55313
23197
46199
44417
20441
81343
2029
67003
63601
78509
59113
17971
701
8581
823
15271
22229
6907
20921
17209
41947
25643
56239
96457
2963
22679
93323
6829
3793
47147
24019
92647
19423
17257
3371
81973
35311
38653
3767
26393
89413
59377
25111
7523
28411
41927
73553
28403
85081
1693
97283
51941
20183
34981
51413
38197
52543
60289
31081
16943
18859
63803
72901
80527
99139
61151
16339
80449
77647
43961
72613
88667
89069
53887
49499
91943
60961
97073
71993
977
91463
31957
26737
38603
5647
7759
6737
13183
2089
2539
15217
11909
85363
65563
69403
47819
47057
29101
22531
76777
60289
47251
11699
68897
61339
15923
11317
50159
93941
89591
99089
82847
57251
92699
65827
7561
66733
20857
48221
7247
41467
13009
30773
37847
22777
82591
3907
90281
54559
61223
82013
52639
39779
38351
98939
90149
59651
28183
3671
64319
74531
47137
8387
36653
80051
26489
82307
52361
16477
92707
10133
95569
17761
38977
2999
32057
27611
93371
63241
74101
46679
23057
37547
61129
56893
96959
88037
3947
64081
12451
30047
50587
52027
38729
15809
50227
65167
53017
36473
94433
39821
31627
87643
51307
61547
81353
67939
479
39659
77929
92189
56569
99529
48947
509
89899
51829
18301
35107
80677
6131
36083
67943
22291
32213
78437
8999
49549
59063
54401
70571
59539
54443
24889
33049
67939
49211
3863
18493
62501
87869
86939
34543
31039
77713
83911
87559
35977
52543
11777
23333
7229
44497
17939
44537
49169
47149
63781
41051
29473
29437
86263
35797
8641
19699
27487
16633
67477
55529
49801
34913
50821
32059
5869
80021
66601
90191
95327
28297
36787
7639
69149
41113
53077
84127
63527
86719
12373
42071
87473
45767
73433
92767
86017
19697
30689
53693
22027
48679
96053
97787
25147
74687
5471
65839
20233
91411
7001
52291
33751
14533
19309
96953
70459
96851
83873
40111
46757
49801
94033
55441
51539
28183
67763
68507
30403
27143
45293
34667
2111
77617
29387
24527
6841
15767
70459
87743
87583
55249
3767
15377
62501
23603
54269
28439
22859
76039
89501
7691
67961
8951
90599
14207
42961
29947
92153
349
13553
45119
97159
39373
36097
80681
85451
82163
95869
34607
59743
35111
63521
751
6781
74873
90901
10357
17987
761
48733
25339
29021
70487
4027
13513
47657
5821
1657
19553
55787
29191
85703
8677
18637
2347
34963
26759
64553
81677
35617
71983
78889
70823
27017
60509
54713
20873
35419
11633
71711
53731
92641
14221
20219
95617
62989
5167
37691
53819
7823
38393
73181
24611
67943
34961
42139
21191
16619
18773
37951
55331
12433
18413
81077
57347
46411
87803
94397
92431
93787
3121
71293
66347
36713
35159
75347
1709
37861
35677
81749
70009
8941
56237
34843
57917
22639
17783
5557
87587
66949
47501
90379
46829
38333
26309
67003
46457
6029
69481
10691
29429
6151
84059
547
21139
1129
68813
60919
33647
46439
68713
2459
13649
95273
17299
40087
211
3529
66959
56123
85093
44963
41233
39799
48731
85213
98729
58403
57493
69473
88607
96589
80279
54583
2767
26641
5051
257
9833
54367
72673
15727
58573
6689
91921
65053
29917
3491
28069
48187
60937
54721
59467
61261
36791
85439
88609
5987
9433
13751
8689
72613
31607
48337
32717
76801
55711
14197
17191
65141
74353
31271
32303
95737
86927
8669
99397
82237
10337
3709
49727
5381
14653
21013
11
53611
10069
42569
86287
90373
54367
20443
33587
40487
16937
29129
80747
54001
59879
1171
5021
47977
89779
2609
80107
20101
72649
90371
32533
62549
84991
77491
79201
80491
10247
24029
56659
89041
69491
47351
14557
34147
39659
12713
80309
67631
68227
69709
48847
86077
59221
25799
49481
43177
29629
19471
3361
34319
63331
59443
71249
65063
94933
89083
85991
75037
83477
37
7607
42859
46049
72313
81421
16069
35869
11909
11503
4211
1699
50363
40357
79801
2693
39719
18911
2971
73883
58207
77687
39839
37993
77101
21221
45289
42023
69193
94099
18713
41179
96149
33469
45869
84313
36749
75767
53149
22541
73783
16477
89
12119
94483
44071
82051
2437
2351
45613
84659
42701
88093
1319
5653
72893
69767
71329
20743
5197
98573
67829
41597
86113
70139
32971
95737
24373
2503
34259
41011
21787
25733
26029
79159
56923
1453
4073
68683
20771
76543
33427
60859
1933
69809
80557
21491
26633
79379
75707
21563
18199
45893
91909
22171
13841
99689
74177
73877
80173
32621
8941
90989
49433
11251
38461
61339
50311
31121
70991
17191
36761
14407
67003
1321
52057
72727
33029
31019
613
50263
15551
63421
8009
4229
79411
1811
66169
27689
97283
99571
46441
75983
28549
38149
60623
73859
24781
62603
1321
40289
37243
87083
86083
88801
46103
45491
33479
82153
39359
23813
86341
42457
2819
17747
28579
14419
50527
8929
52561
82307
30493
68311
587
13931
52163
93383
54541
74713
25717
35419
29921
41627
94709
55351
86287
30161
96053
19373
15497
96979
66763
3847
71081
33629
71339
27701
87187
37253
10499
42139
44221
94789
11719
79043
73
95507
37537
131
61151
61129
29167
5003
38351
9157
76343
33797
84017
99391
62219
39581
42967
7607
47741
90793
23609
20359
43151
89153
30631
50587
26431
8761
1279
22153
19391
85711
34361
99149
42611
5869
34511
4547
34537
94933
52951
10853
7621
12541
33071
251
42043
16333
43487
7507
59357
85837
57389
98639
18743
21179
71059
48049
19949
58913
30829
1889
13421
13267
24373
13883
95369
15559
6701
56053
31543
2843
45161
53759
8783
2341
14159
7621
84991
26711
82571
23197
99709
85903
24071
84401
59351
67073
50273
44279
50503
28961
16231
46399
78163
52691
25633
67433
34519
29287
41813
521
71837
49807
44159
89417
87833
49417
82997
98369
87721
94889
69011
14057
48179
24799
63443
94811
49297
40063
94651
19183
18443
35899
84737
92831
84121
82153
63467
991
37633
11003
32401
51263
8689
98321
53281
93997
76697
37483
25849
27851
80671
71633
41213
30649
33931
26267
87509
32603
90473
34543
90373
17431
521
2447
46499
67523
46867
59473
34127
6793
30097
12497
85247
19867
79159
49177
5953
26711
93337
94441
9203
37361
35323
55103
23767
89597
33529
18149
39733
58147
48109
75619
26263
94543
37253
66509
35201
1801
1451
18593
57689
64921
35059
17987
41411
39703
877
81343
11299
78979
12073
69337
55799
69493
69997
21713
39619
22901
72101
22073
1931
20963
84503
54049
6359
76039
45833
31151
71947
63649
2411
51749
71777
79427
87959
64433
38447
577
18583
13337
56311
8867
57781
25577
1423
83597
28547
68669
64081
41863
19213
20521
44963
81943
48889
95327
60773
24919
6121
51511
76333
86939
37579
89501
82351
30977
89113
75193
19763
3023
46049
7457
65827
47279
32609
79589
49261
4091
13763
30727
2851
97813
35771
31627
83071
32083
60037
79379
14639
32491
60383
19963
62659
87181
45979
56311
96601
49279
29569
14461
28277
55633
41203
90647
22123
22699
83591
71597
30881
3583
39119
17981
14143
92051
70111
34141
94709
94099
1741
4703
13721
40627
37223
96457
98123
99133
10651
5903
10303
69001
50111
32377
48163
63781
59447
95027
29383
29921
79259
42533
10453
51257
47123
10729
8641
503
55331
29423
11813
69203
10477
77933
58693
55889
11329
4111
14033
37369
31379
59107
49843
68813
71887
63533
24473
38803
71593
47591
613
20231
53783
50111
28837
42019
35149
84211
12613
8941
40879
49019
69109
75767
49843
58687
25673
78823
44119
63311
8039
61027
44351
31277
31391
85933
28181
11701
1459
4861
74717
10513
71537
54251
22811
78713
95071
94583
81101
71909
78173
61631
41603
51197
3457
68767
25673
64319
57923
83869
52189
3449
4549
30803
38993
419
55109
35879
16871
27431
70039
3391
90523
79063
54917
31379
20129
94651
52511
4999
65381
75869
107
42089
17837
91369
43207
26099
82339
82811
63079
83833
44563
2473
44543
19913
45491
60757
42841
40853
72043
47639
28751
44753
11069
60647
80963
34871
5521
37889
34739
95989
57047
93283
84163
22573
75983
97547
82529
92009
13729
40237
38501
97787
87011
60103
7079
67939
64763
94747
37397
35227
94709
66467
28283
58909
27179
15083
71663
85361
38153
75767
93337
92921
28283
44771
88937
81517
75659
61861
56891
79817
27059
51829
65719
3923
76303
96823
27917
16087
54193
10151
81773
22391
22051
79397
30013
90677
56897
44279
59693
33161
4357
28099
68737
24329
26423
49957
34949
92179
42787
92857
47087
11551
30713
43201
42017
49409
13
90907
5573
81703
80309
83417
54323
42967
85027
10477
78139
14869
97103
16111
91393
11779
25919
17167
9221
93497
86939
41077
49279
79757
16871
4889
13421
2819
45433
34939
43969
5303
5077
43573
64853
21563
54709
47609
77359
72901
7853
5281
96149
82759
62129
20347
32933
99241
89329
60149
42281
28771
12239
33013
66877
16361
77617
55313
97501
50291
22769
14851
49999
71843
3583
66877
84449
80111
63587
72043
90127
33601
45413
69067
42841
12713
28429
73361
2447
98597
26459
77591
49937
56923
24533
81307
109
12637
2609
83399
28789
18911
76781
78049
39371
23003
1021
42131
3821
79589
6257
82163
13411
53699
9283
34589
25423
42569
86927
67261
46349
71353
57143
22871
10667
48821
42223
51563
11071
73897
30661
14431
96757
16843
56783
42139
24359
25189
27539
77339
17491
29921
79147
62011
87931
17791
23017
89917
39293
29753
79
30643
13883
40751
62971
41809
75541
39023
24077
9719
23887
59123
44797
10771
85903
96269
479
20879
41947
66449
99793
92431
99661
157
47093
17623
74159
31393
73483
49669
33569
79147
3929
54877
14327
27253
4513
46807
20887
27803
5927
47809
52901
10343
23269
30649
40357
55681
85121
31393
70583
3137
41543
33023
42293
15227
47741
42751
3391
12983
70039
52387
86291
5693
27749
1693
4951
93487
12409
31183
76913
80077
27539
18701
54631
13757
60127
57203
23741
93047
41651
92761
56633
577
38461
92219
8329
5881
95617
90239
36277
62297
42719
22571
1069
95617
87613
89101
7187
89891
90203
96487
63521
32213
2851
13217
29209
71993
41467
281
22643
85361
60353
45853
32189
86869
50359
19001
42571
32233
90619
50159
38069
49333
95203
81839
8317
70991
58271
62347
90971
30223
46807
32957
52103
14057
80849
76253
52697
99989
11257
51343
19483
23333
40099
83737
62683
99349
4091
95369
53611
22441
75821
79777
55631
91367
3989
93083
91193
35933
58901
67993
84457
94079
55439
69677
88589
65123
9439
983
28753
60539
18593
84913
49741
17971
14081
98057
51647
79187
34897
1459
89417
20341
89767
45949
5393
47743
52181
17477
80713
79193
90227
64679
48413
44797
62099
23057
23357
50599
7759
71551
95747
18191
25583
84431
73019
25747
13121
31469
36697
61007
38303
35869
3719
73019
78593
17921
48271
18047
41681
38281
577
65717
3719
47363
55411
48859
51439
569
53717
63533
4177
99053
41659
40361
44531
89821
15497
45131
58171
67777
84313
30871
11549
78653
10139
70753
35023
10847
5501
87887
93131
90989
42829
45403
36299
64937
82351
15973
52223
31891
20789
59053
49429
83357
77999
27763
13009
15643
86491
6299
14011
7499
49333
28669
94439
76781
52709
73259
60917
20749
47129
81533
24509
24623
32839
50969
50651
88771
29867
2
80209
36341
96289
54449
98867
25127
41161
87559
29297
23887
92237
69067
16217
99233
17011
82163
75989
45119
5879
2297
36563
54449
49681
19583
30643
89897
60943
1249
20693
40123
90749
97117
48311
3539
3617
25841
283
58451
56081
38449
36109
66943
97021
18637
58549
12073
42643
11311
3271
39581
5077
30553
60169
74759
64997
49279
467
27823
38183
80611
21491
17449
3719
17977
2239
6911
39623
95101
62473
27763
19387
39367
30403
4211
57193
37549
34123
33409
74231
24659
54319
1867
79769
15401
21929
24683
97789
12487
47543
11113
11939
9677
70841
82171
61879
17497
457
37783
68633
71993
46381
64399
18899
43541
32327
90631
83537
32797
36923
63419
87671
82531
8297
69317
13729
97117
82847
8431
47629
42019
99529
95987
45587
52147
769
55381
63059
3701
52517
37189
80141
35171
89597
58321
65071
15901
93329
28183
2411
63113
10513
67231
76343
42187
52711
5659
54577
98873
71023
94253
97021
62473
1879
82463
16127
39769
49057
75211
12541
3557
16453
92153
373
83407
27581
41131
14669
42557
87721
44417
70351
92779
75407
9491
78919
28807
63709
89003
56747
64951
22279
25801
91163
51563
51829
36251
1039
1861
5521
14957
74311
22573
41131
19211
50291
92077
96443
55823
81047
82261
75401
33149
6949
55117
81307
8641
29383
43543
21727
4463
57287
58393
73259
84121
88729
60661
25073
34261
63361
49391
25087
64633
80287
31721
41443
95803
25903
56479
59197
20849
80329
63841
79631
22651
76403
80651
23827
3187
80449
75617
66593
28729
40853
99181
21401
72707
3067
10037
25603
70709
25127
12763
41491
86743
22549
78233
45341
37567
62297
86677
70507
85451
1451
82301
65921
39703
60623
30319
47609
2731
59887
7741
70459
43991
90481
95723
12689
15959
853
44843
88211
58427
89413
7001
67057
34283
59557
58337
87959
331
53773
47057
42841
39983
91513
68443
95957
34537
67843
98519
89833
73859
33713
9743
89821
62653
92861
31481
16103
38321
60127
47653
36319
34259
77317
45053
27109
75781
13789
71899
18749
45833
14653
79367
8609
44029
13763
53549
1777
90749
73613
65497
39569
85733
97379
93557
54361
71161
75983
62591
95737
12517
42751
11047
15619
17449
8117
67213
401
73363
5113
51719
1163
36943
69697
19577
11369
33613
4297
56131
71347
89753
1307
92269
54083
20921
33581
95731
41183
57709
71527
31583
28933
56099
82021
24967
3373
95087
69991
24029
13151
33871
36943
14629
16633
57751
84919
95131
10289
94547
92467
43801
6637
61057
74381
16763
63521
32933
86297
24049
1613
51109
7573
26497
54563
93923
55661
69653
98453
26171
57751
24709
26099
44021
25931
90533
8753
1019
41579
41333
1553
25951
81637
98887
70289
54287
1381
69193
1087
71971
22447
58153
45481
13477
29383
35227
89041
15227
49871
22549
59723
99767
19777
63067
9677
521
21179
87931
83417
9677
36563
58099
65699
8597
10093
87337
71249
21283
73417
77101
70451
79151
67741
85429
42409
7307
307
31123
43997
93133
61729
77167
77377
16217
49109
99817
31393
9769
22129
1913
52711
96181
96457
22859
55487
66109
22229
24133
91411
55127
83089
32141
96911
62003
7549
40751
44171
27697
32257
53267
28837
80071
2543
12037
24979
64483
84871
74177
35059
24809
49463
48409
80263
89669
86171
63587
52067
44497
77983
40961
91163
98999
19759
57073
87553
2621
29017
53377
43597
2351
41887
56509
81689
47339
92647
29989
26993
3469
22769
16561
19213
37003
97379
59809
16141
87119
85133
58379
75541
35597
62401
13339
68903
7523
96001
40813
95701
61363
73303
25679
36979
4373
45341
79259
41281
40493
4567
71059
59629
15091
58711
77137
8807
2011
73309
34729
98473
52733
67409
10487
16979
14051
25763
27953
49019
40459
3511
12401
33941
85843
49529
17491
98009
87277
16103
82571
56897
72661
50459
5869
30853
87181
55823
86813
82981
63901
70001
12601
86011
12109
84551
2467
70729
19571
53149
64579
75787
37117
93563
76883
26729
67927
39443
40961
7691
24767
15889
54767
83561
84827
36469
35107
883
37199
22447
25373
34039
98251
37013
22409
92683
83273
54949
8641
53353
24979
71471
23399
74071
20101
2003
26759
26573
52153
98597
653
86197
45131
76883
25057
53551
19991
95629
23879
30809
62549
31543
82231
80911
84481
4729
3559
20359
42403
20201
95093
80621
89849
42577
41143
37201
54409
92317
43891
26017
49937
54083
5237
25741
92269
13831
7867
70009
76387
14149
3061
74521
67489
27283
51421
97283
64997
5737
90227
2633
70111
66853
32497
21031
67217
12329
50839
63853
31277
79999
6823
12391
601
12269
80671
65899
57917
70199
86269
55331
55339
29881
70313
91309
71353
1889
69197
32611
14029
1303
60169
57679
50423
85363
6637
98929
44917
52021
37571
81563
51133
66499
53731
409
11113
92791
74797
77723
50177
86677
89213
52517
62827
45389
10273
94439
76963
19031
25969
85091
84127
75337
59671
92503
56827
19937
81119
89989
65729
32653
79283
93179
56941
85829
6007
15551
70717
72647
46649
2927
48761
42953
15241
61487
69997
47843
7817
86297
5843
3697
96497
58699
74177
39541
44201
90353
37357
3203
48661
22063
23581
92821
63901
34763
68443
71537
69473
58453
25969
70573
93083
62773
78233
42061
23557
11717
87991
98101
24391
87523
32299
75161
95801
92153
601
19183
14929
40577
14057
92333
40819
29251
2089
44257
31891
10709
76001
45293
94153
32717
48397
33941
43067
66749
99137
49177
31267
30809
74531
20147
5741
37699
72223
67741
41263
28711
32401
86993
28087
57689
64613
17467
30071
857
28279
79229
599
70223
20773
13457
66041
43963
59561
61609
75323
68683
84713
2749
65579
47701
66529
78929
85439
77239
19603
18371
61
69401
90023
88867
65063
20719
7877
66239
63773
29867
17207
5233
88793
11059
21859
69143
18119
22247
26903
24551
44111
26597
63521
60521
24527
75683
91997
80611
53609
61297
24799
70327
35437
7951
8963
14797
37087
89657
21649
13411
74197
48397
73943
52769
40879
86179
2207
51829
71059
49069
44497
14947
41039
60217
75991
98663
26113
3469
58367
16139
87037
21727
60037
73547
80627
81181
7069
80263
81737
57737
83341
54563
16477
93493
11149
69317
54151
77863
64187
17293
31489
28279
3109
4517
7177
3389
69341
52361
28559
93131
85061
88951
12263
73379
54539
40591
63601
98641
1493
46723
26813
45131
52709
52879
39397
90997
2837
43201
69031
65839
91433
12601
7057
13799
81563
2797
89753
32713
54869
56731
46559
4349
46073
27239
81649
10457
82963
75161
62137
10709
23333
74821
2801
41761
73291
39181
26927
98939
58921
70039
91397
5449
36871
48883
5197
15727
70249
11743
81307
10627
78139
80683
67843
62071
66949
17609
499
66239
50153
68023
1031
10847
63977
96001
17509
98533
16547
173
95467
62233
70919
28621
6317
24799
95869
59561
63599
11113
55381
97301
5197
33533
81943
96527
99971
65761
769
1753
18367
37871
19087
60539
55061
13463
86711
88771
38783
52807
1123
41189
70019
39191
84719
66733
12043
88001
20747
46049
17027
67801
65539
47507
11897
9791
95273
33791
6869
23567
26119
50069
61729
75041
193
78691
79697
67567
85027
47309
20897
71537
77747
27827
71707
48079
89797
38371
26017
20369
1319
1619
7541
73597
53633
10861
1453
18451
63601
64189
75983
19429
7229
18397
51827
62617
89599
57601
93199
28753
37307
10613
84979
3079
26371
37039
91703
11981
10723
76597
79427
29167
97499
70379
66293
65269
71597
89977
39293
15919
77447
36781
56171
87181
25733
38677
69383
19477
47563
40939
26681
80363
68947
61843
31769
90217
40289
72643
3581
409
86491
19553
44887
48481
24767
97561
47497
65287
66067
95101
79811
72547
83537
8747
16333
69899
85991
56663
92693
42643
42379
59051
45757
2053
26041
42131
4451
67189
84551
90523
44867
39727
23399
43063
78643
58771
69827
23599
4919
14081
5237
9833
47741
48817
24391
46181
90263
54521
79393
55663
77687
64663
86869
52183
54409
45061
7481
46601
5717
18701
75403
11969
88007
63841
48437
68443
29611
8087
58229
10463
12589
60703
46703
41651
25561
32341
30713
25903
93323
46523
96479
8609
92717
23993
16703
64969
27817
11587
27631
4583
44959
96017
25247
43801
19889
35617
69497
67931
44789
56237
45377
94907
59167
9403
90107
56207
12721
2797
95707
25939
96787
8821
70241
17971
19073
95021
38593
66587
26783
23593
26449
27743
49193
11933
20849
75377
40253
46153
5801
83203
69149
36313
18133
93523
53617
71789
98869
30347
23117
23369
30851
43159
57143
96763
80491
91639
85027
14009
85427
94573
93281
25013
35999
55381
46301
63377
51719
99559
62143
82889
98849
3821
99787
69467
15493
98837
14891
3803
23669
3613
14741
30941
71339
93323
3083
7699
46351
52579
45751
47119
1747
63809
54881
30649
32051
46199
30293
43951
68087
36457
53861
49363
37987
81173
46451
37171
24169
79531
33149
9043
66653
67829
71257
66337
29833
15361
76231
45127
24683
62989
72307
41549
48619
9533
39293
21937
30047
57089
70327
31
74149
83653
60689
98411
4519
28351
79613
90697
33773
75941
72937
16273
99877
7309
15331
3371
89563
69661
45137
20063
9377
25561
53881
97729
98573
311
95569
96479
47297
47137
15661
60013
96323
32933
99689
36947
58679
6091
11551
65729
14957
90527
73699
8933
71551
39341
58763
86677
23819
22697
59093
35327
74821
13633
18329
89017
17987
98801
14767
79829
51131
57923
7219
27773
7283
12781
23197
89137
17807
8951
4583
56171
19009
53951
35059
64793
7207
51407
19211
47777
83873
96749
73883
95273
66919
83791
69143
95089
42323
70157
88589
39953
97771
53171
7069
33409
96973
7247
44771
43399
81839
54673
9739
99377
72227
63131
86693
37363
17393
35447
83639
84449
83609
58027
44537
25301
22639
75527
18199
60161
23747
80671
84649
74489
85237
31643
36671
97771
95401
28181
40853
4799
57149
94253
167
10253
60343
8537
55819
56443
37087
62753
5399
65419
93131
51481
20089
16427
87881
40289
89371
16007
14653
86453
26347
38273
1229
59629
51593
84731
80363
9173
19163
15767
21179
34583
39041
31
47701
3209
28283
79889
40993
16433
72341
91127
6491
23557
859
7993
80473
46559
91127
12721
93493
69857
97561
9013
94343
1637
49339
88019
34843
32077
74611
6343
56663
45823
93983
81409
87973
25343
50707
69737
38891
14887
7
74357
82571
59981
94547
88993
7757
76943
82163
99823
98143
88903
70379
53479
86837
65557
63703
41659
30197
81463
60091
52999
50359
92399
47143
68443
5711
42577
39671
99251
70667
45247
48239
49807
29147
42667
34613
91691
2549
51361
2311
90067
29833
25847
44087
33413
66347
28597
34367
69313
92761
83477
38543
54347
36277
8539
2341
20963
27893
73727
70157
64871
36761
85517
5347
85297
72973
49999
44687
87553
8647
33941
38011
8677
67927
56873
35149
72103
26711
66029
5281
72467
38707
98491
70687
76907
98963
11593
82997
99871
61813
68279
76733
84347
25037
25997
75833
36587
80207
79631
49627
81677
9697
5857
82609
99661
22159
87643
83561
29761
88789
19819
67511
86627
67631
5501
80687
80651
12071
15733
51001
89387
9239
28859
33211
76463
93491
51461
40099
84631
44887
37463
71563
65479
91961
91373
3697
76829
42643
63607
91019
38737
81563
60917
35081
31481
63773
25741
56957
22453
67789
33757
18451
63499
49043
4513
90709
67901
11443
84053
379
51229
26041
2647
66931
42473
87421
53993
52561
45533
23159
48163
89689
7001
86423
19991
61153
37879
1901
99689
99713
64613
1979
70537
83597
76507
11677
49711
41777
48589
30509
41203
93187
40357
1873
35671
13721
39667
2267
23497
55469
71129
69061
99559
87187
8377
36709
88547
3617
34961
51803
96787
95443
11839
62459
40153
50093
10477
83773
38113
36017
7039
71663
33353
49787
99133
94613
52889
42323
69463
74587
17627
15307
92941
37517
62921
27437
59341
44777
62591
5303
22639
87583
7039
73523
19037
26041
65129
36761
95539
1487
25541
54319
43801
27803
59447
6691
67231
19681
4231
62477
19597
28111
17827
56299
4931
67511
20549
19853
87293
2053
58147
24841
99991
42577
4999
99109
36389
87251
4133
25819
53173
52237
69491
1433
12889
41161
15461
30241
82007
37987
3833
29129
34439
94331
70099
74293
85447
1259
109
9221
63337
12011
91811
20717
91127
96979
34319
15299
68543
16921
9403
77839
13999
94109
50671
88079
60317
75133
5021
22543
54287
88241
14771
6917
43783
28429
55207
41647
32869
58199
22549
83137
953
72091
17957
61253
19571
60527
97843
24473
79537
44819
93479
54101
79153
78823
92189
40241
38851
62207
8747
98299
29063
72923
41543
52709
96377
34757
22433
79153
35129
35831
27823
14549
55667
30103
95027
17749
88951
91453
42709
19309
54541
77323
63367
82571
73061
12421
4099
26003
15271
35617
71171
24571
15391
42043
5011
18047
3701
97463
61381
1123
47381
7753
19961
49811
4799
85597
23029
1721
44687
15467
73523
33329
88259
77269
89051
57271
11969
74887
54503
26083
81401
60343
2689
87629
56629
72959
19891
97381
86771
21559
96017
59359
62273
51599
16649
83719
72763
80897
56383
98731
50957
3023
27281
40927
68767
39983
68239
6229
1367
22993
2903
61333
38053
23063
50503
51797
70981
56687
52673
88799
11491
72689
77003
87049
72307
45317
47279
35339
5231
48809
7211
23081
15679
9059
83987
41047
76961
37649
10333
57143
12829
89213
80341
19681
44771
41927
43669
44867
32411
9413
80783
24169
18457
41161
47711
30313
53077
1217
70657
19603
21613
17483
91153
22639
35171
50441
42929
80819
71437
75377
99839
28019
5441
62597
65521
29527
87107
87491
84143
84559
39019
55733
69661
51133
199
82891
96493
54181
84737
82913
84859
77279
89659
64513
30697
56873
71947
56911
82261
8803
7673
90641
66923
87991
9931
78571
60869
12211
40927
38393
57077
52627
61121
26177
95869
16661
1069
47933
1889
97787
27983
69401
31667
6427
75211
94483
22279
6661
33427
58511
599
19913
37591
53653
96697
85627
28547
16903
64109
1567
47599
33107
6247
87383
53201
48473
7907
3823
25087
30851
68743
36677
87103
67079
4261
389
18959
64231
55819
16657
88813
16139
21751
88469
25147
6427
52963
70223
8191
3137
60089
31019
14653
18973
1559
44221
65719
33181
42433
67057
36083
44543
24953
32693
58481
53
71437
4243
12547
69011
39343
82483
34841
84067
14303
36353
65831
46681
89989
27509
52697
81973
31991
17467
71947
94477
76991
89477
69497
49279
72883
42227
12941
38177
57179
79811
76159
10993
58901
88799
78509
45821
18133
58537
69341
38821
45403
68437
5927
55763
20269
61667
64969
43609
4159
99053
53917
88423
59393
80369
5701
30341
87421
60889
12203
70207
50773
17683
10007
78787
64153
75209
81967
75377
1669
7717
15551
26759
6733
15313
58237
98909
26737
12433
70309
70001
32401
38803
34883
41149
52249
44131
99259
99859
49009
56207
74527
67481
65063
90659
62347
72503
88861
53231
881
77647
83719
59621
92383
9661
30983
29537
52361
59369
89153
11677
94993
5431
90917
78509
21737
24517
52103
26177
98929
42569
63067
27611
78487
52541
41893
49037
17837
26161
26309
37649
1277
29399
96671
49801
78853
81677
79621
13681
42611
21023
16829
26597
39359
99397
75833
33037
39719
30449
31271
22871
20611
58913
45191
18061
64951
38053
19447
94781
4519
68477
587
17669
42797
4363
15559
50387
37831
47563
10627
3259
61231
52711
88667
60889
91573
60103
61487
15263
43867
61469
7561
72893
78853
86357
74941
16631
85049
41981
22921
90121
21611
37171
74381
77279
97459
6481
76537
68213
63211
88241
76949
54181
41051
19429
11251
80239
51047
23099
92143
35279
97001
66383
4519
30403
23027
71503
13967
95737
49103
84377
11329
59419
84389
17203
60953
88897
93241
55631
76667
41077
40637
88379
53899
56053
3253
2447
80489
22643
93187
74521
84431
64499
24659
463
61339
48991
62099
35317
14741
91459
80489
37441
16063
63211
57641
24481
3517
21737
5381
5903
74713
49037
57571
92077
71363
54877
26449
79903
53791
32771
58613
14251
58099
6421
96043
30971
16069
461
49943
43973
72869
71503
31147
61871
88661
10453
33211
71209
52639
39043
42499
6673
28319
91499
84467
11423
11069
82339
16097
3593
36947
2063
44131
5827
19181
46411
28621
19861
7577
48479
51109
88817
11731
8423
64451
52517
51503
62417
66541
73939
1229
9967
67927
28099
64007
61051
33349
31177
25349
34141
24359
52721
50333
30341
73589
37547
43403
15551
46507
17551
50159
51599
88499
21163
4003
65393
21739
83891
47507
13327
78439
41189
77951
17449
77447
34129
50153
27581
32143
57737
60101
98387
92083
60919
95177
1433
81101
60103
61981
30293
1901
16417
38791
61819
36979
54181
50839
84017
21863
18311
49669
29959
51473
92657
95549
12713
79987
23911
21397
39679
72727
36979
15607
26737
21751
59617
78049
4597
8089
56659
42923
12011
21379
8839
19919
79867
67231
55061
99581
62989
29723
33023
71
30253
87557
68111
48989
97117
48247
72053
75853
35027
31517
32647
13043
27983
44507
25801
1693
1997
91303
15937
23633
16361
46301
43037
64693
98869
76943
74167
42331
43103
21001
23761
5281
56149
62047
59263
25657
367
74419
22973
44797
96457
52879
2957
13841
22859
72469
61223
17011
68261
32377
16963
96053
57709
41039
1471
7457
79181
51683
55933
91163
25577
40583
54559
44273
36073
6373
91033
51797
42821
79397
97967
60509
56207
3623
63533
34231
2309
10151
65309
94109
25307
41729
40591
58391
44159
76207
95279
40763
58543
3943
75869
46663
14447
2381
60449
95441
29453
64373
6427
43867
63131
2143
42073
36373
83207
75161
9109
98669
61583
47087
78497
26711
30763
19861
59149
21803
643
54499
65761
49801
84589
54973
44657
75407
46889
26003
73583
15877
62819
81233
71777
39079
64937
41777
4903
66169
85243
72497
94933
97607
84673
12799
15083
46187
10691
53
25667
50101
45343
18379
10331
883
1471
1381
5011
34231
30871
63629
34483
28627
44851
95731
49739
15809
4159
80917
85711
76679
35257
22469
27479
98369
75967
2707
25229
98081
54497
12263
94603
52903
9743
88003
67709
72229
43793
93383
20849
93923
51241
47293
20921
17117
10267
56783
25849
57803
78713
84919
94009
569
95401
66919
30817
25321
26863
56767
72167
30557
20407
50993
58309
24551
24623
32833
14249
2267
757
68531
74489
92369
8581
31721
983
33073
4159
18401
1609
58477
6521
44579
77377
65027
59471
87679
3929
78317
9293
13721
87719
62869
66343
68687
74177
48371
64399
30071
39671
66973
40823
1109
53923
4889
90917
68483
21379
92959
66931
87433
52627
14057
45377
80191
68207
19121
38237
90149
40709
49741
90439
67049
70949
96281
34513
28631
17011
84521
15887
14747
78193
37871
73063
66931
24821
18637
9923
20563
8581
77591
14033
4817
82267
90931
5443
6841
70853
89809
65123
48437
86587
32843
52153
84181
78887
23227
39217
31397
80317
499
74611
59009
86413
967
20959
49037
51347
24631
95153
78977
48197
36493
97379
8059
57271
96661
53047
77563
26017
36097
90089
50741
86069
5923
40519
45413
77513
37747
93941
41467
81551
93481
28019
65657
8123
20521
11351
44867
88007
89399
10867
44179
70849
223
22549
83873
40277
77839
2699
18979
7937
93923
6113
28807
21841
32531
58603
71741
82231
26113
99971
61609
22921
87877
2341
89653
26249
85781
51217
83233
22271
95339
79999
72931
86783
74449
12739
84691
53117
51407
21433
73019
4159
60719
32359
49789
84391
367
86993
6007
28603
1531
98213
51631
40493
73291
43093
44131
69401
50551
33119
2293
56501
42499
48947
9497
4933
63439
31271
77351
68881
35899
15907
10957
65293
74071
49277
22699
14387
71143
77899
63659
25301
20011
683
66851
48239
36343
27803
86249
59957
4793
68147
17299
57221
97001
42641
92467
81307
69761
15299
24977
77687
5927
25409
64171
25969
29947
75109
48449
44449
71069
56747
14431
14723
57881
77551
92957
28627
90263
19777
21751
98123
55001
83257
13009
21611
60427
92317
7583
75403
46889
29173
29611
36269
9239
77687
35863
95929
19081
59453
60623
68659
1049
2441
40973
20359
10289
96497
14951
26449
3907
82619
54959
86137
22709
13477
46933
42499
22921
71537
56929
14731
63929
18803
19927
40583
96703
68633
80651
15887
96461
35969
40343
60083
59539
73433
26347
81031
13913
94109
21649
87959
21683
3163
47609
97499
22727
46771
12041
4157
22381
20143
36161
13759
73607
26431
13831
51419
93053
29483
45247
67993
87223
61613
41863
51361
28283
22541
96667
79159
39563
27893
21487
2543
86351
81203
15187
33359
70439
30671
97583
77929
98729
39979
5737
31123
46099
95633
15569
30649
97553
27883
36583
59107
23039
40637
86861
63601
1361
89491
12973
70313
52609
19457
29017
87293
86249
67043
33751
94483
36037
14851
11161
45329
22639
22433
60689
79973
7919
72959
45013
1451
21101
72103
39383
3719
11149
27749
49537
1019
74297
76463
19237
1217
21407
87103
69029
34361
91541
757
51481
36899
87547
11447
44131
18869
4483
42773
48539
81439
54497
8537
40507
88093
26261
63103
647
65543
2801
52313
76943
72101
89449
7219
54559
37123
18493
99371
90149
26557
74201
18899
62053
32251
6883
71411
91229
54559
60251
14737
3001
3221
76303
6257
84421
89567
46807
77377
2819
33413
31121
29569
73699
34061
57853
62761
33347
71263
12917
74699
36469
52721
94793
71249
5639
69779
83933
88681
94781
44351
45413
34781
60737
31729
4007
77291
433
74843
84127
70297
35339
19403
64921
94687
7207
35531
97303
17123
15461
99989
31973
28627
35839
22861
12553
8377
3823
41117
42853
14321
54409
28409
88609
54673
853
79231
36451
67477
19997
9859
67537
52817
42331
24001
63361
1699
49783
85259
65777
23663
2897
21407
43
32203
18077
12613
5347
769
39791
80263
92317
19421
11897
89867
60293
96487
71593
72271
37489
21227
61729
83617
433
6803
76481
17683
19697
70949
39461
62653
57943
29629
14389
6569
4651
82261
6449
4691
97687
81401
72613
60611
18731
67273
10531
11471
30013
67369
82457
66919
6173
82339
2711
40387
25033
32633
52859
62869
97369
79193
4027
59863
49363
6961
59999
76207
26113
83063
26261
90127
81463
20747
93187
17627
23203
20107
25409
33179
66541
29759
81017
46051
13963
74357
12227
41381
40507
96401
10247
79889
44771
28627
70619
5309
13687
69389
58601
5683
54959
17389
22637
76079
5557
93133
80149
60257
19079
37573
87977
98807
67391
85847
26759
46933
10831
50159
72161
30859
40829
11443
87739
24317
1553
71081
14561
17167
99527
98041
21221
68899
47917
62983
5437
84319
50311
49391
17509
21767
19571
20789
58579
16111
16033
7841
70867
22973
41513
5659
63671
50129
56809
53857
14321
63493
9103
85991
31963
94933
79697
92347
14149
51977
77731
27917
83203
86587
70849
17519
827
5119
66359
52861
59051
75703
46751
66739
70201
26251
20717
54773
31237
90533
58913
78229
20809
99233
85751
7489
73517
81953
45307
97919
70201
11161
41233
89213
96419
2861
15187
63097
19333
67429
63689
94651
62423
12379
99041
37307
94483
1301
14593
12433
79813
39239
51133
25169
59747
1091
33599
85991
1783
57203
79427
7549
55697
2237
56269
47129
56941
89083
30271
12413
6451
16223
91573
5261
293
94349
30187
6131
94687
93719
47351
5231
14723
18341
89393
21407
78781
98047
48883
12157
4937
4513
90631
67987
46171
50131
52249
92707
86161
62119
18089
79481
28087
23561
43049
94837
613
29531
91823
75781
45631
5233
23761
4159
44071
4027
69767
80173
18077
48193
719
45013
79769
33493
48817
659
66457
45869
1091
42209
59063
17891
50459
23339
42473
35993
69763
35447
27631
22811
40153
16369
27983
41467
77323
97859
76673
4999
42611
13901
6163
12589
55411
73
29429
79979
30829
45179
26711
82889
32833
17389
83059
3691
1499
94889
20123
20219
47963
78049
27947
93719
93607
84481
49393
85837
20117
49831
88129
42331
23719
10487
92737
5167
23687
86851
96259
5189
19979
82799
62351
70571
64627
72223
1291
28349
27779
49123
9467
26821
59023
1069
44729
83243
86711
26813
94547
54323
57713
43943
20507
6737
45589
26399
63463
75193
43781
69833
47869
58451
65981
54133
43793
76031
52903
82457
71821
87803
17987
93427
16487
60727
49139
15619
87151
80749
86693
43613
82349
65179
97441
18743
19813
82913
45161
11833
33359
70327
64483
74831
82813
66179
63311
59567
49207
98597
57667
70841
64927
79889
98993
1747
62201
80677
75269
44381
16619
12911
11621
21031
86693
49831
54779
29221
84349
55633
43487
21523
74219
63629
25621
9007
95789
8669
20357
93763
7951
60101
71147
52543
66877
50873
9857
28001
36341
24083
8423
78853
9109
75329
31517
94007
77339
3229
34537
97553
14897
91393
72893
81689
36943
75437
22259
71347
27077
34171
94397
35597
82129
71333
34897
86509
79337
8111
80713
94201
53299
34763
89137
47293
43159
80329
78137
40427
1543
55009
31541
54851
1811
89753
90203
23671
59513
4673
58603
49417
3461
3727
83341
12097
99119
16217
80863
52163
66821
59167
853
167
66037
38707
66853
71359
16073
31327
12007
54287
46447
10837
27611
19991
62539
17033
14369
11783
42677
84463
14029
39769
70913
36007
18979
62039
77899
6323
72817
4021
91243
57829
85853
57301
39827
14249
7529
47491
59281
99257
26431
53777
40993
87359
27011
77801
65371
4787
9343
68447
74159
48341
5743
35423
12613
46261
21313
23671
49481
86197
31337
13313
7559
21821
2729
31957
19267
70177
87491
49871
72893
70177
46051
81031
9941
63587
31247
93179
18787
25867
15859
59441
17789
14831
57149
39419
54647
99551
26591
45343
86857
6691
3851
28031
35531
15299
33967
97177
43607
86323
24749
70003
13913
76607
49663
55061
3373
27647
61153
11467
7753
2927
70849
80077
77801
32611
48779
17929
67957
40277
42773
23801
87473
33377
41849
64399
26879
8117
29527
95479
77141
5333
44819
2333
39209
57601
5827
30197
10861
22669
90001
51473
60509
77951
89261
12517
69149
21319
21023
9829
35053
34583
86029
72937
63419
74573
90931
2671
48593
47857
48757
90703
22943
50153
34897
61781
68683
27077
89123
6163
43331
38501
16657
25439
51551
69493
30259
11119
2179
9343
5471
99409
2731
40933
73277
16183
65447
89387
78571
27457
36251
50383
51407
80221
56401
34759
19681
87973
9739
88003
32603
35081
71707
46441
61561
37517
75227
26881
68239
13723
44839
11801
91433
45433
86461
41887
42407
52069
45959
9341
13933
82847
63761
39089
57047
25171
21577
30469
65371
81761
18367
97103
40927
91631
74551
60509
21017
71789
73091
92927
98597
63913
91127
16693
84979
46877
25601
14783
71593
47087
88337
54949
55313
10487
14251
77023
3529
19421
17749
91459
13151
10733
19699
85361
10357
719
1511
42649
1453
98561
56519
73133
95231
46573
17921
74507
99041
27409
81707
32089
81239
7547
58453
60209
77017
6277
21193
50513
13103
35461
2927
59447
1933
1901
28597
17707
73961
54949
87317
47527
76829
75389
15121
1543
84313
60169
73181
56963
4079
6659
92959
79349
42043
99787
75709
93097
70381
57859
68059
60821
81409
53849
49993
80173
47339
22643
76289
46273
23227
55511
72701
53089
94999
41263
44939
47419
58061
32933
63703
1753
71081
79847
48593
36833
70157
67231
32803
17971
60497
36341
881
74687
30403
12487
63313
31193
27091
42901
25601
82559
41357
63629
55411
91121
24091
77587
71807
15361
76099
63347
89087
87553
81359
49033
59183
47527
42467
28591
59063
43789
36013
1049
62347
97021
29021
58151
3739
60919
24877
60289
127
74861
41213
17737
48619
94789
29
8221
86929
48383
85109
30403
7433
37511
12007
8689
60953
40591
96377
65729
39719
24071
72073
64187
93901
18077
21839
41143
22727
39631
47629
77479
39983
14197
50951
79427
49199
16363
60763
71129
44273
30223
35993
90917
24107
6469
91369
5231
13907
11633
5443
34897
2027
91583
30577
70009
79031
23509
63649
45553
67943
1511
33703
58109
59779
32003
71971
34429
99041
30559
67399
82529
56821
59513
13367
87973
67789
18979
181
78713
66973
38593
95717
39119
57803
89
94109
23201
2969
52733
39409
16421
51949
16493
26881
63697
94273
70849
95131
9221
73331
47459
9787
14243
22717
67153
59729
10781
40123
64849
85223
58897
71413
38921
70393
92173
4481
11273
6709
92381
47569
53161
97387
50053
99871
82483
16481
21683
45131
59809
10979
33023
67307
61151
4423
28393
51419
24533
7243
479
2557
15541
31219
281
64037
75133
25307
91297
48109
77489
10357
75539
83609
40429
19727
80737
79609
281
2417
59707
60017
65701
95873
64381
29027
3691
3823
68437
50069
25097
26339
80687
37061
5843
57781
98717
74161
63389
68399
51449
26693
37379
69029
15241
16901
57269
52973
56599
94543
7211
53173
36899
31751
14489
96149
18523
23831
56713
59729
1571
51061
18229
11971
95929
33547
90203
31883
38303
54959
29671
59443
20981
68483
7933
70117
66923
45691
47777
12641
54941
94789
21149
36013
929
24977
66047
60611
22003
50459
53951
86629
55457
44851
28663
86351
50969
38197
53407
43223
7841
39043
38371
57709
18719
10601
77591
1277
26561
79187
50849
73651
34721
77743
83561
29983
12073
55633
6029
63389
14437
65701
36037
17491
35089
55823
30449
34369
86461
32561
55921
88177
24251
14629
21121
80621
68881
58199
96989
2633
27427
42073
85439
4969
12647
77491
93703
65171
31121
62987
20477
449
22853
24683
23831
41411
51607
42101
51679
93187
93187
49603
21107
90127
55381
80279
79337
82549
19031
65111
49433
14939
32533
51047
44351
75617
26573
92707
82007
75611
2357
4423
68531
55631
82699
46439
67489
54881
82997
52511
45557
53149
77369
17359
24121
18839
71261
73259
37951
98251
88019
467
13619
93497
30773
32503
20693
5783
79201
3359
35933
70289
80177
641
82531
4243
55997
17989
6451
59729
36083
45181
13591
37441
46051
49787
17851
95443
75731
67807
92173
21023
22739
67699
29389
32803
22073
7727
65851
73681
25583
61409
35923
31981
45613
40283
25309
16703
64499
43963
69859
32233
11261
38219
69233
98369
39241
90397
82457
23689
67801
389
47779
33359
26513
8017
99103
15307
50849
29599
89597
65119
35899
50707
4253
54907
25673
23189
86113
58967
13903
3299
28751
45179
8963
57689
17539
9151
55631
28513
45589
36473
76507
71293
58237
70183
88969
7349
3517
12653
63353
40361
92737
16903
14593
13469
79393
90149
56773
41981
76387
5477
10259
35851
48677
6911
60773
37379
45289
77591
70717
61031
41341
66457
91771
19727
8089
14951
83609
2467
30539
37561
44699
5333
24373
63617
84659
29363
1787
72229
13711
72767
3361
26539
12923
85201
84319
30161
2251
84533
52541
16453
16607
62591
28181
1321
6203
82483
6451
44269
25229
86587
21881
90019
7541
43933
65599
1867
87743
24379
34807
91459
71359
953
53987
26647
28669
77783
72671
61471
29009
42689
75577
25229
24509
76493
51871
55469
99173
98011
96451
4787
94447
43577
86533
72379
61417
73613
44123
26017
33191
65687
40163
85847
10987
82013
9127
12899
4793
90011
14747
89783
60689
36251
16529
7649
67493
2549
67531
23633
307
40577
37963
49639
45667
54311
55229
66863
6833
26557
33749
25583
91121
99259
43711
99259
51767
39733
56989
84053
89501
80149
89689
13709
48947
33739
27773
26723
57097
54037
541
60037
87121
24509
92173
9241
50411
87973
80071
58363
22447
26113
65831
19841
57781
77743
41681
52489
87383
24571
61231
25303
28219
48757
40813
62201
97177
74941
46021
12911
19183
41143
80929
94483
23269
67079
86137
98011
34157
10303
72901
88411
72109
55207
11437
60649
21649
22229
48109
51631
19949
11597
57899
91711
43607
48989
79241
53987
2129
16633
93323
28069
87481
26237
82891
48821
19037
44579
83003
39439
35897
56663
76579
44971
69691
42457
74869
11411
48647
62819
64187
9551
32869
60223
43889
23399
18773
55441
32497
25247
94933
48353
78467
37181
19373
97423
88069
6469
11887
18617
65707
2423
95083
22679
96461
95087
23087
26189
61051
18371
60509
83701
65407
69193
34739
2837
99251
47843
38333
24943
57139
34583
20483
16061
12113
33311
16741
28871
12401
41521
17
80471
45413
59999
61253
69539
29717
91733
65983
98129
9901
71483
25841
13901
54377
27697
89051
4133
37853
15173
88721
99823
20011
53731
50971
65479
24247
64763
14221
44641
24391
32323
91691
26107
51413
77797
85159
93113
28661
66947
9127
60943
3371
26171
96667
40739
80147
64109
90931
43787
93283
91811
76667
58727
83243
98869
22783
6317
52973
22573
66751
82009
5419
15797
44123
4373
96931
51431
42953
36781
38039
11287
37463
92233
76403
37717
4271
94849
36067
46507
22817
6481
90011
32987
80749
58367
3371
57427
35869
36997
16871
53201
87083
84457
7673
16183
54251
93131
87691
65393
71821
5779
29077
29789
34301
98419
66293
6599
8941
63397
643
74933
27689
38201
73483
1021
13033
64663
50909
98627
18797
48647
33161
33529
57859
53051
1747
73553
10867
37061
37691
14887
73943
90901
52981
57943
78791
2999
46919
33533
13477
99761
92987
54347
39857
10711
44621
52889
70061
95629
77339
70921
45503
60209
4817
43441
23663
56783
59069
62201
63353
66601
40801
82633
77761
47981
27631
5923
38737
58171
41077
97871
73189
20359
72031
76333
36493
86843
23131
28571
77093
10559
3779
29761
98689
88807
25339
17909
96469
72167
96337
69691
12101
82067
64579
94573
20759
53269
82531
83791
41851
59809
41681
20897
36721
29483
76753
39371
55733
12491
23293
68897
58367
99991
72077
28631
28279
27031
23581
15647
12713
6661
51407
60953
64499
21523
20113
33967
87583
29209
87223
883
6883
38201
37663
1039
71237
10357
32353
50971
50789
2081
89821
77617
59197
39623
17333
70919
14461
16447
51283
94771
2927
52609
76541
6277
2213
34549
93887
99551
99013
80363
82241
97367
80167
70003
89797
65699
15907
95803
23131
44041
28771
97187
47639
59167
78929
26431
31771
62477
41131
98251
20477
75937
1741
45841
89527
70709
25121
35393
28621
191
81527
32413
27077
9811
86981
63949
28687
79147
86753
293
97927
62861
63421
90281
54269
92219
7639
41897
81817
36457
76303
8017
61057
31121
72271
98369
41143
84871
54919
29209
4957
5119
3677
20183
12007
71261
34471
99241
36653
26993
23399
18127
14621
76679
11351
69709
18947
5641
3491
99139
85847
88177
32411
56473
89069
35869
12373
61909
72893
66653
82633
82373
66361
36473
14797
14549
5101
1021
73351
25463
60169
96731
30643
49499
12401
55501
37223
58603
11443
67709
11197
52363
55333
28871
72089
99929
55351
69499
26699
31063
5233
27367
6277
52069
48311
79627
89051
37781
29803
5099
80917
48647
18433
29599
2851
93199
72859
55967
1303
88897
25939
7177
90833
51001
51977
82241
20543
31489
30403
52627
25261
97459
1097
73063
41521
34687
28319
3109
96431
31063
25867
67757
15187
58997
26993
41647
53959
33151
70663
57977
30293
72551
93601
81553
10163
54601
65983
46559
96401
80777
43961
3919
33757
30809
31849
66973
12323
12161
10427
25943
8369
99139
19687
27191
1301
38153
4451
4793
36073
40123
24907
65707
8329
15629
70891
41777
54499
98669
84347
84067
93427
7019
33613
93337
9343
79823
30491
66601
98563
51853
89329
86813
73823
29021
91331
39233
65101
90841
40591
36037
16619
521
11807
25423
81353
37441
28949
22777
6379
31121
30817
32713
64013
6397
67567
57901
37447
59567
11057
99137
45869
3923
30467
91397
54577
78571
69623
12343
41357
35201
73141
20089
72817
67883
35069
85213
50291
87559
58997
41257
5879
28559
34939
10259
19777
41467
17471
46103
88729
3637
56957
53411
62099
60521
52253
79669
34607
52957
81307
96419
20269
98377
41641
99713
48463
93097
96157
82051
39623
16033
58711
32957
67829
50833
47137
81119
18211
49669
41491
44257
35447
99817
21397
89657
53101
17957
41549
51797
61441
23813
77621
86531
29753
6737
21557
94441
79813
24181
79621
76831
41233
31033
33113
82939
2377
64627
44909
4799
91283
27749
5693
93419
35117
42373
32401
72661
44027
81967
67157
77447
94513
73189
98927
80789
32719
69401
57179
56131
92681
78137
16699
19163
74293
139
93377
67723
51581
12329
49999
59029
32479
30059
87481
45557
67489
60217
90089
62057
15091
9437
4603
38861
4729
84869
82799
3947
82759
65563
28069
92627
41333
63527
92593
60457
86981
93319
28297
18131
743
11411
44647
93967
94427
48119
59
85427
95891
77761
92723
16447
39799
66523
2897
95917
90227
40927
17789
3389
46499
73369
96443
12889
74021
23957
29387
39233
59921
69493
18523
49801
58763
98641
52253
57859
37691
95539
72673
38039
87641
51427
9343
97151
50093
95443
42463
45827
47059
26539
40129
4493
15671
96497
76913
99119
17827
98257
88789
58477
92767
66173
34031
48487
15083
31259
81671
12899
57973
23911
94117
97003
27067
15307
57737
48109
62311
9533
96857
53899
863
71353
99377
14057
54679
31663
93419
72973
1201
55127
42379
22501
70199
77359
48157
10691
23993
59753
3329
34483
11321
70877
16087
40609
86711
47717
50753
38821
77893
34747
79801
70199
5987
76963
36097
95621
41771
94063
75323
73121
82721
20873
92479
27809
6151
2477
99013
23399
57601
4349
5471
9377
98297
6701
23801
16193
11807
32411
157
91019
47147
2579
93487
72901
5381
19213
16087
57803
57259
22811
17321
51787
9439
67523
73709
69763
69481
82217
15271
98473
47527
31231
79967
30259
86531
2017
2399
18757
98573
33071
89521
26737
58679
81667
1567
54401
24169
19727
20899
73897
27941
33403
33641
34253
68489
3923
93763
311
80239
5407
98717
56911
21401
46649
21121
89563
81359
19051
82889
39239
64709
45433
86951
76091
75793
68891
70627
90313
19387
40693
52457
89203
53633
13469
82811
58511
18691
31657
63311
28069
30707
4021
22343
26309
71339
75407
2141
84061
45887
98129
78137
17123
52057
89809
41051
21523
72949
20323
74101
51631
92467
64091
30059
60271
70289
50627
48751
57089
7841
59663
99607
42937
31667
47947
50627
57557
6571
29429
11471
76333
34841
63853
97283
43291
71741
8779
93497
69739
23117
88813
96259
87313
15907
75209
7103
80221
28571
68443
45281
13187
76333
55049
80491
87539
51347
61613
58229
3467
823
3259
45197
11681
60413
33113
73721
48479
4523
15313
56197
55103
4049
67447
61493
2851
72073
98801
34847
1987
51257
21193
14159
2687
72493
91249
20233
89891
13873
1381
67219
37879
11593
68821
64157
80221
1181
87833
51133
1789
77611
34631
35279
57271
47297
87877
25411
15227
59219
31991
52369
60937
36973
49199
4789
70991
1907
37987
37493
72031
26161
32933
8849
30859
96337
31489
13513
88423
31
22369
40961
31531
11617
68447
64109
27941
53359
78437
44579
64693
89653
5297
37957
15959
87403
32027
45677
25939
19429
96643
74411
50857
21169
69899
10499
1193
55049
40639
31469
54167
7489
58151
73121
16843
74509
20341
53719
84347
16871
25763
32653
39503
35869
88079
6287
98899
86201
64919
36847
60077
85297
94961
79967
71633
61519
1787
27617
64577
47791
77797
73583
71971
4931
54547
95009
25183
49193
48847
15413
71081
35983
40709
55219
89627
58189
7247
59753
15073
56041
24121
98573
76387
20593
3557
61043
69439
30853
96661
10111
93481
77141
97729
29411
69119
37747
33811
1151
79601
81439
16363
757
2477
92107
48341
15497
65413
51521
95219
37549
96353
84659
29389
87517
89071
37861
82241
22481
35951
51001
1741
69779
21017
10853
6151
27127
44687
71363
42943
79337
42451
7883
37529
21799
12893
42667
50329
34319
49331
21961
34261
13457
24677
81559
69857
84467
15971
69263
89779
47419
2557
67547
27031
79537
94349
63743
10259
7573
99577
57149
44777
70969
93761
42839
86027
97073
36979
431
15797
90359
66889
84053
79201
17839
68819
58243
19777
76579
70139
65599
43391
44839
62233
95111
33391
59359
66509
6043
97787
82237
48859
22111
60373
31307
41341
94253
5189
29363
46261
70309
73237
82139
91691
80273
33931
44867
44449
78511
23473
60937
27733
90149
57413
66029
77081
43633
85829
5309
60617
18461
39089
17389
77569
9227
71287
16889
7523
11503
92723
79601
49681
34231
87323
1579
8297
93479
36761
96557
93169
14563
17713
74611
64853
23053
64661
59879
88259
30187
86011
67783
81619
4919
6379
66883
78809
2089
25849
96443
52223
12149
39343
63409
56041
59887
74887
2459
93047
26947
31183
88919
50377
41161
23833
85571
98473
42487
15017
82721
83561
52127
55849
1933
72053
85061
13721
95213
74293
45247
27191
52919
75149
65029
40189
19609
66109
66643
91573
29123
457
20521
34919
32713
5023
66601
96739
96749
22193
39869
17257
5393
8783
90313
40471
27967
67709
23269
82037
4483
47051
65479
35381
29297
49927
56989
70351
64679
42979
6983
44389
6481
67121
77977
11251
19009
27253
12907
53173
89867
79561
54469
28183
68141
32909
4133
1487
21529
55921
3463
86369
68917
41453
75883
64709
85667
25771
45337
97501
77527
60611
8233
53149
82609
6997
69737
62597
71233
56957
95327
1231
77359
73309
22669
76207
85627
58789
92627
8581
83641
76253
69457
29191
4703
14939
2423
83357
93053
63587
87701
52747
1459
99809
18257
36107
12289
23189
34159
67139
20269
10597
76163
16831
45667
30977
38333
8783
14387
81047
29429
44927
97967
53201
97453
33113
19441
26717
79043
95549
9283
33521
73037
11393
3643
38431
17989
61729
74509
26309
15809
5503
13907
79273
92233
66239
431
30841
54517
94201
97171
1483
19583
72959
13841
68099
25771
43789
86069
71537
13711
68687
5449
81101
32869
81919
8287
4211
5023
937
88397
44711
16481
32707
44771
6131
76403
20431
24419
68687
1447
62311
50951
12743
78941
50867
2371
27109
40697
81359
14423
89633
45949
36793
25073
58427
27437
11069
30169
84313
5237
41897
39367
84199
113
75377
35617
43661
27329
82339
41981
5903
99259
50647
91283
46811
49747
10567
1907
74219
27779
27817
10687
65777
64231
74759
46831
23743
19387
11549
81353
80231
99793
9439
1597
47713
34667
43609
88321
3253
75979
15731
77801
75133
13997
44579
33619
48079
36877
49463
34327
359
76379
65003
60821
87911
18493
99497
18311
49409
31267
93059
52127
14843
93971
37589
81533
67217
6379
65119
87793
98807
13049
3911
11909
79367
13121
90523
78517
72337
28859
48889
50777
77471
98251
79631
88873
11113
27481
65063
4909
46337
73547
95413
96097
23801
4463
43049
41443
34589
51431
10007
39563
65089
93809
59149
40499
71807
61381
1627
84191
83843
44497
59771
31643
73379
39079
74131
22709
73859
25801
91781
9719
65843
7853
49871
54059
27647
51971
80263
293
90149
44383
20029
99023
91081
54181
13037
1223
20233
4639
42611
78229
89867
75533
1117
43649
89591
227
91969
80231
25771
30467
60703
61463
21211
78163
89753
33739
11579
65371
95267
19997
96997
38651
57731
84163
91423
83869
43793
77687
26539
18313
38639
73847
8563
23003
18731
71551
52963
50873
91841
50423
44777
19531
94427
4093
41177
92227
92107
72251
68111
96323
89449
5711
92959
21143
26417
457
34261
33119
62081
95731
9199
79943
80491
17827
2377
63277
14563
66749
42307
62039
37447
15073
98251
83401
46061
12071
13313
93083
94169
53527
39511
56737
52067
4157
68777
15787
46349
47041
11681
24413
45289
59113
97177
27337
2137
26431
13313
21943
45061
18947
79867
32653
75557
27827
74903
92569
91303
63073
40939
15331
641
83983
43753
82469
97081
51827
46511
47591
227
48799
84649
74573
8933
70121
3407
20219
53411
2713
41177
1721
41507
84991
53699
46471
71879
17137
18523
63719
12329
10457
34513
23203
21613
58073
87049
36209
77171
84047
39769
73771
90107
33893
41281
91703
13367
28753
56393
52579
77591
46061
21001
50231
61871
62119
23081
6263
59929
74419
18583
14657
27817
47137
89459
21517
34171
94693
48823
44843
11071
65629
84179
79973
14303
10391
45893
6949
56207
46919
48679
3041
65563
22993
23549
92177
32713
23021
47933
78623
3697
60623
64693
6229
43067
56737
68927
90263
64817
30773
70327
67651
76631
85843
27947
64081
54503
59567
23053
65599
44279
40231
45533
47809
80147
58439
78311
17431
91121
98213
26251
73907
97103
86531
39163
57853
16103
41141
72869
57559
98717
33749
19051
72547
23117
67349
9343
77291
30869
6599
77797
22441
83843
18617
61871
50177
51307
16193
15971
48371
84947
66221
11813
44207
40189
54377
90703
54721
12547
24121
65701
77017
18229
4817
35839
60209
88667
90679
70061
54547
33289
11489
15973
81409
14107
52571
2591
55229
47137
94573
96697
21817
53267
79633
1249
71347
32057
47569
99713
59281
62851
58147
139
5333
82939
78941
87539
39373
87011
44867
62189
51001
4621
43541
85213
55457
4691
3673
50821
2063
65761
53569
14897
23189
70439
36899
3911
67789
59951
15467
97369
29063
33119
68311
20719
7949
31091
32059
37189
30181
70223
5351
47251
13441
69911
90527
20947
44203
75703
90263
3797
60089
58061
56591
82013
20641
57559
52189
18089
66239
82613
62563
46477
13421
2767
61463
20051
10069
28549
86629
24329
96401
60167
59369
28069
25237
61687
93319
31699
25247
63337
54499
45077
77689
29173
2399
62581
28219
21821
55663
34123
91019
46099
26981
23663
74149
587
91193
96851
22343
30011
5393
49393
43237
13187
43067
55109
28631
92003
60077
863
87433
84809
88117
54721
27737
15263
22853
78139
85213
3373
1171
31723
47
53089
34369
45833
677
23977
15737
1811
50593
27631
2153
32693
52709
4621
73589
39937
38119
25819
81281
97171
23269
46919
41179
9551
53777
89293
48677
22369
10937
947
1543
89849
52999
48649
86399
53069
28711
92959
1511
95273
74933
32257
71821
9281
74903
99523
32191
5981
13877
83399
57899
96199
41381
85517
14897
29033
8753
7517
81547
19471
3389
26017
59693
35993
56909
16651
37573
81701
85237
76253
14747
3691
42533
86369
89069
68141
2281
12239
97157
97001
19891
3019
56599
10831
44531
82067
1709
89867
30937
35257
24623
30817
43541
7523
14713
59377
66629
56473
197
29927
92269
653
72689
26431
49261
77867
29287
59341
85751
94111
72103
30637
34757
52709
22303
70201
14747
33349
76801
43717
46451
44939
77969
11783
56989
50069
15803
69431
26713
15161
37991
21001
31477
82729
25771
33287
42193
37517
84653
48787
21599
1181
17971
64283
46049
72271
1597
39383
72503
45413
96401
39541
98467
69991
21247
17123
88903
52291
661
23539
31477
75767
59053
65543
55813
19213
85903
15443
75269
21191
95071
41911
27647
33223
96017
82189
82549
18199
79867
61441
91673
90659
27211
93811
16451
14561
21313
58787
85853
85429
30347
98377
77419
93761
42433
86771
49927
89137
38281
19477
29959
25247
45557
27107
17483
82571
9533
72503
41081
56299
65717
42743
65111
51767
46471
88801
7333
89107
40213
48677
25237
56087
56207
22613
28349
81077
90289
74287
44711
30427
86539
82073
20887
88169
94219
91823
94109
13879
25163
43867
52057
67247
9187
727
80557
86627
27299
32359
15271
61961
22003
71153
25703
27031
12853
12401
36451
62687
17351
37061
12541
39581
44753
7019
96221
92233
72109
16519
87793
80777
12511
56911
19219
55621
6197
25819
823
85831
35419
86861
71389
81421
10529
78439
12689
36529
39563
88807
52631
28927
47737
58511
38917
7993
91583
15667
8053
63391
37607
13127
8419
70573
41897
69119
6907
8117
68489
29399
52511
26863
80557
49991
11677
42751
48883
7577
52289
23623
95153
75869
9643
61933
45491
96323
36683
79943
14081
88259
18917
9439
54469
34439
37357
25601
24631
5381
76343
50543
4621
1277
48661
19427
50753
5903
6983
49411
62683
60449
53699
30881
70729
547
27697
40693
31601
1237
87491
66601
42089
16273
65003
80963
23197
96179
29587
45887
98377
34961
82619
91811
69821
63067
73589
97499
25951
51307
23593
35407
87181
18041
13763
87959
46051
75389
89627
56891
10177
19001
69431
16871
61613
42227
57917
77383
23339
43991
17551
87881
39199
46441
1879
61979
12967
64373
70439
34591
6791
1511
72161
38671
98327
39679
20693
62017
90731
40787
53527
27733
73181
88411
44381
89689
7841
30859
70951
2693
59557
91009
88499
77899
62939
3821
93083
67261
59753
46181
66943
44963
60161
24179
2083
19571
43261
39419
86197
5927
58733
68993
41357
53017
85669
93287
47711
47147
38459
87049
75389
63097
21191
96757
25657
99139
29251
76913
9791
67523
95327
21737
57881
8311
16901
29531
40433
79259
26953
74573
6991
56131
20297
6269
28813
20731
3541
20173
72353
7127
3343
50441
93251
5261
42043
18637
70769
76541
8713
95339
53959
68279
829
84131
64609
40531
55721
81097
61667
1987
94543
66601
25349
63281
85793
82883
22853
10061
88843
41669
57719
29
60343
81919
14407
70621
51419
87887
10141
72959
8677
65213
44587
48397
59611
83719
44129
17489
78233
34703
96557
15233
37591
48017
14699
26953
25153
43913
82763
69493
27983
16763
54541
27743
94727
19681
29063
58579
67153
75503
54581
63709
25219
10993
59671
10267
59219
3343
5741
91801
42701
44927
56237
51151
64237
78797
81239
9521
53149
40841
27487
53623
6043
74131
77447
24061
95717
68209
10159
3631
85021
3911
68713
82021
20327
11317
49037
9439
56737
8999
74861
74203
35311
36721
1013
49433
85021
68879
71671
12697
3739
46573
37813
76717
41927
40471
33749
21799
14407
52667
68447
1373
74021
49207
67429
13799
18433
73181
3607
25621
58403
27673
33203
99377
69827
76369
19181
81353
84229
55633
40939
12979
35533
76213
81817
62401
3307
1429
26497
85717
74821
78203
75683
29483
28463
44017
57389
6073
19379
60013
23333
83063
30491
91283
78509
69143
67427
10091
71453
85363
4967
39233
87107
63761
4523
96601
44221
82051
77569
96763
16823
55927
10151
3779
87509
50849
31567
29153
58427
88177
94789
85199
60661
39971
89317
59753
17317
59971
89003
72733
66377
22571
51539
70207
34351
15287
3923
80567
44633
54679
98869
19727
61007
78803
53923
72679
78809
35869
93419
76781
13033
96167
12713
36683
98519
49529
2269
71983
81049
50527
58391
86369
67481
55373
10079
50989
46567
1667
90847
32159
3769
25717
2111
93497
39499
40813
16033
65809
48407
38459
36457
91129
71941
44963
13907
87181
65731
62861
60617
6779
14897
9901
61091
44497
94439
28429
71633
28463
15739
62483
96847
77417
11807
43399
77339
73943
4021
40499
26777
44101
17669
10169
83813
37243
21911
44281
47933
30809
33613
80233
3271
15643
30971
48673
83233
6389
46141
86077
44657
76129
74713
2843
87697
93383
19301
15263
3853
58129
69767
25969
11159
82799
26161
75797
12421
98207
85531
37087
15787
11677
27779
61333
31751
22501
5879
37529
61961
38629
20089
76943
41243
60103
82469
9209
32203
81509
83009
74567
29581
3533
43717
53759
48857
39989
96323
2207
91373
84121
46271
78593
69473
21227
64171
44483
96847
15919
5
59399
26423
44281
42533
50549
71089
49043
29423
74311
6689
5297
98849
98533
90031
60607
57719
1907
7669
56983
17747
91967
17449
41651
61981
41017
37049
62071
10253
80737
32369
22637
30059
91153
13163
75347
88177
73471
2311
67153
22079
11093
9377
24029
20599
64927
78401
88321
57667
35863
28517
27617
50153
95071
10037
11299
92507
96179
15107
79631
98927
99349
71471
41549
17293
39541
21023
59369
5003
71119
14081
62507
2423
8521
98573
26141
64871
18701
26017
7949
92297
70997
60103
49681
19157
93187
5851
51427
71147
60913
24547
98897
14669
9721
37357
87041
71963
32633
58543
82903
88771
84047
16691
36137
97609
18223
5693
56989
60083
82051
70753
73433
5021
43019
10223
30391
84121
13297
99833
48539
85303
93407
95803
45949
22381
73583
90631
18773
94421
57973
82787
10847
89203
97789
78577
65609
79111
23743
39229
38833
30469
86531
46919
18307
27011
39971
31531
66529
34513
15373
33757
61819
80149
99623
86501
65033
90863
53299
6529
78929
67073
4057
30047
45697
94993
33619
45191
44587
9239
17387
15671
89767
10663
91867
839
12347
95707
50221
44623
1429
39451
56597
55639
94309
66047
72559
43457
68041
76421
98377
55667
87691
49547
75167
39233
87037
2441
53269
58603
43721
8311
42643
21767
82387
26627
92657
93083
85717
95413
98257
2063
53657
85991
4933
19543
26759
67943
30529
78059
31667
73453
87797
1427
13099
48647
68683
91139
6173
78623
22447
89021
20347
70607
76829
23911
23789
15607
317
87961
42727
17239
30713
8527
20743
70183
5449
2267
223
63601
55547
18013
30773
20717
15061
19483
94723
90481
977
23279
6833
67103
37139
93523
68897
16363
30689
94999
11719
78301
71317
60337
39847
28109
12799
21023
89021
10429
69827
15227
96149
28123
77713
14249
46399
54151
18713
70501
7919
60763
12893
70621
70067
64783
10531
30013
93059
27281
9721
19483
7243
20341
21523
68111
81163
92401
8363
90617
1051
40637
35543
80239
37049
29881
91463
70379
66821
25097
80611
39019
56711
56671
15017
78787
37747
68281
95467
31327
773
33791
95731
88651
58243
211
95917
81749
99017
60133
56417
57149
88493
99823
27487
13007
73673
42743
11149
72077
51971
32027
3469
16451
64951
54277
36653
29063
35419
49633
1619
20599
35353
44699
99469
89867
95813
9293
7151
10709
50857
9677
48907
10529
39113
95801
61981
77003
77687
45779
96931
81343
51239
92657
49177
62501
75437
45691
84421
19739
47777
30671
36913
811
42013
86587
3371
55541
33713
5639
88261
25057
11083
73133
89269
94603
33391
48589
18149
6469
25237
10667
28069
79399
57809
12253
13009
57269
26777
16519
211
88169
74941
25183
18143
44851
99793
31063
7639
87869
84431
91381
60869
48481
23623
67349
46747
40787
23879
15299
67061
42577
16381
35353
34469
49499
55807
11587
1187
75437
7027
78877
24821
60251
64579
37423
23339
64157
70891
26891
89021
49157
15269
9437
86077
17333
3347
58567
12491
13171
18127
9547
83857
55207
97841
17713
16943
99397
70687
80471
45083
9059
29917
46727
36479
52069
4643
12413
31667
77003
23293
93187
88843
3701
563
14149
53927
74441
30491
22877
57689
50549
82727
86627
54409
11657
21031
14009
69151
45697
59077
35447
13093
31321
38933
17011
80567
41161
967
72647
13697
30367
10243
74729
74201
94841
71
25013
14741
94561
83777
24631
43517
96461
11743
29297
55901
74587
65099
44621
75013
44123
34631
40829
20879
85427
3433
88499
13163
37619
12049
10391
30817
36721
51283
14887
21499
91691
61211
2347
26501
63617
30671
94399
3793
67477
69941
28151
31663
85237
18523
50411
9461
7297
7451
67369
9403
60821
42641
18587
15733
97007
22349
98473
67523
35153
21467
16903
61471
17239
90583
21089
38501
79159
35597
71719
56611
10691
49169
91283
4877
58147
83093
82471
58237
53813
34297
20143
17891
67129
60719
20759
12163
6857
10321
89519
46099
82759
65831
19181
77743
94463
35837
81689
58427
10831
55691
94229
75149
12143
75289
39079
14951
3659
85549
38749
95857
41203
82339
80557
20477
86477
78823
64033
70991
20479
49667
51517
36787
44131
41911
85793
44501
58129
46933
20369
97103
59221
4261
659
93481
37
1973
62687
41399
23227
32983
56473
67819
5639
42257
5821
41143
69031
94273
76487
10093
21517
659
13999
30949
12251
19949
7127
63737
77291
84223
36857
17189
55967
87833
92657
73013
13807
62873
17419
77621
89983
28513
67219
51431
37273
59113
10639
29629
13163
62801
64187
8741
2963
31177
75079
52183
97499
1889
41057
59359
88493
63241
61583
8609
7481
50263
89669
72313
42193
20887
25453
27689
93479
5791
68777
7177
51673
28097
52697
72911
23869
30671
94603
60223
96337
53047
59921
77813
99929
1697
7069
17657
72367
60919
52291
22433
2
28051
17851
46681
72953
25339
1621
4159
17341
27487
87643
24443
44537
28433
94079
52057
15527
86753
90977
88019
5281
83537
17839
84017
59053
40993
19237
48239
12433
71
62939
59119
3463
3313
90703
13397
84649
331
75401
74471
88169
10273
59921
45979
66089
60793
1109
3929
38609
971
51439
15277
64123
26171
199
26267
62233
80599
10009
47521
81737
27883
25301
28409
67601
61651
96667
40031
37123
2153
62653
19433
15887
3119
34147
79699
68447
33547
77003
98179
16141
67369
35869
45233
67477
18461
85093
86143
71119
49037
16361
56171
20123
7573
5623
2621
77017
14461
87679
85853
13441
90271
33179
70507
24359
46573
84443
87037
94033
56479
24061
43759
76511
97157
43399
14143
65147
11171
82913
99377
55889
22963
81353
95707
1571
96749
23741
34301
75611
21169
96953
19891
78341
64319
9431
49669
78697
54167
92033
70769
98047
17383
57649
10271
31627
83933
2713
96557
24281
7459
47837
5581
81611
78031
5857
42373
56957
87887
76919
92203
2707
82787
45763
97787
3301
95813
53861
8521
1399
30809
64217
79979
40009
85121
71663
12377
47407
17539
51949
96697
32887
28649
29663
20113
71147
88493
41761
34141
75307
607
40823
41341
5113
75983
62189
7297
63131
2663
83761
5351
51043
94291
21559
86579
22567
90911
79043
4723
2069
37951
6869
33461
58657
19289
54037
11701
50311
42589
99607
10937
35227
49277
21211
95143
3217
70997
29629
36343
67453
70507
52859
17737
55807
46633
38039
22993
55469
34537
19963
27617
31033
64513
52567
74257
58481
48239
81677
72077
29383
17491
8539
17609
64927
83401
72649
27997
82361
40487
66161
10151
62011
17209
87427
76871
93581
72073
41351
46633
91571
223
181
281
84859
38153
78467
94649
7561
39139
22193
48751
37181
72727
27109
22739
44531
50033
33773
85621
58549
94421
34739
35401
94099
84089
31477
93893
84349
9739
40883
80803
53453
22051
72869
67559
9733
56827
63029
44741
12541
26669
90173
29633
20773
88411
51427
15307
14639
41039
23057
27397
30347
92077
33871
22079
28393
44531
38069
77999
46867
32443
56783
8329
87683
3229
53147
27407
12277
32261
59863
74561
97379
56783
16063
48787
62141
65323
53861
94229
41927
72173
31253
19937
27043
50311
42061
9257
2927
39217
83341
90439
25981
85639
58967
34763
26591
5471
4639
3067
45319
34843
98873
29581
34949
87151
93493
28429
89153
12841
7187
21011
11657
88169
80527
52489
16649
40583
67169
98533
97729
21859
43789
43717
65867
71963
1571
64621
25763
83443
7297
1571
4483
90379
90199
8543
16127
92693
40237
98911
42533
54469
78439
2417
46997
80149
10313
24919
10889
32299
80537
28627
62627
11587
8737
8837
50033
37693
44041
6947
60317
4733
39541
15121
58321
71983
92369
33871
41879
15731
59809
28657
64679
1877
73961
13003
80599
75307
23669
27739
46663
4789
14143
65327
50893
37957
39983
20693
12119
1117
21673
5417
3389
52511
5009
13093
64483
43003
28949
41981
60919
78593
86389
71917
7883
77587
31607
2437
48479
14753
15683
88589
15287
56611
69857
82237
35149
20011
8501
1613
86729
41641
20663
58073
59921
16319
44123
49157
38971
65921
65983
44119
43013
52903
76243
8387
45137
22769
45179
74923
94439
50101
1423
22531
16301
64381
11329
55667
59723
56299
40423
63073
6661
6553
42457
62467
9967
77249
12433
56473
30181
99707
22391
46829
67273
70321
93083
59011
4091
1259
58427
11681
73679
90677
53441
53117
34613
14293
83009
46061
5351
35327
65729
97649
10607
33703
19603
86381
8111
97549
30137
8419
56311
31543
60917
77351
72221
57653
52511
79699
89567
61417
63659
7561
62869
50053
61283
45343
10883
45007
61441
46219
65831
95089
54563
78049
76963
25903
36637
8543
50263
24547
70223
77153
72923
59123
12809
98473
10067
91541
73651
86323
1741
12923
28961
34673
66509
74797
43759
67003
54121
38167
93229
80341
44549
30671
72977
87911
17761
79889
17041
28517
29833
56149
74843
29129
12157
10477
88813
1249
86771
97367
25147
77029
92177
4259
51061
52967
47119
83203
82499
34607
35911
91367
43777
12899
41669
39229
41179
60761
40343
76031
11863
63527
33851
15667
40153
17539
8893
48533
20533
50363
23761
28631
57367
83701
8821
77047
66301
57773
59369
79367
84067
72431
51001
37273
38699
87881
6761
44021
84143
57191
7307
75721
24439
53269
75767
82891
23321
3049
3637
32987
67783
48593
661
4219
29833
30293
28099
98911
90887
21101
27509
17807
58237
4019
11897
4019
24007
64007
43969
22859
7057
12487
54331
8101
43543
36877
32213
13127
59611
49891
60337
54907
37441
79627
81869
21347
66037
89671
80803
39041
24767
12239
22921
87041
42467
46073
11617
61559
22907
92821
5077
85081
79901
56807
43487
81563
53927
24571
88873
43427
36037
74287
57373
74861
99679
94793
42337
29153
4177
80603
25643
69233
5749
26387
16249
55843
769
37691
55967
65731
50599
99131
22501
47857
91033
2903
13147
74311
23753
77783
17333
67939
87917
81629
50069
30071
3923
91243
77017
7451
51407
47977
26317
59107
5623
10211
65777
71569
83653
68443
28621
90523
56809
52067
65537
58477
56711
31511
45737
69493
42257
47903
60029
92357
15641
44617
80233
27211
73709
69119
63611
90619
80527
84913
37309
2689
95287
72647
3769
28759
99623
2803
95131
16921
96451
26407
62723
87559
79043
97729
91159
4973
44221
80111
64921
10529
89501
54133
66179
28927
2549
15809
81041
74713
99223
7829
59263
5779
13487
86689
23879
66841
23677
72817
59377
31271
92647
70139
22157
43291
75239
72823
31687
61129
7589
66359
76163
98773
37643
83423
7043
3607
15607
98929
39419
631
62683
3907
54001
11813
62701
77573
93941
91691
8011
33521
103
86453
43777
62773
27103
7523
64969
45491
6607
50129
42331
82939
3529
96259
65651
76031
31249
48281
52201
91837
62989
68437
7741
42379
74707
90499
60737
47417
31513
5861
66037
12251
79427
24821
14657
6397
23669
71153
19937
34211
82261
48907
63313
29173
39671
11717
84181
46853
32341
14159
7507
54869
6397
27427
19423
72367
95203
8191
9521
1913
23801
82421
80071
84319
33911
9133
84391
16573
3323
29123
92791
13267
14447
93083
65677
56101
18539
95561
80611
16921
27809
86243
347
11801
7309
27191
39863
79367
50021
72613
61339
33457
89431
97379
4057
55339
42901
5869
53593
93967
21961
13007
39857
27457
86813
69233
98561
36607
95071
49549
81043
27281
72661
90199
92951
21737
81553
45389
56731
3329
23981
92419
3851
62273
6899
92557
93169
54331
21683
52259
2927
38557
45127
99439
59473
19841
89393
59443
17581
81869
85303
78941
47569
32063
37061
95917
27791
86477
92083
98347
27583
49747
65981
76081
92863
18397
98807
53279
45259
59341
84859
96527
20509
17729
55927
74923
34981
17341
23029
47363
42677
78229
65147
31531
90373
45083
63629
78889
52733
58207
86263
88919
7817
22573
95231
32839
10853
56369
60089
52919
43759
10513
10331
15307
79601
79817
23911
88469
18701
15061
72019
40151
90227
62563
32303
60649
10177
48883
60887
31729
80153
66467
68053
49081
32717
29611
14321
35597
40529
91813
929
63541
1439
2393
38393
12379
72931
82529
35801
90289
87107
71789
44887
86183
68897
12269
59369
55469
66173
69151
28843
57973
15313
74027
37717
22901
95089
16829
50971
6337
17419
14347
80363
74149
28499
9479
2833
49993
42961
22037
90371
55967
82507
43591
95311
82301
13577
66919
15217
54421
32621
81647
35509
97151
47491
47269
6317
7757
32309
19081
42499
67967
84437
8297
7993
38699
8353
67801
1319
33161
55639
77263
67751
14057
58699
30517
12841
23011
71849
77951
51217
50867
40153
86111
92203
82913
74561
37273
98299
3803
71411
4793
45971
58549
6091
68899
68501
47161
2243
56401
4637
62753
48589
30119
85513
55333
33773
1289
9049
54437
20533
20599
63029
7703
74903
18121
68749
31627
65357
10853
27449
55291
38629
4339
30181
67829
77557
91199
83257
13487
23227
72307
1601
20663
15277
49367
56873
42179
87793
18731
40583
25873
39929
88993
44953
23929
22669
41281
11069
40013
8969
17609
36229
87739
35327
48787
99833
38629
20407
24019
78721
67987
56807
47293
74779
51199
39569
10627
97001
30253
94057
99109
44201
4289
82939
93199
61483
35141
60343
30449
96797
57829
58679
91499
26249
15391
58921
9127
48649
11519
487
97381
57529
43517
653
18229
56099
24749
15173
61637
5087
40973
54667
27539
57457
96851
53783
3917
26759
37573
83443
4289
22613
88427
43237
23789
87691
15973
91577
72073
44203
33409
72647
48649
47279
55457
53189
87049
76631
59113
15923
38083
79549
52201
54347
67181
41011
5867
89891
86083
60017
76753
32029
73
86269
32573
47459
90073
57349
6043
8893
4253
80347
2377
78163
90997
39443
65831
65393
37123
59083
37489
70207
27697
99119
74297
39619
69143
19727
96233
70621
49451
34327
27823
53939
61949
52163
73553
38317
84811
97
17257
69457
21661
99881
24781
40471
6199
56401
71789
87443
2609
74687
91961
85517
37871
63901
9239
62143
87403
54617
19609
18521
8101
80231
20879
80621
17581
76343
36299
51797
66569
57667
95561
36527
72251
58687
49547
99139
52127
1427
84431
88667
9257
61631
8839
23827
41507
58579
80077
78277
75689
89293
20983
33577
433
72623
51511
67601
60821
757
55579
6203
9613
68111
90971
13759
37511
27449
179
32377
44053
2731
14419
91367
26099
28403
67967
6823
1523
35507
95327
36637
45823
90533
36923
14737
3527
331
74509
35747
15667
69491
45673
90481
85147
7681
61879
61331
15287
89303
93607
69401
7639
61967
62939
67289
59743
45191
87797
41801
47221
66431
71171
43037
92317
94169
74611
13327
71789
87421
24671
45863
13883
35747
66841
76913
39937
94321
40763
60317
20357
49193
91309
33317
15739
41491
48091
95231
137
95549
5087
1213
9767
93199
22817
27809
89959
6779
32933
29017
37991
54013
26501
71387
71993
6911
84017
97021
5659
19541
56671
11369
45841
61703
12739
42101
13043
53693
6043
64601
85607
70241
14323
46559
56501
3307
36109
71347
36599
72383
60917
39659
53201
54167
78577
18959
48779
32213
83791
3767
5981
58913
76733
27611
27077
94099
32779
95917
52163
93407
83401
33857
33181
42197
60133
20357
31333
36097
7253
76379
41981
80021
6143
34631
80749
53719
94007
64817
90073
46451
57427
97373
23719
70181
48571
50051
41927
63527
13763
45817
27527
82903
39581
57163
74509
61463
14741
53849
3209
64231
52259
85733
77137
67631
15137
15859
71761
87481
39043
16253
60679
93763
66977
73727
24007
9689
60611
10159
41687
25873
20483
31601
19919
16229
17863
74831
8863
13859
79847
38177
35447
36037
9883
16333
98641
61967
52121
95947
69697
51473
21701
30013
4177
38453
19421
49991
77243
12197
77359
53693
76919
35969
28403
79817
75347
8243
82889
5021
67153
40127
74357
17837
62213
8623
59399
81019
73679
67153
6257
3323
37013
6389
48541
57173
35597
40357
12941
20113
34301
73721
65011
44021
6863
17191
11839
17519
9467
78041
9257
66683
10531
35111
57077
66337
13577
5801
8647
6121
67547
96553
11941
29063
15307
71861
19583
24917
18757
51197
23789
16567
39659
48221
92861
4327
88741
1151
52579
77977
4547
68713
67271
607
24547
18541
94151
61673
84809
48299
42227
46723
19073
29129
87877
89113
27847
22943
27827
22787
96847
66041
12577
64019
99241
87973
29683
87011
25889
82787
24179
73189
87623
77477
103
95087
12011
71999
52889
60793
89897
2129
43487
71933
27673
22037
95923
36451
31481
38959
89189
81043
75239
12763
49279
22637
94201
61819
9011
59921
43223
95071
78787
84653
27487
51511
27653
92641
21839
33349
19069
2767
97397
34403
25037
6113
20903
13781
95959
85247
9343
4283
46829
34471
32083
98101
42323
35221
53899
33889
21017
94433
11437
6221
9001
3989
58943
77291
16369
31627
87421
64283
13967
8221
24943
58771
64679
33811
92041
61403
34849
1877
61483
92461
21613
99181
95021
37363
69127
5
67961
66467
31039
18143
18307
15121
19403
25409
74021
80231
61543
52121
64381
57041
8663
45497
90163
10709
8627
73883
67489
95233
57679
33029
5309
64853
52901
11939
93887
10303
43451
93377
34747
56531
19993
20149
30013
43019
11369
71563
60647
24109
3547
75391
47591
37021
43517
77747
79811
62141
84509
20393
16369
22811
84979
62143
24611
13121
40867
3889
38851
33637
29077
17123
69317
60317
34157
88069
97987
78541
70241
92693
40499
18637
4957
36097
67993
73823
61643
45161
41603
72643
18517
74959
24443
51551
17011
3371
29131
49031
33479
38303
99829
33563
85847
86467
15277
54493
59107
23669
7591
54497
72251
56431
1913
94433
37579
68209
95267
46567
96697
96667
9733
2837
34429
24407
43159
12517
2221
15121
69197
20249
92173
27509
16319
1637
98621
66179
8423
23017
89809
57241
85933
17137
6389
673
57649
7867
41597
78059
96527
56701
50441
86171
7411
74441
33413
90529
77171
30341
22453
99643
29833
32531
95369
93103
88339
91423
66533
69557
29947
7727
8209
25087
91411
27691
96697
36629
96289
82613
42499
5683
99901
19037
48973
99349
38653
4057
47221
70853
12157
47251
23719
86767
63397
62969
46643
61031
81119
75983
44453
34217
45943
17761
21193
83537
88793
55217
59567
15731
83561
93287
47791
90007
74923
31891
2617
81083
32831
33613
30203
50909
24859
89917
98047
80953
30637
63281
13441
70351
36067
49253
18719
37123
22409
98227
32359
85999
33893
48221
72977
52237
60647
72727
56267
71537
91397
71437
80917
97379
7643
79397
23909
99233
50707
73259
25229
97157
96973
58153
98849
90917
9281
63901
61961
56053
61631
23917
63541
33577
12323
60917
34519
31543
11161
13003
44071
33223
38371
79979
21613
34273
7001
7561
25301
18617
44111
72043
14753
24671
39827
77621
59069
70793
17681
5939
36637
52181
29789
96329
9127
35227
81799
21341
25057
53923
60793
78517
93979
57467
22453
58937
37217
55103
98411
11471
37963
41203
34381
36319
5693
19843
16453
14737
31817
47309
34781
17551
72497
67601
89119
94057
56239
81749
13883
10477
14071
83987
31511
36011
1439
2339
22853
79901
94207
29527
98953
91951
36919
93419
77681
23417
6917
7103
58043
6733
74017
71983
21149
76831
56417
35509
57781
55787
4363
92899
91969
17203
40253
2887
75653
12277
5717
72053
479
42841
7349
11279
28901
22871
46831
80749
38603
12473
48677
66587
62099
48779
13649
58403
62761
29473
47639
44633
12161
92377
4663
49477
72481
49031
1607
50957
14057
39341
58337
10091
7219
19237
6553
58271
83357
92809
14629
72893
45083
33767
69371
80279
10589
42187
85363
85237
66617
48677
49481
15373
38707
63773
42577
7963
53069
37871
66809
1181
31063
12919
3011
74027
94399
35573
60041
15149
54449
96857
58031
44189
37483
95311
19429
80141
1721
31957
95191
77317
48341
13523
35437
953
4021
719
56437
47933
93701
41611
72307
66853
62869
6551
94693
52813
75337
33739
79801
31159
24533
94421
37951
37309
96137
21391
64453
15859
13681
95507
38299
19961
29483
89917
68281
79979
43487
26371
36541
91411
26713
3797
7547
36241
43093
13151
70019
82633
44221
64693
53777
28297
7477
27481
96221
94903
57503
5861
56773
99719
1637
83557
29401
587
74747
27883
20921
56813
54577
18797
84961
75401
4729
21739
3583
65011
12197
19387
59671
27739
49157
97259
79627
11243
97649
77587
59671
73121
81049
97927
51769
21587
78137
103
34273
14821
19501
83621
1087
25111
55793
20599
38651
94351
10993
25237
22091
60649
87587
79967
49199
50359
22643
80287
23321
69859
69463
32797
85313
15307
15859
12577
41737
78583
87803
69151
63067
58921
73613
35339
76679
26161
81041
27091
29683
72911
21017
50147
81173
8689
87931
94033
22397
66593
50969
17389
66089
91019
57853
33287
27997
83219
86171
47507
97927
36523
47699
7247
71503
60521
74707
74219
71479
18367
22277
72271
87107
79861
93553
14639
30829
47743
99431
32569
36599
43721
54629
45503
81707
86677
25457
67421
83383
49697
19309
4339
33347
78317
60953
42283
87641
47507
26573
74527
26591
31573
13513
80863
51719
91387
79283
84503
31849
29789
91151
30977
65269
73303
55331
27059
88817
98939
69337
56101
39791
25673
33941
84521
27689
33587
64871
22381
42443
5087
7069
60251
37993
70619
91529
49297
79697
24181
71741
57859
22063
45523
83591
55373
81869
98597
15749
98317
50971
68491
37561
17477
45053
16603
32687
6547
8581
14771
54577
30133
39461
94561
99083
70111
53527
79187
86627
55541
22543
58631
51713
41179
54727
72923
82153
89633
63149
57697
69709
85717
94117
1451
35419
34369
80933
1019
15137
22291
5791
47507
15497
7247
92381
30553
2179
18269
13037
51133
58603
45817
35437
82007
26423
50893
13337
17747
68531
82037
23203
56249
9013
91367
14813
90917
90709
76919
67273
71917
97673
72823
94811
63607
87211
68437
11621
37799
75781
1511
50101
11969
80207
22031
59083
41
28703
76471
31657
41539
2389
51827
91153
19759
20327
67891
55889
31063
59107
109
55243
5821
51229
81637
46817
17761
45823
9521
80347
13999
46141
28517
96661
67733
87643
8693
14251
43319
27751
85303
21491
17093
60289
94063
63913
42169
82307
97327
49037
66977
90031
49789
90163
63781
65629
20743
9871
631
79889
9833
78919
239
92479
8293
89959
57991
88951
67709
50021
18451
51427
14449
56369
76463
72739
76603
11821
54287
72707
66863
21751
74873
73453
66191
48593
48869
13933
98963
25639
27449
34847
42299
36073
74897
30763
70381
4973
44267
25601
92957
11321
41879
51607
8179
77659
20177
34703
38317
72889
67891
43787
29129
4637
69593
35747
47837
79967
6971
66337
4721
72353
19183
12697
90931
33547
47777
1063
68161
14519
70141
15889
93997
18899
86929
86501
39541
40597
563
10181
47419
65497
46589
89839
15569
59273
8627
98887
10837
11287
84857
52391
79633
13499
25841
68791
4549
15991
50549
59929
79889
60919
24499
83869
16729
67601
96973
56123
57593
59753
73583
9473
37847
26821
19259
2557
59441
35977
34537
44501
59771
18413
18541
56663
72937
23029
78787
70867
92641
9343
56779
99709
26947
757
71987
67447
87011
6301
97151
33521
24799
80473
76283
93827
23593
95957
8783
70529
59671
6449
24571
27211
4603
36451
8923
43223
40169
82813
62473
54973
50101
12163
81761
89213
27043
1907
40433
14923
63853
87443
43889
90247
12377
29717
94951
179
39971
96907
24413
10847
85061
2411
3259
22391
93787
53087
40123
2089
31513
32297
95947
72503
74201
1279
24691
99469
26839
811
63097
8839
59141
43793
65587
47459
389
23369
90481
59119
62473
87221
36251
60331
11801
56417
21157
76129
86927
56431
41801
38867
16651
8761
59707
6067
97927
80309
38299
33493
7121
19697
68437
97613
32423
35537
51421
12713
73351
87587
2381
18539
69379
15227
16427
87641
82847
24103
8089
3863
89123
66271
20771
80363
70921
14207
51001
71353
75029
9007
3541
71741
2729
661
9137
59473
54959
17377
263
51803
83383
98717
18379
12791
55343
29339
21107
12329
28001
18401
6073
40253
54037
63067
4153
81083
57139
17431
13613
17321
62969
71293
4421
92381
74861
12697
26561
67891
47737
62351
3539
65129
1103
18199
56779
49919
33529
43487
11551
7589
2357
86239
59693
5303
88469
80239
63691
18523
8821
59957
52529
29021
47161
983
28597
11411
55201
26839
38447
90547
6199
76343
55921
96959
60217
85717
16453
95003
3739
59407
22619
63397
1297
5081
57269
55799
7829
71551
24953
61043
23279
1867
15091
85831
43003
63179
17987
19793
86813
23431
19819
42019
73999
59561
43237
46691
1601
23539
87881
51343
92821
3607
8563
94079
41011
36541
3877
14503
82559
63067
27617
44053
33703
32969
71867
50593
50329
82571
6949
41687
24509
52223
30757
73529
91837
46219
31769
34141
66383
52937
42379
10613
23143
23557
40099
62213
4507
35153
89567
96553
96497
40867
73897
69029
71411
73681
87739
65323
11743
12437
80209
49529
32647
23039
50461
32083
13093
33911
8761
82883
93923
51413
86629
48809
31153
95617
65557
67429
6841
89317
88789
91193
22123
35281
74077
28859
7937
41203
23431
5669
37987
43
42863
307
17207
66629
14771
47659
41227
23671
57737
62233
36529
14411
95713
92503
30557
53959
95339
77641
88663
84751
54037
5113
29063
83719
53407
94837
54577
24551
54293
37489
65563
12433
36097
3413
53917
10993
35797
93383
13183
19553
52817
86869
74161
53051
78401
2003
62207
44983
29927
90059
84467
58693
89107
69763
40177
87313
14489
29851
67
70571
46021
21277
19181
83591
12473
31223
59119
32321
92381
45259
52511
16963
66943
51581
67271
29
45827
55621
59209
42227
78787
35863
24481
2339
70583
98519
94709
809
41887
21401
96959
397
50767
77849
48353
48487
503
99559
31253
61861
3011
41257
2381
1601
39619
54973
12473
68899
15173
33199
99733
35027
76511
79579
27529
12413
22453
93523
11789
91433
53201
94273
28657
28201
1171
29587
83857
49207
92761
41887
75743
4517
32831
34351
15683
62053
42013
77141
34253
51239
15349
63521
47963
81569
22811
52757
66403
42487
59611
60353
80897
22501
24317
76837
31307
2797
27253
60661
66457
95971
47581
12479
91397
17351
34583
17981
20809
9337
17189
30449
34841
4523
78277
6007
9949
16829
74099
81971
42307
32189
67399
32831
8009
71963
88129
83477
84391
35491
809
32233
78787
59707
15823
48119
29
24359
32941
96269
66403
79309
46061
64453
70501
52009
33529
17483
21061
65579
35527
97813
39989
43609
88177
9901
20477
10079
10627
70067
59879
76697
33113
71713
31319
46681
29401
26813
96337
26183
60373
41543
80231
47819
2609
1583
7607
41761
73571
27143
20903
47713
30469
13859
27509
49843
45389
33923
36191
42239
39863
60589
54347
69259
15161
14771
46619
94907
74923
33829
74527
89317
95713
83077
43067
90947
67967
97577
76579
37699
62869
36739
11813
41941
21193
82793
57751
8731
96851
21863
43969
82723
29453
17021
73477
65381
54829
50359
59753
39217
34519
96377
77093
28433
67261
65011
21019
95539
93763
37363
48871
57259
11813
49103
90247
33427
88019
13523
22111
229
33749
19181
2269
70583
91423
78889
55049
21991
1951
79241
87013
28621
67103
81349
14843
50087
44777
88093
5849
62897
54437
13907
6361
36373
13759
78517
68399
15671
29243
84047
90631
92107
2377
50849
21401
97387
71563
63689
79031
53401
95989
45893
86491
58687
80737
3727
96179
34381
14537
82997
84787
33937
70657
88883
19237
15439
36191
29759
30637
11069
92467
89209
37649
44089
36067
99347
85837
79187
6997
40763
57923
91283
34369
16007
5569
43649
30941
80513
89387
63697
48647
16493
74209
21739
77201
35393
41981
90749
67427
14591
53309
22573
64063
94651
47903
56591
73951
8329
81953
33893
90641
7177
29251
50651
96211
80677
98009
51109
70237
26209
84377
39623
86573
63929
96979
43691
66863
42467
43487
81409
67231
18583
90989
54881
69073
92233
90529
61057
93523
27983
48179
5531
4129
37987
70957
20477
68633
12409
89809
86783
41947
96461
3659
32573
22709
46867
31687
31859
12791
46727
92401
57191
39521
40493
7283
90373
42821
81203
22259
52289
83843
74419
94889
15217
34649
2341
97021
53377
64187
92221
98999
86351
47819
18461
49339
46441
91867
7001
95803
18839
73883
66973
44041
9781
23537
23027
1801
33739
24767
45953
7211
33149
14173
48073
53453
87623
49207
92077
68683
44741
67493
20393
93979
89899
23311
28151
65927
33223
14327
42821
52147
35753
58631
50363
5431
3319
71777
6263
14323
35339
1231
90359
87293
8087
11839
60811
9437
77983
75377
17387
48523
35363
94441
18587
28759
73571
99257
63617
99961
90709
29033
35251
83389
67987
86441
49943
29123
73327
24413
71317
39569
19541
85523
65419
61609
11731
73
35591
61637
9013
60757
53411
37441
50459
57241
78707
85831
74453
75629
43427
68437
51949
35447
55967
65981
79979
3863
65371
47363
4327
66931
69389
70201
27791
70657
51539
17491
40973
94951
54919
8923
1123
55949
25903
89459
20849
67957
3517
76441
76081
29333
88019
22157
36887
41143
75583
96703
12049
11839
85903
28661
91961
96823
30469
58711
40111
29303
67867
86389
29137
38737
76943
8009
39983
28603
79309
81611
31063
17389
51343
12011
41231
13693
96989
11597
7247
25229
41927
59707
33503
9967
47353
13337
6173
39367
26393
5897
61223
45077
92173
41593
57241
74453
97327
70249
40289
97883
89819
69959
13903
17551
97571
15749
61991
61211
28439
92377
37997
99349
1063
87559
20983
51659
75521
44497
8623
15359
48679
81703
16189
7561
48533
92627
61729
61493
9311
68611
95527
97649
9461
20047
18517
58453
51439
4759
4129
51941
4651
89417
87151
81737
98993
98101
95731
86579
71999
37907
99401
39397
58481
61819
1163
89431
4813
30253
40361
89317
17519
97021
60169
99233
22543
77933
30169
78737
17569
34217
26003
81041
23011
39569
8297
17837
37277
54331
36229
22699
1789
62129
50227
81649
18439
157
95581
72889
92789
69737
86029
75403
79151
33161
27739
75913
15173
78989
8461
21503
541
41651
95153
91153
64237
91873
27409
4073
11239
1087
52501
63419
14851
69233
8273
14783
52253
93047
92941
1823
42403
42499
84299
8623
58099
48023
38501
66037
74101
2963
55921
94229
75503
27407
78539
89
94651
27107
25759
29173
76081
98837
76781
3727
12037
83933
68447
54049
53189
72949
55207
1097
25163
80147
95339
40693
81197
7523
26953
28517
48341
96497
98407
85607
70619
52387
71023
81559
51347
60127
77279
16883
91463
53593
66533
82373
63617
45127
11887
67979
66041
77243
20717
81083
82207
91909
31121
1049
31723
1567
8951
40709
92383
7607
49633
75323
5527
35491
37061
12569
77969
42451
58733
1409
18671
70717
7639
36373
90007
55733
21401
14251
19751
33457
49223
19727
98663
92753
33637
76343
55051
37633
63353
59467
83207
59069
79393
66877
38201
24181
62053
19289
6053
73693
94379
17159
1019
22189
91541
51287
99431
9011
72727
70793
20789
76819
18131
70919
74317
12919
33563
2939
44579
54583
49003
33119
60763
66239
54011
26017
47501
58631
7949
65267
71719
31601
81677
51869
75437
85147
63367
17737
17183
55339
92707
85109
8627
53653
5021
87977
15107
30089
34469
86477
35983
83003
64921
70621
12919
6089
93479
1873
54751
4783
10789
50069
9419
79811
60607
647
76147
73939
96661
95957
82279
32237
38333
19009
42307
9323
30949
65789
64171
74353
2039
55903
8161
38261
30389
81667
42751
21179
43961
28661
92317
91459
78887
67477
81929
53617
62299
2399
7193
79979
24421
22109
47639
86137
151
42457
94309
96893
35569
16651
6947
34483
17851
82219
24481
34877
30203
77719
9157
20809
3739
49109
9931
55631
50593
71987
64717
7351
42337
71059
17491
58013
3137
48121
55733
9551
7541
10639
56489
62563
32299
8447
67759
99469
38593
21493
11059
53353
3517
23599
98419
39569
47237
30983
2141
20551
10531
53549
67271
97771
75997
26003
1033
30931
70981
42937
95773
77933
21067
71119
72053
32213
87083
55243
11903
32359
45587
53887
32987
24571
12391
93319
51431
85909
50417
41179
38083
38167
19471
57223
15907
34583
20717
2203
16333
4373
92369
41579
84467
50417
97127
95213
70901
98257
90847
9739
3919
51871
81343
73363
30911
13679
81677
91631
9127
9341
18413
48337
11491
55931
49037
73127
24923
75401
69127
86161
42751
75683
94559
57787
49531
15461
43649
66137
26263
16427
83227
39563
9203
92899
28751
97967
72859
2273
20183
46679
32251
50021
78121
30091
82571
10343
14737
68501
9161
70783
4523
11597
18301
5563
35803
75347
87743
49433
8839
62057
12503
19157
75337
13063
36107
54667
82183
93601
43019
64451
2111
13477
92399
50341
56929
49943
85619
30313
97373
23677
2609
50329
83341
17419
49019
38321
3769
77747
27997
173
4943
91159
61729
4349
51341
92959
62827
607
65147
3727
27067
35983
38707
79873
2833
99367
93113
23291
34763
91873
61129
52817
70921
29423
17669
22541
61357
37337
76333
55373
85661
51767
66541
11903
5519
84137
29423
92111
58601
69623
30661
74411
33317
66103
81331
48247
21881
77551
63313
52627
35449
37799
40531
43787
98387
27823
65449
17681
90313
20063
18553
78017
11257
5569
727
17959
76243
51461
94151
6691
739
42859
30671
53693
19417
17467
37663
1543
89381
30169
65587
71551
16349
35729
93851
75209
90173
18049
48889
43969
93407
55589
73291
11083
21569
15137
24683
96893
15373
10601
31663
97459
87299
46957
63473
99529
45779
36523
1289
80491
59951
97943
39323
6257
73699
57329
63997
30103
12301
46103
48179
53117
61211
37339
11827
46681
20327
1621
31543
27127
10937
88379
76099
9697
89561
22037
14633
48473
22717
1979
56263
60373
73553
84787
65581
7583
617
98773
57737
90481
31379
91873
26293
73181
77839
11617
9001
75209
38593
58699
76163
71171
79147
19759
43403
16979
98621
5807
56531
77261
43103
24413
16747
55681
80953
7907
20051
9619
52517
76949
71909
5347
47807
49121
93481
28813
65519
15791
99923
87433
20287
69011
12109
7477
85781
563
36997
23173
65851
67927
15473
95987
66529
99109
87751
29879
17203
16453
33613
86851
95701
63347
38149
78607
54541
27299
39107
35969
72893
42223
59051
93763
14401
76081
18253
59119
26839
32237
2383
15277
1217
21559
7759
64451
75307
83477
3389
69539
49937
18041
22027
22807
93911
5279
41953
90547
28807
95021
31379
54269
74101
8179
4789
36073
96493
57679
7433
47807
56087
75833
13757
83227
89393
11519
5501
14549
10567
27823
53629
13367
73553
27901
95929
92557
56993
67289
52069
62303
40531
86381
4127
24971
23549
8219
9277
88079
52639
49177
69019
68147
55717
92489
55313
74101
2789
85517
44041
73291
92791
53591
5531
94007
42509
4157
77711
46681
21023
70001
21313
4549
84719
36341
52567
83089
38921
80071
46829
94687
23957
43997
58309
81527
107
49057
10753
25163
56099
23159
15091
80273
92927
65371
91807
1693
38321
59369
99371
81071
88129
34273
80963
36007
78941
82217
29537
97259
98257
57073
3803
57301
2111
51487
32993
45959
36809
39043
67349
85667
12781
46399
91957
92641
10559
73181
81097
2137
24151
75913
54647
79631
42967
36191
2789
16141
75793
80473
79999
35527
40213
5749
53653
15511
62731
76283
2953
97649
24223
10739
46727
40151
68687
92683
57397
14503
91733
81551
75577
99529
13781
36677
42649
9049
18353
43867
19009
563
30313
30781
69193
44711
44449
89597
92849
93967
5011
73459
98297
67829
79669
24659
49369
83177
23899
76819
37991
34367
29741
31547
53171
75541
88589
7993
67579
33331
62929
67391
66361
27481
94933
59473
8387
31357
11299
50833
56923
57193
14431
88079
47857
96979
8609
5503
15107
37159
75391
86239
21191
74771
48859
75833
25301
38651
4933
53717
13411
1493
1987
51973
7109
86341
52807
88873
2341
85237
25667
11383
22079
91921
28163
40163
35407
62311
41479
26987
2543
25939
84691
58403
58147
20051
53231
86453
37951
54713
78079
54083
89071
61469
71257
13751
58417
94151
81331
27143
9949
18439
47779
41687
74717
36643
43627
13831
32887
38393
48337
37021
6173
68141
701
13999
98041
81001
13171
56479
677
9643
49057
11071
97453
68443
58391
75913
38083
62417
41603
37717
40543
4657
61211
8741
64661
77713
77863
12409
88169
41269
70223
3989
5557
97327
46549
81157
84421
93187
85009
88237
29231
68821
51659
35327
89527
76471
59359
68209
64667
32369
38933
1451
86719
73643
2081
63907
877
16361
85223
17377
52511
45691
58831
251
99767
76289
72173
17483
619
87473
75167
83207
13219
2543
15287
99191
89003
70621
15077
69833
41227
50329
5209
41519
4447
31327
35363
431
88937
17827
77047
77339
39229
52981
44249
40163
85597
21019
52253
43481
64877
53077
69191
1409
76561
1657
2677
26669
18617
95021
317
1327
1033
91823
50543
67409
22189
28759
859
16921
47737
65497
27823
6047
51517
92627
49169
98323
47639
60923
76543
32911
50527
9421
23773
74143
58441
1459
83431
33191
31121
4463
27239
27061
45337
409
2239
13183
3373
70919
2713
76039
26597
3917
28279
42323
89989
75557
19211
88591
99139
41903
68531
82217
10601
47807
52267
27647
397
3793
44797
4297
24917
41381
72617
59197
58537
1531
26387
17209
53959
11831
87751
71633
94793
11117
8537
9241
70529
35023
61141
98779
11411
68141
20261
99497
449
18691
80669
93913
19457
54629
43753
56249
37537
17903
84389
23293
3727
63493
64969
44777
15901
39877
44741
77587
86477
7549
487
55901
38821
17093
76147
46183
35569
53419
13127
66947
54151
36541
18413
103
38239
12197
84199
19819
53857
18353
76913
75307
60719
53101
71261
13009
92107
78203
20521
28537
20641
55763
47147
10957
78139
13159
63607
99041
57713
53569
83869
42209
79283
10883
70019
23209
20219
313
74159
3023
89119
263
46853
40253
42169
53359
87253
11933
45751
19531
8423
24923
87887
57203
69857
93997
94603
66173
42533
77261
21221
61687
37501
92683
31391
30203
25243
43093
24821
71413
27617
26003
14401
20261
72043
43517
1877
5087
39043
19889
60139
19603
947
29153
88241
92419
23063
25759
2153
55901
24091
59221
32497
19553
69847
92693
94781
96697
78283
65701
44621
70321
77801
5801
57751
15959
75149
72091
21407
10289
85027
97367
44257
42331
70823
52253
12889
4099
521
29327
84737
28643
33349
82811
62191
31847
45943
14759
25589
62233
27539
27427
96787
57689
81901
91733
41467
33617
26981
22259
46301
93059
1931
3833
83417
48487
41263
78697
76519
72871
67891
29483
25229
82891
39623
73
659
7703
35951
66359
75787
96823
90203
62591
6043
44357
88969
17041
24709
43889
79907
76231
12821
91381
17903
73571
7019
51721
38933
71887
19801
19447
78569
57269
57301
85831
87797
20879
757
33311
91571
69677
28513
31039
83869
85669
7951
47857
38149
28571
53419
97007
74197
82007
78059
53503
23459
12613
64109
28001
70061
30109
36131
74759
74047
16183
26849
85333
8237
78101
18973
99667
94169
90731
60779
50857
38923
85597
99083
91097
76243
72701
2753
77551
83701
1013
91331
41603
97171
71963
64853
7283
8867
36721
61357
28151
44189
52181
91757
44963
99241
65701
23117
16421
2713
977
96451
31063
24371
18311
97303
439
87107
6073
18839
86201
33589
89917
7877
6779
80671
27817
94033
74929
61673
61483
64439
34781
52901
50221
46679
41011
4421
9479
26267
91283
63131
70997
77863
10067
85061
1063
25031
43291
59273
5981
10223
93487
81749
1361
1531
46447
823
33529
94949
71527
59009
41213
33317
71887
68699
5483
39181
26029
83243
20113
75013
55541
47017
63781
83579
12211
91291
52957
18553
32381
60611
23753
38713
26597
28771
73517
8747
8219
98873
28097
69557
27239
8641
3167
36913
86869
18043
92593
25741
59981
13907
89689
15307
92153
44131
24223
98909
9109
89137
74489
99871
40387
25219
67967
43973
20753
86509
35053
33827
42437
91381
41957
53231
96757
11783
15667
49223
36083
58147
6203
63347
4663
45667
42437
86011
1559
14327
31663
99877
74731
70639
55313
5347
6761
64633
7507
39821
33487
20563
42433
20107
5521
23873
87221
71443
89591
19471
5237
59863
94531
2801
76519
48889
46093
17747
86693
80231
59581
92849
81649
96179
80429
50969
94811
55439
98899
27961
65657
91631
82189
22291
39343
51257
10529
60913
70487
733
94819
2339
21107
67189
48907
58439
4013
6719
93479
8933
61007
43207
24859
37573
94949
28921
62753
50993
18481
31511
5573
1201
64223
79903
66853
57829
25453
3343
31751
18911
95111
40099
92723
32909
95003
74959
36781
42533
94651
38177
86117
73459
14153
13313
23029
58613
30689
40627
51503
82787
37691
58693
97651
41863
83773
83401
82387
88471
36947
18521
33961
96451
25411
81343
43321
25561
96017
50627
27733
75377
21323
26321
93601
25601
67783
51673
71329
46447
98317
7309
29663
283
48311
14767
39569
88007
73013
38747
22229
24109
73999
7159
93169
18127
29527
5009
30703
23557
42767
36473
3023
85843
31657
60107
44587
80929
1471
74159
46601
75983
52183
49139
23747
26003
19853
47711
60013
3253
95233
9587
62897
52301
16901
63241
54133
66359
93703
88469
57859
32173
77699
47381
17033
27337
48299
96643
41017
87041
53987
21139
78593
36343
98737
33403
62989
35081
86857
20149
26431
49807
36781
58573
44059
93251
46451
21397
66137
59611
81749
19391
97813
86171
30097
67399
67103
12253
54049
58153
8719
54727
81551
88807
21563
13007
91453
95857
73127
77239
9419
673
76871
67399
52511
62971
77351
59617
5443
79043
68111
7649
91837
73571
94463
64301
59023
46829
28573
47189
87977
6823
29303
66841
56123
83101
93229
10139
20549
82261
49177
51521
20323
77513
14207
4799
14173
41231
60217
1063
28729
98227
541
57853
75571
8539
17209
16369
49199
61981
58693
62501
67883
12979
46687
11743
13781
70937
91291
38287
37039
31511
92219
47221
25253
65789
94433
5471
41081
58687
80177
30389
18457
89923
48947
22343
12289
50767
43117
25471
23063
80803
52291
2551
78893
61469
81707
83663
70879
46327
90533
2719
85607
81019
13049
37813
22741
55259
98663
18503
80749
36343
91303
56383
10067
52973
49069
761
95929
18911
57269
22717
90469
78839
99581
1733
11239
59239
8699
67427
3023
38431
24151
83009
82237
93937
43789
71707
64667
5443
96263
86069
3769
93523
50789
95177
41141
18133
62297
9677
25873
95203
94441
77267
15383
27919
39293
98467
49789
85363
70639
7963
29437
38321
86249
96353
85999
35393
57809
47237
23209
6131
42391
12049
7919
84319
47513
77543
9437
9337
95233
70583
92779
55931
29683
82507
36779
87083
80429
64601
15269
30497
75541
49117
76907
72229
53069
42979
71707
55667
8737
27067
58169
46567
88997
93607
59659
94049
74287
13723
56809
39847
44501
79087
73727
69593
67121
56443
23189
85597
45887
21863
96451
47743
96553
67157
12713
21377
1531
16937
78901
43651
15413
37379
87403
37199
96857
62017
48221
41911
55373
87481
98993
95633
50849
11953
40577
31319
73237
8081
277
90379
69149
38333
57751
49459
80683
33893
85447
32611
503
80621
4871
26723
19571
70163
78367
41887
34267
33349
84859
5189
64019
39509
1471
87323
88003
7583
80191
99137
23669
77969
92233
37013
6911
53617
35801
41647
4007
16349
92809
67943
28097
98411
1307
2719
32779
22391
32909
50221
26423
7927
74797
87473
44071
21493
44773
61933
6229
52861
32831
44071
45569
68819
90401
59359
76207
13649
56417
99391
50873
24533
8423
28643
23689
67741
15647
50053
15619
54469
32299
13963
50503
49117
38803
42943
36263
3089
34513
66491
15661
95471
53239
99367
71069
4013
55829
36979
21683
12241
84401
81971
27449
59497
10427
18131
74143
23741
80111
43543
76603
71693
33791
62819
67927
71339
91367
18671
47629
96979
96457
12923
9803
11351
35437
14669
24469
80233
73709
21187
50231
36691
8087
30509
5879
51229
31387
7867
90059
62459
31181
77783
10711
95989
409
40127
42863
85087
19603
12809
5659
39841
65629
13907
26417
11731
13339
26951
19997
25667
64901
88793
69221
72649
22259
23599
30859
11621
69739
77003
45659
9721
67073
87691
94007
751
28753
37991
83071
59369
32119
77069
74861
47717
65777
50341
10711
50093
22063
17581
37019
53617
49991
4051
90863
85223
45361
36821
76441
82699
47041
65543
9413
89209
32297
72019
27529
5647
42509
84229
3943
37747
39799
26141
2039
97441
39769
99371
19157
80141
29389
67211
69263
48767
83891
139
99679
90821
96479
42737
29573
38197
58199
29017
61981
34297
71647
35879
10141
35521
65899
19541
60919
93557
7247
91921
67619
81001
72889
5297
35437
87743
10559
96323
50231
97151
20297
69931
773
5939
19471
13903
1871
40883
63907
19489
94273
30661
69383
62939
46507
9371
86869
31481
57991
20161
21911
85549
55921
59567
50053
82153
28579
33503
57059
65327
17033
44371
443
46237
19031
8713
99881
373
24859
53069
56543
75193
60209
52859
92377
8941
23741
72923
91121
43223
1987
47389
18251
39233
12241
81439
35771
85517
77773
2543
95339
45823
8461
62299
10211
31513
27653
87313
52067
87613
2659
58403
60293
77893
78229
6323
24169
49429
72613
42407
7993
72617
5179
5227
30241
86743
67931
73013
32783
31147
90217
75307
34589
32783
55837
3677
2579
73597
32083
66763
14831
49831
10939
23743
55109
59809
15923
2729
32839
51137
6173
16319
50417
69239
63803
92767
6911
56941
28297
14827
57107
98779
5693
36217
98257
70249
14653
32203
71333
3319
70237
45259
34259
14057
3823
59009
28843
42337
46099
22717
8731
54277
67343
17021
15259
85427
72547
13879
91867
5861
47659
71569
21683
9629
8087
78509
44963
38329
81677
16963
17137
13093
63533
63197
51683
11497
6197
72077
40493
42407
40597
1423
52051
71233
9341
42641
69809
57719
61547
32569
89521
37199
50077
9043
39607
14557
60509
2861
25111
66877
79757
36529
9929
68351
21841
45433
98347
73471
66293
22877
21751
44483
14303
4831
95561
78781
59729
17573
76081
6037
93923
30347
25097
54577
30593
51521
2713
14249
99523
24083
43969
67589
9661
87187
69143
66553
92377
83621
59513
22343
23369
14759
79829
27691
24691
25423
10853
51283
6871
72341
16691
80471
65203
78977
21661
16937
60623
6323
67957
96847
15527
8221
58631
8069
10957
68219
21529
2647
90989
64483
21563
16931
13249
85303
88729
26759
80191
1873
90107
88813
1021
1361
86693
57719
43753
67931
57881
13163
67807
499
99131
79559
90697
65287
24329
16267
72767
41183
55661
72277
78517
93407
71821
87589
2551
2087
6947
65173
21523
34849
92357
50417
98443
709
70489
80021
70181
29123
51913
51133
18229
24391
79319
74551
60209
64237
59021
80747
85091
93077
94621
71413
67271
37579
49277
58153
86111
72953
743
78229
66137
137
30971
67121
36037
64891
35983
5309
44171
20029
69991
84947
58189
5101
10391
57557
95971
78367
36761
21487
10133
75883
6203
83591
12433
82903
21401
93329
11551
9721
46601
48497
17327
52553
51287
53591
8663
19597
24623
62303
7159
1607
97813
18959
60611
71249
37987
62971
57163
99017
1399
1487
19381
57559
93787
4663
55171
90073
48259
24847
66569
81401
73387
15601
11821
69767
48571
90533
41849
15817
32911
1249
52543
8753
14747
91459
30893
78721
33479
66047
47419
60899
5591
93491
85331
66463
69337
75653
7499
96289
56957
42571
53503
20369
96419
7691
71419
1259
11213
4259
93979
31769
43933
74887
13309
31741
98801
70537
2633
29873
57653
23977
61463
79537
81203
14851
1087
20897
37517
20899
16273
71167
34537
2621
73121
42641
95549
51341
51341
97379
32237
71443
62701
4523
48539
9497
84499
3779
62627
63689
36677
71693
91801
20411
48733
97847
42643
58099
41969
80779
66293
13933
57259
42491
74377
2053
98773
48541
64237
64237
81611
997
7159
98047
90121
79823
9613
17863
73939
6793
90863
60107
68813
59729
66571
34217
74449
27367
22133
96457
20389
83969
2017
99719
83557
46639
76873
89669
53897
67957
85159
85121
30097
71837
87119
76543
2287
10733
84053
84137
4937
41333
93719
37847
83869
74903
23539
23789
70639
18493
98429
64591
67927
40129
22669
76541
89107
93257
42349
86249
36607
62633
31847
60139
36541
26309
44797
66523
65141
85577
29989
11621
12011
85889
55813
51203
74707
983
8761
98807
15187
65257
127
10853
84307
46591
11867
51631
42409
42901
29387
11399
2857
42937
16333
17117
69233
16931
79967
2971
58321
33149
29251
33637
49199
65599
69389
94483
81563
73961
33107
16477
74611
86453
74623
77929
72911
25033
75679
2917
15017
88397
61469
15733
73063
44089
13367
68659
89363
80621
107
1117
28789
18251
33409
2311
45893
71039
37441
40639
11897
90911
94477
1531
24683
67153
53171
16633
59567
29531
37579
66947
75391
71809
67217
71663
41521
86201
59159
87221
25643
19801
32323
81001
83617
17609
47207
27367
10243
67567
58013
38767
50147
25057
50497
14029
28289
73547
65983
15581
77719
3433
1723
18787
23747
90023
64997
6037
12323
43991
42787
90511
48733
93463
78643
641
28591
95747
16033
8179
6367
70067
82613
94099
3491
7307
71327
89123
92077
80273
33791
733
76243
64223
27701
90787
56453
82793
44563
67777
13709
53359
62659
7159
17737
98057
96907
35257
34159
24413
24359
83791
41519
4603
31357
36493
73673
71341
49261
19163
53003
46199
58687
52181
20071
84991
98369
17099
47599
98711
14869
68531
34171
63361
6779
70379
14489
75539
49597
70951
43933
95717
50599
76507
58991
85451
33923
23633
83243
12907
73043
78049
78929
64709
66271
41761
80911
86311
3593
97397
88721
28621
51157
22567
75653
23321
76103
36187
18661
54751
59497
67741
24407
8681
33199
55313
51839
113
72893
32561
76673
56009
71171
21859
83227
57259
65537
98717
5351
65809
5233
70949
6473
39133
72223
96731
74897
19861
33641
9001
26099
3209
54151
233
5701
62687
10459
27847
33487
47819
43969
10069
17359
95881
61643
90173
40883
7723
83023
51137
24979
77431
34469
53653
17627
59627
16651
33071
79531
87877
51133
8419
40897
18587
36389
70489
8191
44701
74567
31253
23099
12487
81749
23081
57731
37813
38047
60343
78233
95507
55793
90227
67807
50411
12703
31079
19081
57041
8803
68113
3881
40487
36061
55931
44647
98929
54517
51239
84457
95569
6911
74441
85643
78553
85229
7307
44753
95317
92347
3581
41443
90439
52733
44797
17011
70393
19937
97
56039
9151
41051
7699
64489
44087
38737
79769
39659
3389
97549
86477
82373
61469
65183
86131
23687
93503
31727
89681
86263
48197
10639
89231
69691
48197
3359
70459
84697
53323
2371
21617
39563
85781
79319
63527
24151
60259
92639
36319
59981
82051
81197
95063
67153
6427
28537
14437
15107
79691
76597
35729
90709
21139
90053
58111
75709
14407
50929
19853
89849
3727
95959
88663
36781
19543
76607
59453
34429
33773
10733
7
62299
31387
61651
80471
41999
18181
41719
94483
85109
6359
8707
34123
68743
38639
3989
15907
77543
41843
15643
94531
33757
84247
24851
60761
3061
53773
88513
71437
5107
821
30403
81707
64927
38303
83093
50891
6529
75743
36523
44647
16189
74201
5431
45403
62929
79481
12373
55763
67273
39631
42953
95947
74527
50767
75169
48593
75709
22073
89977
45989
46877
11399
93607
78509
82457
83
26189
80929
80173
64553
26417
44293
48409
13859
41579
71287
67589
10433
56131
47737
4111
35899
8951
40111
11287
89303
45503
58693
80897
29573
68219
79423
60631
52301
59617
63913
61991
97001
91283
3581
73043
57493
54037
85627
547
31267
16369
22303
69833
78839
3803
1663
80489
1933
10103
24407
86371
47389
50093
28447
69829
37039
40627
61129
20249
29347
20357
25537
21647
13147
25031
41627
53359
44623
61781
92461
1453
17431
4219
38167
32971
28571
5903
68683
16787
45361
81097
28871
73009
29243
84181
82267
15277
77491
32933
35491
71537
79159
27283
13457
26647
37021
97373
44711
86423
52379
68669
63781
3559
7489
52609
57221
9043
72101
81971
67271
79411
47881
76463
78277
98479
61757
62423
75037
45827
35291
461
5147
43573
95419
617
58897
37313
19457
24239
4001
77023
50753
85619
23909
35153
96763
25463
20719
53093
53
61559
54941
3001
80537
7691
2609
8011
72019
1117
93089
41143
25801
79829
64567
65581
44563
49991
90533
30859
44939
7873
33107
86209
85333
36187
56417
63443
34961
2393
91837
95071
23087
78577
1811
15017
25999
96731
29473
93503
80777
63803
97501
48731
22283
54919
14149
83221
90001
17659
27743
30113
74609
7499
94121
76651
99089
28463
16001
16067
9109
44089
83561
72551
42451
45329
36457
8521
17681
6211
82483
22091
68371
47093
49891
63337
52237
67883
43889
83203
2741
85903
86923
21529
82219
65167
35027
58451
70067
37549
26539
98689
1871
23549
81439
53927
64811
12487
463
69383
15749
50587
70393
88339
69761
5179
26347
78887
63397
89959
99901
97259
63277
31397
84967
67679
13907
50129
277
49991
70891
48611
66491
93097
63521
31849
72019
41609
7703
54773
7229
13567
20743
37783
6619
35983
68311
7841
72313
16363
44809
56629
77569
1049
503
34123
17921
20563
37253
18131
79613
90397
86293
29453
70451
29473
18371
13933
46451
1303
90787
25169
4909
99181
22483
72031
49639
80153
45119
47269
57899
19213
79151
70937
6571
45707
27583
33827
46919
59497
55633
70309
72797
72461
7211
83843
45971
15761
96587
30803
25411
73709
30941
32429
13691
50159
70019
7823
14831
82339
46279
733
89767
55337
54767
41221
60293
7013
12433
82223
28571
55661
52433
37277
29851
20029
69257
52453
50969
93337
38971
877
57503
69247
18119
75149
43189
95801
47389
19867
10069
3323
8837
21727
75833
69593
41017
37517
36319
28627
51539
3821
48907
19301
60103
19577
78007
33749
359
92791
991
3391
86837
10391
5179
27409
6679
94529
15971
41801
84481
91193
27611
83243
23917
58243
31147
28547
91967
90001
41467
30713
85427
28579
809
23081
35089
63113
12917
91513
46073
66029
92627
13687
53939
59809
94727
88177
87517
89797
90373
78497
80363
41609
58603
12421
89681
93913
34297
27551
13567
21523
27983
97829
61153
17191
16703
37879
43283
91621
11131
28591
88951
29789
13103
39383
98893
89021
37997
10601
56963
46447
66083
24083
83059
83269
23021
73673
18719
61051
54311
6571
8243
84463
81439
27059
41131
35963
67429
8629
98347
17027
80309
78511
59341
48679
2281
32633
36887
38729
10973
15349
1931
70327
57149
49463
8761
10651
96451
67891
19387
6373
3917
51341
7537
19979
37957
51343
19211
21911
90917
80363
31319
69263
84697
2777
95441
42239
35837
95789
91711
2693
36299
42773
35059
34729
36899
13337
91967
14827
4951
21937
25609
8951
81199
91807
78797
40351
85577
23297
95189
81533
55331
39163
99277
96137
22031
51419
10303
77647
56783
67577
40493
20051
81401
97987
39581
32299
92009
6299
72503
44123
95191
167
60689
45641
80737
98927
49261
58631
90679
55127
76487
79241
5227
60257
2879
84947
42227
67979
65843
25889
64717
51307
45677
96769
68633
18899
25057
40739
17489
14057
62071
55997
12919
97
98779
65179
99901
91873
33457
38543
54319
44647
86263
71849
68507
32789
22109
62483
21601
8161
34429
25717
96763
26863
1663
31147
28163
26459
11279
20563
2833
72533
67801
34847
31319
10181
97771
52121
75997
41851
63391
42467
3691
57791
1093
17791
78121
65213
33521
13679
89521
46457
67579
67777
97961
81559
49843
45641
96797
17551
35281
3023
9091
59029
40493
48353
40883
97423
55903
32917
88661
63331
99233
97609
10799
62047
41221
31547
37273
54401
7253
80209
41333
79757
37021
27817
51349
84913
38729
58391
97283
33721
9151
46901
11093
92791
30637
1451
71503
24151
71503
73037
3299
59281
39671
89237
23633
10733
12553
72089
70183
34543
4789
87833
51503
98939
68261
38629
83417
39857
51449
16603
16253
31583
20599
7121
86951
77647
53401
61651
17401
80207
8573
84967
37657
12203
73369
68891
63727
59621
2377
35159
67891
53849
64783
88667
55889
10331
88589
93889
78569
99397
64951
26947
45659
70271
66523
61819
31583
80473
51481
89269
94847
82529
28817
11719
36697
49529
74363
80683
54409
79693
98737
67231
41903
34429
65071
38303
1087
82781
56963
14759
34057
60623
12491
72689
92119
47653
1511
99469
63421
66809
70079
5573
52571
76123
97441
9157
10061
33773
4129
86531
30181
49157
11317
21647
65071
2011
98849
52391
53549
1051
27437
80191
7529
28643
16987
9817
57803
8849
1873
10463
25169
44263
43987
30649
29023
18617
57251
99833
53503
44579
6959
44887
53113
47911
3673
71917
6841
79873
78163
72869
57329
68473
14891
70489
27799
32707
38393
58211
60527
38047
11813
65717
44587
30113
49891
51473
86573
33563
55793
70163
24473
70867
14771
13591
10799
26711
48809
68371
9181
95789
80909
50461
23827
3469
19919
21179
86561
71809
94613
31481
52937
71473
56369
59441
50287
33613
15641
46261
18773
83443
72923
92569
27851
42073
48751
94433
6367
89069
25747
87643
16339
9811
20147
30181
41411
33679
70507
8263
2803
16333
80863
19469
19447
76001
28001
65929
27803
10771
78479
53609
95233
95483
23887
17971
52553
20947
83227
95929
76511
16477
59263
65647
89101
55117
36563
77761
18691
31391
7823
99109
93479
93683
9679
95987
34123
96401
83219
85847
54721
89101
2339
78283
6421
77383
81409
51349
29947
35023
13477
20149
95093
23339
8231
70139
62639
36073
12479
81197
73043
16931
50321
31319
37159
41879
42467
42727
90149
32009
10181
59119
36571
1787
62071
78079
69031
57119
31393
69233
63073
63607
75997
61991
78367
37607
36887
17569
14549
32027
59971
19979
4093
4483
23057
17471
29101
39229
75041
15187
53279
20359
60923
76777
46261
6871
47609
60601
67901
5231
96799
59051
70709
86539
29741
68531
66701
68897
1427
67217
22621
35449
52981
97651
84463
5641
38923
41213
82963
29327
36923
10861
76913
85577
50951
4861
59621
21491
80263
72287
69401
84697
87181
43117
13721
99563
61283
84673
52999
13789
86083
42157
66191
7817
89051
10903
71807
83417
22381
281
11083
88591
12703
95971
35527
83101
53
57373
10343
6421
31543
6323
88327
10687
10771
35201
52727
26501
44357
81299
33637
32749
95713
59209
64403
34759
97547
36809
85247
58477
64019
3593
83071
109
40289
3769
10163
40771
1901
59833
87961
43573
46309
89977
73523
4007
35059
94847
7043
14851
33829
94951
60509
641
14293
27751
33349
43577
67493
69067
67411
5987
95021
25583
34337
24889
44533
3631
18503
76543
25621
75683
6173
68963
42349
62129
44771
96137
61463
99377
22441
67807
3461
20773
14771
32083
34213
94309
71419
52583
61511
30259
14843
95311
74383
52709
95629
27817
85049
6367
1237
88261
87211
37879
27211
83911
81533
62327
61511
35509
69827
52027
64927
23269
12577
69653
18553
23677
36467
5387
72871
79153
67349
41453
74099
57301
49277
90227
22447
19681
36527
76597
1361
26981
55541
36343
3067
72673
98227
35851
63647
79817
81559
13399
82163
75289
36721
30773
2053
9187
38377
2203
51341
79801
77069
6247
86161
99497
49037
84551
25763
27481
47981
78163
71089
24551
57059
11243
83071
23887
67979
15803
32203
60919
92669
82219
80209
47791
36947
49747
32213
41341
14423
99661
3797
36131
43753
42323
85027
8761
80777
877
73679
90227
4157
71647
38593
52609
94541
3659
96493
47123
1291
75407
39667
99577
1237
80657
85201
14543
13249
28411
73189
31957
21031
71473
25057
64013
54413
78479
37561
99829
25457
3923
11251
70663
37463
13477
34589
6733
30307
51043
41579
46349
60913
72043
12547
78697
67493
62099
97373
97813
86599
24851
99713
4931
22549
79031
17011
6131
75337
62533
1553
35527
16921
4397
42937
74209
39461
36191
91423
15053
12451
93493
62011
39901
91081
57331
67559
87649
99317
70937
26347
65269
39929
4159
51059
48677
42193
7207
4943
7039
75641
89839
84143
96137
19141
12161
84191
6311
71597
5351
44917
86297
13693
2029
83023
40169
57193
44171
52859
13711
16729
50047
20129
59077
87803
14591
45631
57413
53359
19
31081
78607
8237
24943
45833
12301
86171
21881
1019
59629
98081
16103
32059
39989
63689
18043
5333
14401
13171
17489
1019
31063
84407
22963
77813
31271
44789
24107
57413
35803
51199
80737
33247
59093
49993
45833
91199
53233
58379
50147
85037
25841
15859
3463
49991
9923
64327
65581
46337
46447
99817
66739
6011
19471
55171
44123
6803
25771
77191
1213
33113
57493
67181
21563
30809
25873
5711
79193
33931
74857
44389
30757
56039
9833
62929
10639
31307
37907
24847
71879
34613
45553
26573
73327
26267
10333
21649
90011
41801
95633
21227
84521
14009
77431
80209
87743
83911
94291
79999
86969
1723
28109
22247
8839
6791
13099
82193
19937
7001
47791
17921
66643
46691
39979
3727
24611
17167
65011
66383
87541
46601
44029
84809
29873
6961
56039
47869
64793
719
53129
81551
39163
68821
95957
41143
5849
96167
22283
26399
87179
7507
15373
27481
97231
24023
14549
61967
98939
2371
47417
42157
84299
52903
7643
73291
34847
62983
15277
77521
56731
71363
96137
2741
19457
6199
8081
6829
78167
12511
27179
72907
10111
84499
32573
84947
22123
55243
79181
45343
44497
1733
34361
52567
51563
41641
18379
43609
69191
75989
15817
7583
61927
91583
73867
52697
6779
54979
1151
55849
6131
18367
75329
6067
55501
61487
19891
13759
67709
74959
33751
2243
47837
87187
27043
58967
62639
69011
41141
89273
69467
28859
32939
57557
65599
38653
86711
9661
67247
77557
8819
12251
21601
27941
88799
22109
85229
24083
25411
99397
33809
63853
65447
98713
21569
73561
51137
64171
84869
32029
78691
89521
9241
6701
94379
64667
53611
59671
33703
58963
19753
87221
7907
70079
41893
36779
75617
67783
77261
86453
62533
77351
89611
613
67579
24989
86491
24889
58369
23167
14669
9067
94343
90887
99839
30829
56417
21839
94117
24407
43963
85247
2207
12821
71633
2417
53609
53987
16657
37061
48409
80611
65119
13469
96293
55721
82571
77093
91159
17189
88001
67343
37799
54979
44963
21977
63589
84191
96763
30983
51659
25763
82237
16273
96493
69247
36209
13729
94603
72223
41897
47059
2767
36313
66161
17053
46171
22111
59023
68881
15881
60017
81737
51421
11161
59699
23173
70823
20011
2381
4111
89491
24439
18341
62791
73751
6577
34303
59359
4421
41413
88223
10711
99109
16921
30109
53813
26903
53479
74489
62323
20897
86561
70201
733
26513
41897
60089
46853
4637
75193
139
1289
75013
84793
57709
19913
66377
33181
96857
3911
64217
62137
43669
1627
17327
15131
14683
95087
30637
13163
73951
9013
41453
96979
37049
24859
6397
7019
12413
59581
80173
61879
95911
92767
15647
57667
94903
14341
44263
49367
8461
92717
99713
27793
74923
8861
70717
91019
3079
17021
61627
58549
95261
89293
89317
14783
5807
21839
43661
62273
2917
63719
74489
19993
2917
51913
85229
3499
79273
49199
74797
65707
74623
54503
33601
4129
73849
4597
64591
21397
8819
97073
7873
87719
56531
41
32491
99929
743
46723
20947
74609
22123
34703
32843
7547
16879
7681
80777
7937
15199
45631
60101
16979
66923
3613
41143
99643
64609
83857
19207
65713
78203
58603
32377
9067
81611
14717
39521
10831
36899
78803
61871
23087
70067
75533
14929
44771
56509
44893
95483
8219
23003
25447
97151
79633
88471
31657
32789
12049
5669
25127
69761
23977
34747
69661
35419
24121
32717
38699
66751
25717
4013
16453
79181
21937
51613
99761
28537
81163
24097
49201
96199
28711
1601
82387
39569
77569
69119
77689
72467
75029
5783
78901
3911
1433
62219
63697
38993
54949
55213
92821
34883
1279
58129
75269
40519
397
31541
99377
29123
45053
93497
91009
95507
83639
197
59581
99733
44293
43003
19463
24281
599
52321
43037
12983
33967
92041
10141
96013
1303
63337
99607
86843
65647
55217
20939
76781
48761
10889
99289
13229
46049
73523
46021
73181
82487
56393
1867
26893
33997
85361
83701
66713
84827
40153
60811
9173
70321
58207
81533
23599
92707
86323
51637
99923
31511
86399
94951
7351
57329
397
88747
2969
77801
19853
39041
54083
53269
99023
85303
8693
71993
95713
54331
85513
65557
23417
8423
73079
18679
25031
65119
35573
32987
78721
55639
55229
27061
12853
84131
6301
48889
62383
51691
59627
97547
22111
37517
15913
90931
15241
2837
58963
23827
68947
31699
36563
94441
72211
58567
15971
5347
1979
9883
63521
67577
13763
1619
8831
10007
487
99139
52267
43063
33739
6131
48649
42937
55807
37889
29131
74941
99809
29567
59417
45389
34471
34327
86837
59753
59833
68683
95471
73727
11597
44087
57943
97673
43997
60727
8861
47521
38453
84533
73597
40519
359
46439
14303
36013
74051
27031
13171
21031
13841
32957
3371
57793
27299
59009
25013
37537
2707
54133
25589
84299
16831
61027
74093
44119
29867
10789
92311
88993
69337
67289
95107
28837
37853
75967
79043
22307
94321
65761
85703
37
27919
35837
20327
8893
43159
28411
51593
3221
55109
15749
48371
93281
80849
31319
87317
31957
58901
29587
73939
1979
52201
53923
1181
76607
12821
95203
90989
39373
1201
96469
86291
67061
36191
60719
59183
26227
77317
10861
22871
92431
65557
1229
17393
43397
14557
49547
19841
99257
84349
74287
94613
67783
14983
36523
36587
64007
8831
85817
60917
13789
93383
8761
53899
78593
81869
24517
49261
8237
21347
17203
59659
28813
34607
3923
84809
90901
28403
45659
70663
64579
19891
55337
91541
63247
63521
34631
27107
78569
5261
20981
21577
92377
77243
28219
72253
62099
64937
80429
99551
73867
25153
76303
3697
80473
54011
62633
17123
10739
97777
22039
39217
83921
25037
78691
27103
56701
88411
23627
63281
17747
69491
77801
41959
88001
47363
60821
42533
97577
56467
58061
19333
96013
12601
46099
57697
10273
12671
86579
62047
47111
9839
6961
3041
25579
71317
29209
68111
75989
68443
5923
20011
68489
84391
38351
94907
72647
2633
30259
83
31541
80677
433
20117
53987
38273
81769
81421
58699
22271
97171
86509
20593
64901
33149
34589
3911
28463
46091
71293
59957
23909
57649
41177
24359
62017
16987
34421
93559
62219
81839
19037
52981
39761
24061
51071
57163
89633
31991
99367
20399
15289
47221
16981
16063
76991
22961
32533
96737
17747
57283
76333
2381
5077
7573
6761
3491
46307
33797
76493
97
66067
65327
33629
11969
2657
52067
32503
95441
6581
41113
55351
85619
4177
80681
10091
88897
15493
92627
75743
37967
50363
79903
98327
52999
46867
2539
65479
67493
45943
55259
12043
46757
54443
93329
1153
98563
21319
72091
75641
51287
52691
94613
94343
63281
10223
18217
81299
82729
75853
44533
13931
87037
13469
20113
1721
42101
80567
11119
877
53299
58309
88993
11119
8543
22993
98887
85133
881
6659
78517
60869
27647
56431
95929
5693
8681
74623
44741
87931
30529
58511
6151
10429
28597
1889
23563
52697
26111
59167
43609
24473
78317
31601
9923
24989
61837
32479
63541
96671
95339
66751
31991
66499
31253
64921
3557
25013
22727
68749
87277
66403
55057
18503
76631
40357
30089
51329
85381
22739
65293
39373
42403
13679
61091
1069
94351
19087
54319
57781
12143
48973
4801
22777
9949
75571
64223
82217
71353
3797
80929
70619
69073
2657
29339
57283
83869
89671
71413
40483
5417
81883
51061
49199
68543
35993
98299
15823
23761
39373
4549
81353
18301
30937
85081
35731
77951
59273
8693
9521
16651
76207
11779
63691
21563
71263
79843
2521
57149
3593
50101
92753
23189
55441
69929
61583
16451
85597
66593
20551
14387
421
49993
81047
2129
27967
3061
77093
30431
32633
78121
89759
92921
82183
96749
84499
34057
18413
10753
37571
35863
40637
79133
70297
48383
87539
31469
53597
95009
3889
35671
54443
39719
8581
20117
6047
55733
2011
20107
96377
63397
90437
32749
60083
49603
53791
53087
28111
92387
20477
82223
6451
13397
54673
84859
33181
36017
70481
23747
32633
73243
491
40189
89393
30403
5147
27953
7529
41681
5927
19609
4091
27449
57781
61463
46619
3347
33811
62591
7151
18701
78697
48017
38953
93503
16363
61291
28517
65927
60127
89293
46457
67499
8317
18257
1181
9257
80021
98911
55487
4243
85147
5197
33179
89449
16187
33091
88997
42979
75709
63487
68483
84053
53593
12197
811
47741
19237
14683
73303
46933
23857
22381
78467
98963
88591
83023
97007
42281
64919
82237
36083
29989
79537
19433
12527
26921
58309
86993
6709
57283
7237
34807
92363
18433
25793
10657
1877
34429
4289
8123
66529
12343
44617
93889
72673
40879
59791
223
7873
66923
87083
59441
62497
1097
11549
72649
23201
61879
9311
97283
10937
15401
26921
92671
2719
39419
4231
71287
72733
15091
26627
94349
25073
75289
28879
1999
51539
92189
311
59009
67559
18289
47387
86491
63659
19183
74843
64171
12703
84761
53377
5077
96749
61121
56087
84811
97459
41143
66653
20507
36749
34381
22031
14639
86323
71933
1433
42181
41413
63131
6263
85103
78929
91513
58787
76129
19753
65981
7681
94007
29611
73637
70157
63809
90217
13457
65033
21977
36559
82171
1657
96493
23063
33911
29833
22549
69259
52181
44809
9839
39499
63317
87877
69403
49177
82487
77773
49331
26449
80831
70529
887
1997
3191
36761
52223
48781
2447
18121
62639
64591
70549
997
85303
34511
30539
81773
62141
64817
48883
86923
41233
42463
24109
4027
70207
91463
68539
50971
73613
7013
92221
33349
74021
25097
42901
20663
7727
93199
65479
14249
91303
16903
29363
7673
37879
59447
8839
79691
22277
51427
73583
7187
1907
71011
53479
97081
35339
34141
38629
48619
81083
65761
61007
16747
87281
75337
46061
23327
50971
76943
26699
71069
58687
85627
67169
15559
21277
66301
47581
76091
2309
18803
44491
26489
51973
73571
69163
25841
93913
67169
54151
5449
91229
97127
37277
99611
47807
73133
38231
83597
31513
5743
24953
38923
66509
22739
26681
42677
12149
53069
6427
58099
62851
57059
8731
56167
37547
88003
73849
9539
41603
32503
78901
35407
71263
25087
59443
1381
28087
54679
6703
36469
25219
36583
12433
36767
94201
45949
9311
36017
1867
51829
78049
32917
38113
24091
8999
30839
78241
95177
73181
25349
4621
4759
51539
34273
61543
84443
56827
74257
11351
51551
6653
19477
4243
95959
69073
72353
7883
86297
22013
60259
22433
57149
80863
18757
74891
7369
38713
44059
27077
3853
11393
24023
97213
56911
24337
1021
99719
619
30809
95731
70199
42187
89923
63809
52183
881
40169
99529
66923
12889
50867
54547
40471
34739
35027
41143
62171
73877
20759
48563
23333
14731
44753
86423
967
30853
19207
22369
34141
86353
17903
82499
70919
2477
29059
1187
12637
78571
90821
15661
80611
56299
38237
1777
81649
40093
92153
31567
57973
30937
51197
79801
37493
58661
7507
54983
23671
94873
57329
39041
6451
65543
87119
21613
53773
35339
20051
84047
42533
79657
95479
33119
2467
11783
35227
44843
4019
19763
76913
107
15187
28447
41941
5953
20411
19777
20773
79103
97021
70937
17827
30577
52177
19609
5521
59119
29863
48593
90199
20393
44789
63313
38977
58169
22807
12829
47741
35129
13627
15817
67219
95531
15131
60013
9721
4483
26669
1039
69119
54011
78139
1571
1597
90407
96497
8849
16703
41611
70457
24979
52609
36901
59029
48221
28181
43189
72869
71443
68111
33767
35023
89261
45763
7639
32687
94559
50341
89563
16087
91099
96331
31741
5953
22993
62129
43117
48733
3217
56893
47917
90997
86389
90217
94621
36947
26777
37201
7643
18229
57923
29641
17077
65167
97829
62417
60923
34429
52627
69317
38449
63409
58787
72727
63079
19727
82493
27541
27823
65789
2851
9173
92413
85717
2459
90353
71387
39979
9343
90787
42017
44699
27691
38261
20101
97841
4057
17497
36749
3463
1987
58567
99719
31541
47599
32647
18143
48953
43541
54059
52057
30911
63127
35869
70901
92821
75629
65981
22973
2423
80317
9697
5051
15581
12743
72871
39139
8209
62639
71287
41651
52517
25447
4637
16607
89899
19441
2351
69829
93281
45569
61651
60611
37463
43207
4139
27043
47317
63421
27487
76597
74507
23189
89759
50047
91309
67759
59729
15761
8363
84761
12253
55807
53923
83773
38039
70709
43997
16381
55639
853
34759
73751
59513
39097
94111
32257
42719
56501
35257
13687
51407
49057
79301
67567
37547
98009
29863
15233
53597
44839
66173
7477
46901
7243
82421
51449
79687
95189
4219
17891
42667
50951
89809
8111
9733
95651
1447
5651
72053
9403
44257
28697
85199
75431
89849
33871
4091
28309
36973
76777
27409
41357
5323
94993
95633
98873
78607
17029
16879
27823
11437
47057
70117
41179
71161
9533
58379
17911
50497
23417
5651
60779
65729
54497
18541
3907
97613
65537
33211
16883
38839
75391
75391
35911
11783
60919
48761
45659
75289
22111
18461
31391
46643
45293
22259
76481
14759
30671
82493
82261
38839
80527
8111
81929
94343
82189
52249
37201
52069
68437
35839
89839
98123
53197
17957
29587
32467
11087
74699
44893
49663
98911
98717
86719
33479
78607
40151
10513
607
7433
76303
62687
5087
54559
97607
90931
35279
88643
45893
10771
881
40583
30803
7417
28979
1447
4243
29741
44497
4483
56807
11903
50329
94433
77551
68863
95923
31859
84551
7309
46261
88469
21767
85597
70583
34651
20899
79399
41467
80897
1123
58391
20897
79549
36979
3697
59077
90499
56209
30307
95723
27751
39779
67433
65609
65089
37591
94327
18749
56663
87539
70529
27751
18131
85717
63901
19751
57787
47977
63929
30893
49253
44771
30677
80233
48299
20627
11807
17387
69499
41981
8521
86399
97609
9623
41161
11251
67961
19853
51439
66973
3079
84653
63241
71429
26861
94169
12967
32429
6221
53069
25673
30649
35281
38921
51607
8363
47969
30869
41213
82759
86689
77999
32141
34949
2081
99787
24509
43913
24851
70249
99839
42943
95621
1553
72277
59
6967
33353
49993
32189
40499
8297
75629
93371
48313
24407
21247
40483
90407
34679
3511
74297
80627
80687
37021
41077
1877
92593
11743
15679
7793
56123
82037
68041
6581
66449
51287
59359
58603
94201
3793
7103
79561
19553
19571
34303
3541
97127
10463
18181
38833
53617
41681
13829
23399
18793
20231
7253
27733
46477
77509
78101
27631
44819
56531
30169
21683
25997
28843
7883
45959
74941
27773
75211
24083
50891
48299
84431
54413
76157
44909
163
61007
86017
31663
19991
91969
71161
29537
31649
88411
19301
19843
89087
42773
33013
27197
99623
30103
76103
59797
50321
53101
91153
95581
24197
76031
68281
86117
81331
41681
26237
5009
47309
2287
55511
79633
16553
47591
98807
55897
86993
14771
67369
17747
60631
1987
13043
29917
89003
92179
12107
74857
80713
19
197
85703
33113
94399
56897
4759
53917
2237
15467
70001
97523
72253
33827
9041
66721
99877
26431
62563
28979
49939
44987
50033
929
43717
7753
92861
42089
43151
36251
26813
56897
24077
2647
46447
53147
59629
37441
96557
31271
857
87613
77899
3391
25759
10789
72353
71941
57559
68491
42443
33487
19841
16603
42023
21019
53783
26683
78163
81181
91033
5233
32159
85213
41593
24551
62171
4643
82219
24793
77261
14197
61283
18341
95483
22027
34589
727
38639
67829
77509
2141
92311
94649
47137
45161
84919
6823
79901
56249
28351
55529
32369
9601
42571
14561
27883
98347
73417
41887
50263
54601
87509
61813
1423
59833
2557
59063
57709
4451
17489
35491
99133
53899
85627
68737
11311
30271
5441
58787
23747
87481
5711
59627
83023
8741
68399
43669
98467
68581
86743
67339
81457
50417
48859
23909
80039
30757
44087
6277
32401
27191
79273
70067
75079
20201
45821
613
90191
2063
20773
991
18217
74821
13697
55381
65539
9791
50513
27631
97583
45007
62137
63353
14923
10939
33409
12413
82301
84869
55667
32261
63803
5743
13
83443
4441
43961
51473
91249
70249
61169
86311
53267
39619
20123
63743
9811
40813
373
30643
4663
77347
56431
85577
37871
37517
23599
80279
55337
18899
97583
86869
60101
26839
16063
83233
97607
59663
18131
39979
63857
67411
22189
48371
36997
69931
64283
74717
98081
48809
78901
33469
28619
78989
1279
17681
2053
32707
69197
4673
26431
90053
62639
26561
57689
63901
3529
19541
64489
45763
17837
56359
33149
23567
49363
74471
80363
20543
93739
83341
317
7333
54401
11243
19853
83117
70621
38543
98257
14591
99017
3691
6269
25121
19819
11777
17443
70571
659
78919
80923
45289
84869
43451
89681
49177
45119
78059
65647
86183
92699
15053
84919
50753
74929
43321
83717
97987
32933
24691
10739
1307
38737
59771
16829
95441
66359
12973
26801
18199
55201
53149
43973
64849
47407
25457
53359
85639
75521
38561
60761
19163
1153
29663
39503
59693
25367
57713
20441
21061
21817
61967
20117
47059
69221
6733
5821
59863
68477
91499
47807
45893
11119
4447
37223
61169
75353
91373
8699
79537
78233
37049
22697
6883
34843
48871
59407
80747
41519
22129
98779
37361
10771
51907
653
83761
87509
85087
60083
81031
13513
24281
1031
28499
25999
20593
66089
96059
48751
67499
49531
30293
2801
90197
95507
48859
55501
26953
25889
96497
95621
22811
64853
53173
18787
53359
11593
25073
27901
34313
78059
2683
98711
34351
72493
68171
81817
49117
12497
4507
97967
57601
8923
20393
56207
9349
64283
62347
96157
503
89563
90203
7121
17
30493
457
22973
25849
51631
77359
73589
20269
70229
95561
83063
6857
3967
21517
81637
30983
55217
12893
80239
34607
22433
35363
67231
17431
14401
23297
97001
10193
3607
35251
30491
26029
73127
1151
64849
69877
68351
11353
1201
88523
67523
64019
27407
1571
93001
24419
12713
97379
45259
21283
90619
661
1181
36791
91423
43783
43451
28697
44867
13147
4919
87433
78511
74687
47581
31231
19937
43943
96581
79633
22453
62869
44269
32191
46051
39241
79337
16339
81553
68543
84857
41413
6737
1949
74597
50321
4547
22769
88817
80233
19079
35597
16553
64667
46327
30637
95111
71881
10457
32261
46601
57847
13151
34747
65951
75557
99401
48481
89449
62683
73939
63977
5519
95143
40343
26959
29023
98327
22067
64783
87359
91909
9839
17783
16529
21013
7507
51137
34259
13381
59753
5419
97387
29599
5233
26927
57641
8293
55691
25633
68713
93923
77569
59617
76519
35149
81049
69877
17807
64747
8269
99023
44983
98387
99259
69661
62477
99833
8819
74729
87587
32003
32987
95009
14843
46351
44939
92693
82469
3797
17977
199
48491
52747
84761
3917
82759
12037
35099
67231
89659
48751
19553
25589
32803
84421
90163
10343
93949
64319
80671
80777
44633
47777
5507
30011
70507
91381
4877
20717
30431
72907
953
51413
11057
47779
1399
31721
14629
88903
55837
67511
17791
49831
72169
63841
19073
52541
48187
50311
62477
5821
54469
20981
9103
33923
80629
55697
13751
94207
26711
19577
79627
37997
26597
23767
9239
87739
45817
44497
49339
78919
35257
87119
65267
2731
80789
62497
8863
55579
67709
83857
80803
40801
15307
42193
46619
877
69473
79139
1433
52627
50591
70501
8713
4723
64091
36293
72733
32533
99577
50683
99839
37397
12781
75391
37861
7927
60611
76463
1451
86311
39097
38239
78887
64187
55639
73127
4933
88883
52453
11933
60733
66103
95311
81551
10009
82837
8971
80263
68053
57139
26891
44887
727
613
16903
41611
24781
72643
80347
45403
68909
44453
81293
71143
27631
69119
73943
41777
65921
81373
10267
27943
56477
67057
69697
82463
63211
59747
48779
10009
65777
68209
61001
95143
92111
6317
2477
99793
25841
54917
97117
43891
16103
94349
71693
6451
20161
55813
33599
69691
70843
67213
68213
98807
85607
82307
33739
22277
99053
9173
37397
9049
54521
17321
1949
54869
77681
62273
75883
56527
12107
60679
55501
81293
9467
1123
38609
56509
12739
73951
39047
39937
26953
7607
19051
1747
30937
12689
11003
36607
98801
88951
15107
5897
93131
22073
46327
93497
78691
46447
9491
95507
13789
20857
4201
36791
26227
59957
5407
23509
32909
27031
8011
51871
83221
15877
21023
34147
98663
18341
8647
46867
46723
93703
90641
27407
57487
5147
47939
64301
1607
34649
24203
18191
25657
26927
31859
61129
74489
62003
49639
78583
43789
8837
761
80809
20357
9343
54001
28793
22109
49339
32213
97967
77863
70753
31771
57173
20773
81749
40009
87133
37879
23917
72251
45737
84947
12763
17117
28051
60901
39313
51427
86183
65651
31981
75367
73673
1657
95273
3169
86243
92387
37889
87041
19069
32843
80347
35281
91099
71119
15121
87691
26947
21977
26407
27397
90647
4637
18503
9661
70201
12007
17387
98257
6173
79433
33247
2237
883
87317
56081
2897
66877
86413
16519
71821
65789
92753
41149
98711
63337
77101
7057
35023
18539
49627
13499
7193
12163
41479
8521
66863
8363
32191
9907
98713
51257
27773
45293
15061
86743
14107
55663
73597
60589
96179
751
51869
27529
85201
73589
23447
35141
64997
131
98251
1543
50971
32359
1303
61961
83059
30011
63317
53939
41113
1511
91631
60449
34303
18539
43
71551
16673
85549
86111
56941
22567
58979
13903
2339
11717
47251
10987
7607
21893
94687
23629
57143
36037
89387
48079
89273
7039
96739
3061
56809
63421
86269
62467
15881
80557
40577
22133
51539
56383
36137
71941
14983
5507
30319
94649
70061
78979
64279
51043
97883
51257
76541
9283
77141
78241
3593
83579
89107
78059
68749
30941
29629
42283
79841
27427
3989
1607
52571
80369
54323
10837
41863
74713
95273
93047
32441
31699
56671
93559
7489
76249
68261
6329
36373
98869
12979
79231
94951
37123
62533
54751
21383
26497
48787
32771
8663
54497
14897
89783
28031
71971
47917
17443
18133
14843
69899
27791
257
20249
38561
26729
29947
6779
93463
4219
61231
83857
72661
30047
16963
79481
83717
35089
41659
61057
16067
78787
22963
16223
46219
52879
85909
36821
92077
14821
32587
18169
82757
35617
5077
7247
56731
70823
43963
12011
87701
14947
71429
49157
81181
51769
63409
59539
62761
1747
76103
2927
87151
17551
13597
93901
80107
1931
1093
9661
28571
46691
46769
50021
62129
1493
57587
98669
30161
2999
59621
24767
87539
55073
8419
7013
74873
86467
31687
293
44867
53951
77191
57637
5443
45307
42767
51929
54667
46237
24077
72431
23063
67391
85027
16607
33353
41149
569
1861
50321
7451
28703
68443
75337
51217
98899
85513
70373
5743
89393
59243
35951
22073
84713
75619
23459
88789
26951
23789
47819
83003
56873
28961
73421
61283
66919
51383
26423
35537
1327
33713
25703
7243
24847
6961
19751
49681
53881
77723
647
62861
5153
79633
47591
97841
35899
22717
68477
33533
91309
40927
41221
82387
88667
11939
52201
25219
20789
59419
66571
18979
68897
38921
22961
17851
71399
29251
27943
12203
20357
547
86263
42017
69997
48187
37273
77239
68963
54949
29179
62723
64381
74561
68213
15859
92489
61703
70123
99391
95279
83273
89899
17419
4027
66587
27779
20593
80627
45553
13751
83717
79031
59729
99431
14431
383
63719
70051
81551
51713
10667
49741
32569
68729
96587
55619
63463
1889
44963
79229
18311
87623
32143
80231
53699
64609
32771
93307
59729
14207
3491
73309
36293
1901
509
14347
89303
92479
65981
91369
46919
42709
3803
88789
54713
61051
84559
85667
61561
98317
81457
73939
2129
31627
50543
65581
68863
55373
86861
67153
42187
31063
95419
9631
22039
653
56713
3761
21821
77977
22063
26417
823
47947
34313
3761
76333
76259
47977
19079
23869
3037
50423
52609
3343
75641
57287
10079
9719
60493
22691
88211
83843
39511
94933
57301
7573
30941
85829
91309
10099
47441
43313
877
92993
94793
60317
54403
83059
32189
91019
10211
41413
22123
34693
64433
43189
60887
27431
47807
69829
367
51199
88211
61991
87299
29339
39313
52387
86117
48337
72763
3191
26573
47911
73859
31379
89003
39869
47809
11273
35153
58687
83641
76343
87119
41039
137
71809
20201
98929
90073
54419
42557
69467
21211
71389
40493
28429
3967
3319
74297
42239
69473
45971
86753
8707
89189
75181
85213
37061
51419
7591
67121
22727
29
13337
10639
94781
41617
31277
83423
97373
95027
42793
12071
97919
98347
89839
9719
89767
7867
85453
91813
21821
4999
91309
8009
86813
92479
31721
83383
67733
69931
18149
347
12809
63743
36583
24109
48661
33911
46771
53479
34429
21313
81083
4643
49459
96589
12539
80917
13721
89561
61813
69763
21187
997
95233
21961
32491
21701
46829
67453
5351
81919
57679
22063
23167
37057
98011
21673
66553
2551
37397
46727
89137
6547
40499
48479
75269
49783
47237
449
29131
28547
86351
2963
62219
16703
8093
75577
5387
36697
55931
7103
23167
8263
13451
32189
30293
98689
11243
3181
77839
85087
7253
80429
67261
61751
79811
62323
34843
93377
12329
8419
54713
11071
49757
4801
96907
20807
89459
8803
56599
90163
10337
77137
31477
89051
71069
96053
3257
7603
86743
51563
73643
42323
85829
21787
50077
63647
947
55843
90473
19273
85513
49043
77659
58789
52733
983
57221
54563
25117
32971
22063
42181
67819
1867
4987
1613
43541
27277
12511
68737
84713
85691
36109
52433
83701
80153
57947
98387
68489
60013
6473
25841
98563
60811
45131
52489
43987
12829
77543
32633
1871
24631
46819
50683
30577
88423
26153
77513
26293
36721
23017
29303
7717
18047
87317
23099
35797
35759
25439
46811
8641
7127
29311
29209
35897
69809
87991
57727
191
37223
83471
80627
64157
39341
20563
94169
12227
83873
21803
76213
22721
65993
12211
62201
11863
99559
57271
39443
61837
80917
38167
1201
79769
98573
38543
47639
77773
79669
29741
98327
32411
94109
47207
44101
50527
12253
10831
19889
39341
10223
40031
38833
97379
93739
98041
59497
13009
54521
80141
25673
84061
35089
86573
69439
23689
64891
79613
72577
59197
35537
15817
88747
54361
32309
79039
67391
30713
98473
77509
67181
89963
91297
4327
57203
7103
58897
25747
94823
28961
95273
49177
54881
1721
13121
92467
15683
46691
19603
38737
55589
19861
22613
33347
41453
93983
8233
45263
2539
55817
21323
91129
6709
73091
38281
42703
92581
20051
62869
59929
31643
54251
1867
25771
197
9857
23057
69337
9337
30097
6073
30553
42923
571
1811
42299
82493
42967
20981
75539
87557
28081
55733
2267
4337
64033
239
30671
84961
74827
31723
82393
97673
75347
3319
27917
52387
59671
56369
82609
42331
44029
62011
16411
66071
1777
20117
18917
56951
72907
97579
42677
52121
89231
3797
4219
27763
61283
18311
9479
65579
14143
24407
90697
91529
95279
94261
41333
35573
45673
11287
70321
7687
48473
8293
33073
29311
81409
59951
89087
80651
32909
88301
28817
48991
33791
64577
99661
49919
68281
6343
20533
75169
85627
7547
25577
42359
85711
64271
5087
62597
31957
72911
85661
57191
79531
907
33589
35747
15287
31699
5
68023
88793
10627
71849
86077
64811
67211
16087
36793
85333
27941
58693
82651
67349
14563
5519
18757
18493
81173
55339
85643
97919
2767
51797
5717
52081
56393
85669
73063
12437
53857
35531
54421
62129
46411
91939
59377
91823
65629
13999
2693
69203
2707
62653
81839
55663
77681
86197
80629
48091
66863
51659
54413
17021
53611
70313
81727
24847
14923
12281
37591
16547
74203
13967
87037
38873
6661
5857
37511
85201
19979
81551
30313
72551
16603
58573
7193
63949
80651
17011
9883
99233
58169
51613
19753
11131
1987
70627
16231
46681
9623
4919
36083
88609
137
6287
72139
67987
88289
80251
48413
72559
16763
30013
97501
55819
62731
15331
2719
62983
14653
63773
29021
81001
96589
83857
36017
14767
76603
57641
44203
19727
28949
55661
63841
33967
13127
5867
283
5953
18793
6449
86243
83449
35677
31891
13799
25867
4273
71263
86341
97607
15787
4831
38917
29669
22279
4519
36299
77713
59447
75323
67943
93283
19157
2251
57947
71443
71707
16333
96827
27583
33347
71671
12161
30553
37511
61813
67181
97157
40897
97523
98689
43991
20773
91243
30391
79259
93523
18191
46489
52201
81077
76163
52291
54833
87559
32203
82727
88861
45737
37397
62297
39607
53831
77191
23773
12073
30497
26513
84121
4729
41953
78653
7129
55579
1657
6553
83407
72937
42209
36563
39779
84751
90247
57791
15359
24953
19753
86753
22111
94427
3221
14533
24859
65579
16091
8741
17509
57977
34039
48259
81349
80809
85933
95213
23173
93581
92381
49993
16193
29209
53813
58733
77563
73127
91033
21601
91801
50627
32159
21397
50417
63853
21121
13103
30593
17443
30269
62233
48179
41597
81509
69929
49871
34687
79579
70619
18481
25939
37567
32971
45817
38453
5507
66853
26927
10973
17021
10739
61099
56737
92311
11287
8819
4621
35521
24733
89393
61909
95881
36467
28123
30949
70717
29179
3229
9767
42101
1861
59407
35911
90127
62903
20201
37363
56611
36901
63719
46133
92507
54521
25391
56269
25969
7829
82307
99761
9127
69697
16993
87517
21881
85103
48947
54421
61583
3923
20231
28661
28517
99257
13463
57719
15131
58549
98561
96589
24799
11939
36229
89153
87671
81517
72817
90379
87149
45659
30553
24439
27767
6793
74873
74297
34849
3271
89891
28619
47807
52301
3079
24071
45971
11483
69491
1087
32423
9293
66697
40697
87557
42499
69401
78179
3671
67619
7247
54151
34757
73331
98389
35753
7687
15971
16831
63839
78977
45389
16603
5179
54941
47653
4861
14221
51977
37649
91387
2131
86981
397
48473
32363
74177
9929
51517
97919
37813
20747
36497
21019
397
14563
77587
58963
23917
8573
87943
50497
42457
31193
89533
60493
1559
87833
92699
36871
18013
16267
4451
53281
73823
77641
23813
34963
25111
2351
77279
50441
9649
66739
47713
4831
54011
15497
2099
92413
113
27283
84299
59561
25981
78853
12401
33791
2371
77551
37087
38749
46877
38723
7561
54181
86201
11
38281
50311
85847
44201
45289
66103
11117
44537
82393
11657
1213
33203
24517
32059
89273
48239
76369
71963
96181
73699
72271
7039
3433
12241
28211
54133
52901
30097
95819
58687
17117
12277
21613
59419
62819
39983
36497
22409
80173
65729
26777
98899
71287
27481
70853
12269
91541
90803
53233
75577
19069
78487
37591
51691
36341
80239
63353
62171
8741
60013
22859
53267
10729
5501
97813
91513
7151
17383
81619
13417
96763
63647
14879
31687
77797
38767
13687
65851
76157
55849
47143
12527
24691
68099
13441
2143
32993
50207
93419
16987
94597
69203
13807
85711
11311
40423
89189
51421
3697
87421
18353
49477
14071
23869
56477
30949
79301
51449
15269
79903
15773
59159
91957
10399
78137
72229
28387
27281
58193
39301
74419
9859
18517
1699
55337
44729
98837
62903
38923
23311
7919
49639
14593
71947
73019
29959
6841
69809
12041
79111
34319
66449
4051
50147
33223
32789
56591
79039
39521
6637
91033
20959
31123
67537
4271
87427
97871
69557
73483
65183
81707
70289
563
59729
3671
25447
27191
81457
80677
75703
91283
12967
78541
82997
97151
74887
17477
31393
97283
13183
96079
32719
41177
55049
49811
45053
36599
52901
49169
21563
47591
26267
6451
2683
25469
47059
77527
99137
61129
82487
44171
8707
1973
41357
78367
53419
81967
19973
20183
33641
94291
16349
24019
46589
55807
92431
26171
10223
95279
25541
34403
92863
97103
36857
90121
17863
81043
76283
97463
95947
30727
17239
82231
25583
96331
8297
56093
71879
64489
41341
98669
94583
13163
48947
5717
87743
66797
63913
6689
15773
4271
33911
8933
90833
83597
61357
93053
65327
65731
46681
88729
3299
60659
48409
32983
88379
91453
92383
69073
17939
53093
93491
10457
33623
69341
69761
52583
98317
60859
8951
90907
4583
39769
57829
23081
56543
81527
22541
36389
59407
86423
33569
67421
93139
64879
33119
56123
45259
3323
67853
9161
8537
87337
71987
63559
10169
91097
3583
69877
31147
9437
83233
4129
23629
12373
67489
23761
78707
62323
39217
24509
25147
18749
83689
25219
32117
76679
97021
20627
52919
6871
30491
50599
38459
2801
60209
2861
53819
33529
76961
26561
93257
3557
19963
2339
38873
36061
2347
22751
42499
83987
51647
86197
8171
14759
5113
70979
77929
23537
89153
86929
11251
38083
9209
50707
9013
1361
74959
50789
49789
62801
63127
70177
78889
88327
28201
96353
10459
18061
70207
56531
47521
51511
52391
57383
97151
60209
48539
50599
49069
12101
95701
58427
72307
70111
5881
45989
449
27631
12037
42937
14897
8707
7109
31573
86323
61291
38747
45673
91433
82003
86239
98491
45673
43853
24151
87539
16843
30949
61861
71081
367
7129
14207
33703
1999
19843
97397
64997
92849
89897
78163
85831
69539
67399
75571
29819
81083
93719
79939
7687
4229
33049
59581
95339
51431
66491
62047
24137
45343
32141
89273
16693
25033
48649
91691
54877
18661
70991
60617
62827
35201
16649
86629
56467
72503
43579
25981
84221
29033
24809
81331
82339
8837
89671
41887
58789
92083
31091
29917
69163
64283
54293
93377
6397
79939
33791
10163
73859
28057
37039
19937
26833
64781
85487
4463
88301
71329
59119
56737
52859
3821
84229
82487
76847
83873
4391
5779
28571
76511
93251
8297
11243
57203
45751
50767
84751
49261
60397
47791
13873
95231
5647
76733
77509
26497
2539
2423
83383
49121
49363
90007
10487
96989
96469
3917
86423
1423
10937
17911
10831
70079
87337
49667
17681
21319
20639
29311
92009
26539
97169
79549
14821
28151
1151
87559
66109
96137
32381
41281
25673
66373
92269
35023
44797
46831
54959
96851
32143
40531
15881
39317
50599
18289
47609
91033
22483
9397
38609
30763
59123
95629
20389
36761
3389
79699
70061
54251
98911
50951
40627
78539
8161
26251
15877
35111
79943
10847
10223
69259
75571
58543
57089
68059
64453
96757
44879
97001
20183
71143
78341
22859
93419
86629
44249
48619
13049
21187
91577
66029
21727
50119
58741
62617
18899
75211
92203
90469
47969
50051
9623
29401
53693
54323
18461
13963
24593
93581
75941
70327
52009
37747
15073
15923
81203
89819
34499
1867
17827
88771
84191
54631
8011
38327
29573
82051
36497
3373
15643
1217
70237
62047
521
46769
12689
32653
89533
85781
70313
17909
18143
83777
47149
50033
68567
2713
65167
64693
26713
81353
56911
48991
26141
53657
35407
86857
78571
57923
49547
91199
67213
22699
65647
90031
84437
86083
31013
20929
55541
6379
26557
76919
83311
79693
71933
3079
37907
84421
28879
19379
4703
15643
66923
62921
52249
35759
7681
69427
17707
77477
87811
35569
5011
25247
59627
71527
97459
14437
59659
3449
5441
69341
75353
91099
98207
5279
73609
76963
80809
81973
239
39113
98887
14401
33563
63211
31699
1021
39239
1319
73189
40879
35083
90403
197
73561
33179
12197
58711
56359
22943
87853
22639
4019
98047
49331
98081
44909
99817
82847
26153
56113
5333
55213
15391
94441
72431
26497
46919
13757
34319
84127
81017
74573
82549
89449
33601
86627
49103
84793
9127
7723
77269
29947
56633
31391
28537
2141
92737
6673
71999
53089
89051
35963
14593
69247
19927
35527
83093
50333
25537
37831
52223
75437
37019
7547
79087
96223
46061
32377
13751
13267
30169
81371
43013
25603
21419
67867
79397
75289
96079
89821
20509
11939
21859
36011
6607
44927
23
10613
75553
72503
53411
53171
9811
31541
52813
56911
52711
58661
2837
96893
93241
62731
27883
3467
70717
45233
30469
43427
26863
4691
41801
66751
32833
41801
65839
80347
38851
47639
84247
34739
22643
32059
17551
71711
20929
98377
17293
10193
98849
39623
3967
2551
99989
283
94789
48761
70373
68491
33503
18311
88007
58771
5903
72973
62467
56633
98893
75223
51977
49613
83563
40037
46411
17351
85781
68443
31513
4943
8563
73651
8807
87797
27551
1987
60383
4289
39161
26903
76753
45767
47591
43261
50527
27611
50423
29
15061
32803
91369
88771
28219
2311
66169
14461
1931
66713
59209
22993
74021
77899
99181
10867
28219
61559
97687
47917
92639
2281
38459
25747
58543
56099
57269
50969
75629
79987
76481
87877
21701
3637
33191
26921
9787
34303
11399
39551
4723
88259
10733
89399
70223
40169
63799
97397
46021
40697
88867
1163
63127
88523
97919
58129
62897
13103
89527
76771
54449
88997
55147
66683
4159
10501
89527
21499
90217
42437
60317
73181
55541
1069
38119
48187
79451
9931
96667
81353
35447
99103
34763
63391
17939
52627
54323
3203
48491
27691
81457
58477
32939
87103
10453
73043
56269
92227
1867
63599
15749
74453
63149
13711
29429
1531
40343
11699
3659
88471
6871
76561
81671
86143
67763
99041
59971
64373
77191
96233
69493
31849
1973
619
24029
75853
8263
15889
68597
26317
61381
87523
68329
15923
16111
51217
37321
33071
73243
20051
9377
32441
19993
36901
48883
55787
52021
64381
97373
24109
20411
70969
73009
94033
37579
59887
71741
99527
4871
59921
28643
7333
61057
22699
28289
64901
68447
7549
63499
72643
70729
31583
90659
24061
45833
59951
14797
77023
55987
44851
45491
15263
54647
98873
19289
82601
70841
21727
3943
82237
67957
52391
5431
3917
929
99823
49031
25111
27239
94351
60509
73433
607
23753
91229
19507
80369
83273
94873
45263
43457
72973
2161
88729
45757
73133
58579
27191
12547
67129
74323
4001
49393
54493
77369
18427
71881
10369
19319
26993
43777
16361
69991
80833
44179
26711
3463
55717
16529
70877
65239
78653
51593
23567
51683
71699
65423
24419
47717
41231
23203
2477
21341
61553
95429
45541
90677
69239
78893
26723
94651
68447
85819
49667
97849
54347
2591
39163
22741
74161
33113
54799
6547
20359
40039
32369
9431
57347
53939
83299
42859
19571
19213
68161
8719
97571
66137
5503
32987
45541
26891
26387
97429
15313
59723
29303
26713
14551
17021
57493
75583
8209
9629
20611
91193
60719
52009
50539
91393
99289
42937
61651
34369
11173
32321
74047
62753
82237
39863
97301
54617
33151
82301
74707
30941
9679
70237
96017
85817
13327
21751
739
12323
27737
48857
6863
7879
28687
29921
80629
86423
78167
26161
77951
8731
31333
40189
39521
27779
11549
24733
25679
15149
68113
50929
34297
45247
7867
48409
21739
10091
11353
94291
61381
88651
58027
5021
71993
9697
48823
4079
34403
70163
95633
82793
64399
40787
86341
65729
87473
92779
83407
33563
32843
12163
90803
18199
7643
33329
52361
82193
18671
29581
45779
40693
9151
1103
63103
8377
40949
72797
48539
353
84421
8263
33713
88339
877
64997
1231
35809
82373
46691
65537
19333
96823
77977
311
4729
87721
95737
71209
13499
87443
33721
83219
78929
58979
99131
40591
65173
4813
7717
92189
93047
58031
89653
42577
72251
28393
86137
89797
36629
64303
55127
54347
38461
14561
35831
17491
45817
27803
38501
24907
83269
23603
70289
25999
75731
65323
5701
64153
34183
49177
32237
49367
71341
7507
81181
21683
29531
49057
739
2351
81971
499
7451
82787
8699
2267
6121
31123
42209
21851
62533
3697
87037
92399
8387
12619
25931
31183
34679
81749
98213
47293
79861
35099
3769
43049
25717
66067
19681
87407
86011
10891
79241
25601
52957
1759
6427
983
96479
64679
1831
79301
54727
15737
89459
99181
41521
1489
78569
41411
8147
22727
30203
17477
8101
18131
41897
72379
21149
89513
86599
87701
12757
49139
86539
69653
42667
4363
2659
80231
62827
99469
31247
55933
20477
30347
92861
7523
1619
46147
32531
47609
33349
78977
39841
2129
7993
85237
42839
35251
42839
58657
57037
9221
38333
22453
19381
88019
1543
83791
27509
95021
86627
84589
2897
26107
11239
12503
97283
23743
4969
24671
82889
24547
48619
6277
70327
23719
71209
24019
42937
21031
99131
60353
51827
82351
69691
71237
62819
38453
25411
99767
94343
8969
95629
14813
96211
19889
68059
84731
27449
26737
50873
86291
63067
3691
61007
18617
63317
84349
15971
46183
1061
49009
42437
40973
34759
20899
15227
14767
40129
2909
25801
41039
15649
46993
16249
10711
62171
80683
35747
86243
9067
9631
91939
51257
33863
21557
73379
42979
75743
81973
71233
39323
57163
15289
14629
78139
95093
96419
79333
68483
25819
10789
70199
88663
68611
45751
8443
77713
66569
78121
77239
3019
47969
94819
55127
84067
74891
29947
64901
60077
46399
8837
24611
81953
68059
82619
57923
18371
63599
21493
36263
31151
68207
24251
31643
31489
50423
36809
94547
34687
9907
32237
18049
5659
32993
8167
22067
38677
42187
28201
93607
84391
64451
13411
5087
42281
22549
49877
41539
62477
44987
1997
18223
43499
40849
71821
76801
54751
31387
86381
33589
52667
78809
26417
32717
44647
19417
3931
70487
25771
40771
36011
75793
26371
77447
38351
36713
5717
20771
67421
62687
41579
11867
42197
19861
75781
95801
4931
52553
28537
61343
79843
65171
47501
93971
54517
59561
55639
23117
67651
78889
19577
4943
81553
56731
70459
11437
4673
95413
93949
55691
19727
30553
79229
56501
32573
55249
20173
91033
58567
77477
58321
93601
15527
457
32707
70891
84551
79283
12263
42083
96469
38189
13313
49367
89867
24103
42089
6719
32789
2311
70979
66713
37273
17881
77419
97459
63499
56041
38567
36973
57653
99559
22613
75161
10667
39251
35809
63727
20759
24113
18451
7577
9341
55897
70877
28019
97583
55057
60589
61031
51197
5987
62191
26297
421
93329
81119
16879
7583
47639
53069
43063
65357
1801
75767
18427
31883
93113
6827
71233
20983
28751
1931
96181
39679
62723
65033
56633
38729
9241
26227
98939
50741
61333
60637
83423
93911
24151
53377
85223
66919
6689
5113
19559
90989
84653
63073
70487
39607
47837
7477
51577
50459
4049
51431
37693
37397
97039
53617
81517
34939
19483
70181
90107
73477
967
4691
78487
29221
7109
43397
20879
74189
82891
40879
96973
63527
40153
44533
95773
59441
79903
56087
24989
67411
69193
38183
63467
53161
57923
74699
7963
18451
88423
72497
59779
85297
23917
40213
91757
42773
28097
17659
52903
15361
43963
81049
94327
94603
5387
37897
77783
62819
87869
4561
42179
15413
49223
7321
50207
98927
7121
16931
70997
35221
61333
31387
35977
60647
71563
3271
78787
21401
74611
60607
14813
33119
17021
61363
84181
15569
9181
25439
4157
84967
52237
3109
1669
54011
14159
73897
96461
19997
43781
6073
21821
46439
85193
95819
10601
60167
34721
97973
57301
73679
97547
75211
62791
45707
92467
61967
5693
50627
85427
81853
36433
19273
96851
58217
55901
19429
24077
41969
23879
74831
32233
36877
46271
25411
93251
293
76079
5387
3923
92551
97673
71089
58679
52267
23623
29473
29269
19927
25741
54269
53623
23311
56533
40883
68437
25189
20233
85453
70223
4349
4019
44753
32467
7213
85577
77377
293
92959
68897
647
17209
15859
77543
12413
33997
87553
54251
10331
87931
45197
74923
15313
39827
37369
49109
17789
68863
30109
19801
3727
90989
24421
92431
24007
58391
11087
44371
28541
48761
38791
37561
22079
69073
18637
66067
2609
9931
95257
34583
74929
10303
44651
16103
73417
17393
79451
379
41387
52021
15227
76541
24859
63611
81527
58657
31817
10313
21577
40879
66593
92233
58963
10169
6203
20663
76871
90917
42649
74959
59141
30881
95707
90059
73237
78401
4973
24329
20333
57557
7331
52919
23801
24317
1213
3253
3929
33487
9391
72937
85793
9829
36677
91229
211
35923
28547
78487
17471
8893
72341
18149
18517
57709
70667
61681
50051
1489
88339
84223
27539
99133
42979
13249
59273
5209
20051
4177
38327
54673
87133
32297
6367
53819
85333
397
439
37171
51869
63809
60889
7307
29753
43951
6719
64609
5737
59377
25577
70117
41269
91771
45413
88741
31079
65171
2861
69221
61519
10651
95629
8191
46811
98927
59887
21517
67369
12923
30119
57859
42331
42863
38833
97081
3271
17093
81001
27367
43391
81517
30169
97127
19211
1609
46747
26903
14629
78157
82729
2687
91397
95327
31231
37897
77047
38737
2957
7727
8387
84431
73571
96289
67763
40237
31063
62701
33353
53239
72379
71453
37483
35107
70537
38747
7069
29363
39671
4021
47543
6299
86293
14149
21379
13567
17551
99989
31517
35437
78007
23531
18223
28517
26959
54833
58789
55057
49199
63949
43669
1459
94823
75337
51461
70309
11719
76249
65407
20201
16061
27509
67289
4817
64231
53017
92347
11923
24203
5783
13757
83219
64817
71129
24439
14821
11743
61153
86209
61043
89809
86239
60943
877
1109
72707
70823
6781
86311
48989
39857
34283
62233
29327
56267
12821
32939
18553
78707
54151
64237
32069
22571
41959
4139
64781
32609
29129
13619
7673
99577
41131
68777
36697
19081
25469
2333
55717
59377
45707
23599
60497
10211
39103
9887
32803
59567
4637
62299
41179
83777
32603
29123
33191
9203
2383
25243
22469
8839
57241
19417
11437
39043
937
46447
75527
91541
13183
75721
30707
52127
45953
34361
41443
16607
36923
40093
59369
75787
79433
24671
57901
53987
67631
11317
19559
49757
99871
11443
93419
35801
75011
55217
44519
45433
17393
50411
47363
19709
9697
30341
34739
58109
3947
68507
29297
17959
1499
12703
69011
35731
72719
71263
78347
89237
43651
10357
60727
71411
96013
58889
30809
97003
36343
40343
77101
1637
31139
40973
69001
16127
35593
84017
50923
89491
8161
8761
12613
63467
71153
24989
22807
6007
61363
47407
6779
34763
97283
94033
29881
39251
80923
75133
67157
50333
36767
73849
84559
94229
23333
19379
3607
57037
13669
59627
52237
11503
15383
41479
64591
63929
50221
11171
4831
96893
48259
57791
60961
53917
76367
55399
71453
77279
53923
60763
80177
69401
29917
52973
41467
43237
93479
28789
89671
23957
91127
71479
44771
3803
23827
30763
47111
53551
63697
14431
51607
76379
7919
60169
89393
89819
16187
75217
66137
43973
72497
62683
52609
4229
46091
7703
1321
81331
16741
89189
19231
72493
64333
18443
77359
33023
77029
14323
61493
4889
93491
39397
8923
81629
21011
21107
47939
44543
41549
68713
27631
85237
86861
91841
22543
1663
69833
28771
97459
60779
3947
29
91813
11057
79841
10093
66751
66191
60449
33797
17159
20717
15527
23251
29723
42451
62929
97127
50551
44071
6337
23993
82963
32831
38977
38183
16553
97577
21397
46853
71069
67979
6551
96013
54833
65633
43633
48539
86467
52501
71347
40013
22123
991
43117
84011
75979
41813
18503
60373
78797
74231
51517
7621
76537
6547
54779
62591
70657
79279
93871
24533
40763
28949
35963
57667
98041
8681
12043
41617
5443
35839
46687
1753
51511
11689
75539
5399
89821
27091
46309
56249
22259
88223
45613
67763
85103
79103
11071
67567
96907
34019
2129
51683
15139
99089
9871
20873
32713
39443
3323
18793
24967
46337
76673
33317
66601
26347
1669
50291
25657
863
46723
72739
41879
41759
41843
38449
9151
82591
50593
2621
47119
9133
68903
64433
97327
81439
31511
18311
91837
28591
58313
34231
18371
14753
92581
59513
85817
26237
89591
30689
55733
13669
39509
69263
1009
56611
24251
1291
10987
70769
12763
3877
88843
2399
61729
6547
4957
66467
32507
35111
77557
40751
5741
90977
20029
69691
5527
46237
53591
21821
57373
31391
42773
16453
15061
46307
90019
15139
35227
87541
74771
67829
65449
4363
90709
87811
92251
24329
2593
96769
14897
30757
92467
40519
74507
97919
57881
58549
88493
51859
1913
47869
36473
93133
29819
62539
90863
30161
78713
1613
48533
94949
91309
32117
37811
30403
58657
51131
60167
30431
80713
32909
16657
89087
93053
66739
67589
98017
93487
55487
71647
70621
59621
24077
88117
70289
11699
99709
85819
41047
2351
93103
81817
33413
89909
5273
75683
54181
79817
73477
7321
7757
99971
62851
55207
94433
87253
1709
14251
52541
2897
40813
1663
94613
66523
45481
8273
25763
66449
97787
97157
40387
27043
35977
90019
18451
70979
1163
74143
33623
31267
613
58337
58147
21491
39631
83663
54331
89561
95177
88427
47441
75703
33923
43933
41897
56531
82207
18959
63863
41957
52837
6607
29303
47507
96377
83077
83243
79283
46261
39659
33721
22133
5431
41611
70571
24109
22993
8147
48119
70481
75041
62071
43651
1009
61559
6337
49807
26777
20249
81119
40507
97429
81677
3821
35089
38693
6781
91097
58309
42299
83399
30011
51679
76607
45197
70313
691
24677
33211
23497
79889
33587
2099
74831
22811
44879
2111
98663
70573
46867
7949
89983
27143
31517
29243
86587
24023
81619
7699
6163
33113
49369
15361
42487
57731
80657
99563
37649
70061
92413
56599
57641
54541
28447
2671
63617
21193
32479
99431
18757
89527
11171
88813
97429
79817
853
91243
30809
63337
5099
68711
69997
52027
46103
38609
3923
26717
96329
90437
13477
15901
18121
82207
93701
67399
37337
71807
62327
51437
17077
6301
26183
83833
29287
88867
20357
21859
1879
37061
4547
32117
66749
67751
97241
84737
86111
78367
71963
84967
15791
73823
15787
73
95267
97673
1229
65539
49757
92863
3739
85447
33791
25819
55871
17881
71317
14401
88471
28349
89833
39827
65599
88997
46307
55799
44893
49921
9679
90709
68147
76963
27551
7283
92669
87299
47911
56911
1283
32917
98321
83233
83339
45959
78593
58147
99431
49957
74561
14197
93971
95549
52301
77023
84263
89603
97259
94789
52103
47123
85361
80777
60943
12889
72551
2239
89891
61543
1657
12809
90971
43997
34267
1747
3761
30137
77569
94121
49429
4133
9209
7549
4157
15107
81043
11393
54251
1973
74093
95929
8363
27733
66359
87107
3061
99767
41593
3701
66239
87547
65837
84559
55171
71327
2237
33601
86729
33797
10531
90173
74293
1399
37813
59447
14897
96419
27803
60457
61561
34757
2311
71713
4111
85523
81223
25609
77213
43313
91367
90709
77867
13913
79601
83047
9371
62311
80209
7507
7669
19429
37159
4013
28541
57571
24917
59357
88471
60779
91841
49807
67741
6907
35963
56113
30091
89819
1777
3137
59981
10939
60397
28087
60317
38039
5099
97117
95549
82189
11329
71909
23291
37579
28439
14653
93083
28591
5351
23509
52631
22901
2053
24179
87433
24439
71789
3847
37561
78571
41539
12253
57901
86939
19661
1187
63781
31649
42061
22037
10501
77201
48157
70019
48649
20477
65647
17489
84827
84811
5861
30557
62981
23801
91453
37313
12373
30469
13789
5281
89809
99823
38861
48539
59393
65371
42073
48409
77141
20353
60271
47681
5657
49741
56671
92941
19979
55849
26849
37181
31081
15361
61223
58207
13121
93523
82469
70997
30011
80153
64037
48017
33331
42209
55441
43201
22381
38867
10453
91369
64969
73607
3923
10883
65539
58417
75709
96487
69127
37117
79187
84467
49999
92779
48179
23911
65371
74131
97463
1291
76667
57709
23971
53591
77783
70877
15013
26513
51001
4001
70919
55927
3323
25867
46451
69031
25693
47269
31769
22111
59887
6199
50333
81953
84307
51151
88663
24799
36787
61169
69019
21467
6959
33827
74869
62653
1069
78839
12641
16493
74869
73361
34267
58229
82699
29989
20101
94309
28657
63737
90121
79627
42089
28621
8461
69661
79397
11311
11383
46273
35677
89923
48619
29009
56533
51329
25391
26399
9437
48337
81223
85331
30013
4327
49991
19949
69557
92861
64579
75527
13877
74653
821
89669
71761
57131
73237
48197
63073
35879
13421
37663
99829
40519
587
6997
51673
49957
90469
64919
85469
79379
16987
18301
76673
46819
17989
71789
88471
23671
1301
82793
56591
94811
92593
10733
65729
38317
41761
59123
40543
64891
23561
4759
36017
30389
79357
1741
96337
78839
63589
15427
99529
89387
65537
50411
81373
58199
50503
65027
68899
13687
78347
14851
61507
6469
62141
8243
32993
62323
87583
21683
15061
48907
45433
92671
58061
97613
39367
83089
8123
27259
44417
42901
86851
56009
7877
50329
7537
12239
7559
30937
90481
46399
67867
30203
67967
15733
53171
80407
48187
5749
4177
50647
39239
80527
17257
34583
2251
51199
93739
73
7159
52973
24763
757
58481
34781
18493
10949
91459
19141
44887
90281
46441
24113
46439
86861
1201
8713
12911
54583
4451
21067
91753
3719
53653
39191
49391
32173
11833
67763
35569
13711
3407
57397
5147
30113
90997
52289
18289
87541
61091
131
33587
35837
7687
88469
10601
29027
94307
53639
90247
22037
20627
27073
70529
43951
6659
76673
97967
87931
60887
55259
56629
829
13799
71233
40507
36187
23417
37483
27529
25847
443
92041
85201
4027
4051
98369
13807
88643
45497
23209
59729
23131
23971
64187
277
67993
78509
20551
23561
37363
67523
51431
73553
11801
70009
39341
20963
66499
59743
11783
51151
11261
56039
4423
34231
46411
52807
28921
63211
99527
90977
10723
15809
38603
46327
11801
21727
13669
18257
93809
29527
16249
65867
83389
68113
37061
383
26987
44983
54091
21577
20809
54959
37993
90197
20231
99829
90089
26731
6047
99707
82981
61703
18743
78823
72937
57653
31963
42683
32077
40883
39047
94777
37879
88513
33359
8713
93923
83443
7159
18787
96199
51631
74357
26591
93553
48413
42373
92377
89533
59407
68699
51151
74857
24469
49177
93911
24547
88741
15451
73693
40939
33487
89317
87973
79559
38039
80819
94309
74857
23057
30011
33329
10259
92831
3329
77047
92893
92363
77969
63029
67631
85691
91757
93337
8291
25463
83063
56123
75721
69221
41227
53381
75937
74761
31511
73939
93179
78079
63629
62981
88747
33469
11807
2243
13879
4591
69653
18149
47699
65581
77291
93913
36779
36739
12323
12473
75323
19081
40823
4397
2861
33223
21673
35107
16063
607
31147
63667
91703
43067
48523
51347
21617
397
51749
42461
84649
39191
67421
32059
32707
82561
65353
41603
88493
94169
57881
64403
18329
6361
54323
51659
54949
46639
84239
45053
20393
79609
15551
87181
85639
52361
12011
98251
10607
44851
79757
59393
63907
80363
12907
10151
30469
59113
55667
28123
72883
38833
97523
93479
81077
63103
58211
56659
3877
22229
83437
4099
7681
11003
94993
30937
1193
40847
25031
27733
79841
29723
97843
92353
51283
61507
9209
16363
11777
40771
89923
13187
41927
66161
82349
34603
4999
85439
69499
99181
62533
91753
9157
76991
14207
35257
30727
19571
5477
95581
79757
89977
81409
62423
60617
33181
66041
29983
19237
96043
3803
40283
65993
48761
24379
11087
53633
88397
78989
47293
14699
37963
88427
71719
8887
12823
55631
5297
47797
24169
85087
54163
82531
46441
87701
37649
92467
25679
52879
79657
50957
14713
81203
127
29753
47093
37057
2351
35363
191
8581
23209
18371
61757
9391
71333
93427
20479
45433
83339
32059
3677
66173
65497
43063
87443
31957
3347
42221
64567
36677
46831
4799
46171
10091
14717
97813
27701
149
69203
15923
70237
92033
68443
60443
22643
89293
85601
2161
19429
92641
25391
4153
26849
3733
2281
40289
33751
19423
53171
8963
50321
91591
84349
14009
2267
30169
24781
79613
11491
51551
48491
65699
72223
14741
49081
86069
53201
29873
74857
16879
11677
80071
96457
81847
48541
3923
3041
62497
48907
7883
97549
96001
401
39979
10369
53927
93937
94907
86357
71789
99053
16993
47857
96821
68909
58963
1129
10259
2521
34123
88643
77003
7753
44917
49171
56779
48299
52861
18307
52501
82051
92033
83653
41669
71293
40813
24821
19489
39979
11251
22871
83969
20071
2389
98269
45481
32143
16229
5987
54647
35951
43961
69857
45319
59467
76733
36341
63793
53149
36587
22511
2087
19031
87281
12697
28349
51719
69709
76949
90947
1301
75797
42409
27737
89371
16673
95803
59053
91801
27409
28813
3581
7951
32983
28729
56477
21157
51287
99793
27823
7993
27073
98981
46457
1667
41011
89923
11831
38261
15241
41761
44123
15497
90439
79777
50383
84967
92311
10039
32869
72623
36571
12569
88007
76261
63691
30763
95153
69263
40153
93787
19961
3851
15607
8641
9341
13907
73369
93131
41737
52967
89303
6203
1949
82237
23581
55793
64747
33797
87697
86269
69809
6151
81197
46567
17977
55603
23473
14207
79867
24419
28001
70003
76343
11821
83341
84067
15427
62171
41231
74293
97883
85847
79147
9127
53773
5531
34259
51427
87719
36307
22777
31741
3187
997
20599
2017
26833
5879
5701
82483
47431
55313
28081
24133
2089
38921
64609
33377
63559
55171
76157
1229
20947
22679
16871
65981
68473
87539
66713
70991
15217
59671
15787
93923
96553
62129
21773
70951
80177
16927
15451
25933
5351
63649
80473
75583
15121
14419
22993
17053
5113
2389
63439
13967
75013
25057
62297
17761
80263
97081
98411
72341
90583
22907
25931
46399
21649
3329
89107
95063
55589
28393
4637
62071
51829
96757
16529
20983
58451
83641
1619
18097
32203
10957
70571
12451
14561
14207
50387
79907
9479
90947
84509
14149
39503
77797
8443
487
40897
47963
74381
86209
8861
23327
7013
61223
91163
21433
27893
50087
67409
1877
28807
12763
32497
48679
57107
60607
45841
35573
78367
19843
44119
65213
44267
47939
95273
56599
36011
5659
4583
92801
45329
73127
53527
74189
34217
53441
67943
26951
19889
49171
1171
68659
77573
66071
78401
95561
4073
76369
22709
63337
36697
84509
24329
11503
6833
11177
99829
24203
71129
7877
22063
43669
89899
33289
40037
3557
91801
18671
59399
94889
83063
23557
19753
97649
8293
43093
75707
64679
47507
36479
31531
10859
36781
57467
43117
68209
6899
81647
42979
89797
30161
67429
34147
19249
71143
29761
85639
34351
64901
44563
84719
24509
99397
21211
2531
70121
65983
1543
21313
93581
58171
15901
55691
57427
45557
75161
88499
95189
49921
9623
88037
75797
92641
32089
21991
1493
449
66851
54001
26879
53899
24329
56813
83563
90127
9787
25969
3877
62627
18661
5417
58321
47903
48619
97423
50581
11807
31063
26947
9173
64661
46309
49787
79841
74707
35677
15671
22807
2251
2099
11731
57383
54167
7649
8783
16519
26119
63799
29567
10867
11807
87133
89819
40697
70423
60449
8861
89669
61981
81547
82847
2887
4877
64661
89533
46681
38237
709
45673
49921
15683
69877
1879
21647
80207
49211
44641
78259
97577
95443
48781
62497
54979
17783
98873
7351
31727
6379
30631
86491
35671
25111
20123
55441
12479
4357
63629
45893
87211
61667
1567
12203
5807
3413
19973
13879
15823
43633
99767
57367
17837
58151
72221
22271
34747
78887
86357
50051
37567
64951
60811
55511
61409
9791
64871
36691
46511
37783
71429
58231
73
25579
57221
99083
20663
65557
53569
37097
96259
93787
67819
91943
73181
22993
11863
81689
19813
99241
2729
69959
86539
1423
83857
9421
76543
28429
52183
62987
45823
68743
50333
71879
60923
77977
26557
16633
25673
38839
5653
16843
401
4447
44267
35111
2693
40169
39047
59471
2647
5449
89669
89897
59263
87491
12713
14411
53857
77101
43853
70537
18481
26713
15541
79817
5233
36683
82067
37339
37619
40507
50647
92551
10753
88463
10159
78779
69941
63331
27253
7517
22993
19013
86719
47591
37889
7603
33301
93637
80819
89959
80173
11239
57329
57791
21493
72613
61231
66373
20369
61949
51061
9337
84449
98011
16427
20399
2689
4057
12301
4909
55589
27653
83663
94951
4951
26903
48497
43411
10453
67961
31643
40357
79259
1439
59359
17321
7919
51361
40213
80489
67421
12739
37217
82007
93169
52667
19609
8233
26681
19403
42197
76819
61357
34613
80669
87071
19913
26431
24071
12547
32141
33637
7523
31991
31769
2953
36713
24419
55547
17489
21517
54493
53003
29137
39373
44533
82237
42223
55171
22943
4621
78941
12853
8923
67271
67447
48049
70487
48611
41413
50377
96497
99431
89459
98573
4861
30109
66169
35327
4943
85621
5393
47189
86113
18251
69877
42577
82153
62297
21019
63377
26759
97177
9127
22871
28493
86197
62047
14771
25771
97847
37277
16883
85081
13627
83663
271
39887
83101
71867
49369
71443
9437
2161
10159
70061
20149
60757
36061
88883
54799
42023
51599
76829
18691
19753
4903
4817
33613
2441
46183
71527
42767
19
46171
55009
46723
47563
70051
27407
32413
34259
52919
65269
7069
57089
62303
4673
85661
39937
14561
40751
58427
99667
71069
443
61949
32183
1523
23993
29191
92033
27947
37567
22039
98533
90833
57107
28081
88667
14051
63353
27107
20023
82883
91463
11471
90749
37579
68749
73079
51263
47059
98867
20857
84631
65609
89759
46381
8243
54547
32779
24107
727
49559
27631
18457
69991
76099
30071
91577
54917
38749
63839
13331
4019
92051
97039
54779
86851
59023
70289
26687
79693
96931
65393
35227
1877
79757
2347
89867
25931
14303
17203
74219
65929
11587
36643
56747
94529
38971
2099
78401
14411
95911
28817
94727
9473
1439
38711
78571
86161
27449
46771
32983
75527
77047
10853
18379
34231
1327
43963
70241
61483
80683
66413
42577
81647
50581
59791
4243
69259
19891
6173
50047
36599
46061
85061
4831
97553
36479
13921
6949
55331
26459
77773
56249
113
9173
85147
9091
8287
66403
81157
18233
2069
44879
39241
80687
39383
79201
3217
18127
76631
3121
11813
30293
27817
95717
67073
601
96797
78593
419
46861
15461
33601
39749
86729
74827
56629
61967
23417
1069
44159
41893
51283
91397
10163
74489
20183
61561
64817
24989
61463
32971
92461
3571
72073
54949
16481
74297
92959
9497
64763
24919
3391
47917
33343
92083
76913
13649
73907
82549
66973
99391
15971
19237
1427
39241
2027
57287
26681
31159
95027
18059
46309
74099
84449
37547
3673
28933
12703
79393
21739
72817
81043
34157
86729
27043
91303
79309
74923
54049
19727
8537
68213
34703
65651
29881
82009
50023
1823
93763
1163
89113
64879
74509
41081
17807
4651
87797
80387
92867
38327
47569
74761
52361
38933
53569
30773
53819
35617
70229
38767
33521
1201
91331
64499
70381
74383
43691
57271
75511
15473
9721
53923
76631
99431
21563
28711
98297
51551
39079
1831
9241
79493
78791
86743
18461
5101
1657
21221
26371
64279
76091
37643
50513
61261
59581
81637
76679
58657
92311
54973
89611
21377
44351
79777
42967
49741
62639
61169
14771
48973
44383
75511
93239
78809
94273
29753
89989
51487
76963
59387
55073
58771
78277
26209
12497
83719
66457
82787
45697
63311
26879
98299
25409
69827
17939
79337
7393
80287
81173
44741
60217
74719
2273
63727
82039
73133
51229
29201
10627
81707
61843
13463
29129
97613
66931
41759
99233
52369
31151
69481
79687
85451
11329
59651
96157
92647
91513
75277
1601
54409
92227
89069
88681
93103
22307
17987
19603
10937
10867
70019
43223
47777
90641
43969
85297
81943
15217
87403
58511
47501
82613
35327
72673
96697
61007
46153
93241
46591
27011
50627
7817
91183
50261
10181
19051
32533
15031
33289
90247
17761
23789
68351
63559
99971
88819
29581
77237
96293
51551
32779
25423
18269
25841
97187
26891
99083
7559
85621
95651
8887
50131
87277
65957
29429
25919
6353
29717
81283
23993
36137
99929
81017
27031
92377
40841
7577
19913
67399
3739
4909
39791
99487
76333
73433
18731
3433
70001
81973
86423
25589
70229
88951
22027
55807
43291
19079
34129
71143
16931
13381
13229
44959
78623
91159
92179
54779
27763
46153
11887
93913
45491
80273
42359
28751
40759
99083
49919
6571
19483
4153
6791
41479
38611
21503
17389
50101
31963
55837
1051
11119
86143
523
65731
39541
45497
27763
89819
51193
42019
2087
99833
40037
39209
5923
71711
491
32561
46337
47623
51539
96149
69467
29383
6067
13901
2243
12157
17027
5717
43973
77929
57097
2843
29587
48991
86771
37307
60139
67619
22073
11807
65827
21997
51929
13807
27961
34849
99191
12433
27941
5527
77471
41227
52223
40427
36161
44623
49043
6599
91297
2203
68399
69151
28933
33247
79337
39667
11131
3863
96797
40637
20143
62189
99397
38561
38917
97081
8291
65183
2693
7687
53147
10111
57529
74521
50543
44089
54787
55829
26891
28537
43627
77213
48397
34039
31319
71317
19993
57593
77797
84793
4951
56827
18451
47837
18679
36587
14717
25469
36011
20773
57977
7717
38329
26297
75079
35023
83221
17033
75577
80449
40847
21799
64081
76649
75239
4481
84221
53117
62761
92347
58231
18061
27763
28001
89317
43151
71983
9679
79273
15907
5023
77489
75821
577
86531
90887
20939
41981
31981
96211
38903
9203
29287
26981
617
25471
74099
49801
89261
11863
79627
51853
43319
65213
74161
76283
3529
59417
81401
34849
99137
18541
44159
63347
84143
44351
25391
21391
54217
85691
30949
52697
6271
6469
79699
28087
90971
12907
23371
39301
79687
86533
67231
21347
83
48193
41981
26861
83639
36083
56897
86477
35731
4591
33767
95789
33923
57791
127
45599
60539
20261
42139
36721
74611
91129
53269
10939
7127
60611
63907
5519
61879
2579
53887
79847
32059
3907
49939
35801
78707
29501
47659
76081
16033
41999
67679
50753
27409
617
23813
65111
38333
67699
45077
48109
92177
88657
39623
14771
53299
12227
24371
38047
8573
51193
99929
70393
11273
6143
88817
12899
46639
75347
35963
46381
57641
59611
87481
34847
48281
46853
82913
17839
43261
29573
2339
38177
59141
85469
36467
7853
74071
7043
23869
96907
10181
60101
84631
4649
42451
62401
41077
88903
55787
16553
17609
43943
36713
63361
3499
77929
92503
4241
44119
4409
22943
68473
70999
94099
51343
90397
64123
36761
20897
8699
36313
1291
21863
68903
69761
18701
83921
56431
49307
87793
85667
91393
34061
67699
84247
48091
34519
70423
84221
38791
81463
83221
21521
39047
42467
76771
60793
39821
78167
69439
58441
44549
61813
22123
25229
55733
21157
28297
63397
97651
97549
4861
41257
31793
47119
59443
25301
69383
53617
84809
2273
28843
30859
89261
32189
69761
69557
97081
10831
61961
86263
31151
9473
55469
14593
79841
61493
53731
40693
839
22093
51829
89231
68329
87253
79279
14401
71941
71011
34129
83077
23311
41113
16787
15727
73459
99923
11443
12281
87911
31091
24611
60167
86077
46867
14149
35221
58549
19157
82153
57413
25463
857
74161
21179
53951
75329
57559
4673
33329
96053
2341
48473
44371
9133
79493
64037
39551
86477
15767
6857
1549
7933
26479
8779
14293
66809
68897
41761
45533
45599
57571
98519
9311
379
9343
93983
96823
29347
96973
66923
25307
36761
47527
86249
74731
16477
86323
24979
99391
91621
65957
66491
34919
51061
94873
70051
34217
12659
14537
46877
70529
96497
63331
12503
53381
88807
78017
91957
95617
59467
56081
18481
25717
3253
11903
12637
69191
49739
2477
64513
28669
38833
5479
21163
57163
35317
18913
32377
2903
19403
77447
94781
28493
18587
61909
94747
92401
38557
39451
58477
40903
48079
20731
65699
84437
61417
58043
38903
76249
3853
63997
36979
77893
13681
64081
15391
1163
30557
43019
38971
60727
4621
53089
10949
3929
42767
1021
99991
55001
79861
7669
52757
42841
89591
89923
76157
54829
59209
47501
13109
14723
21467
45697
47297
41381
46027
62761
71633
4093
47351
38737
98573
86539
85133
68521
7433
32309
12907
63659
43969
77279
52313
73477
2731
1571
96337
2341
60589
56197
4597
92569
79939
66109
88301
34897
65089
46559
65927
32069
37589
82163
37273
60647
19609
65633
46691
67211
34123
7297
47869
63949
70313
15439
35531
62659
35363
94433
3607
96989
96137
44963
42019
31489
51241
75431
16339
18587
14029
75869
62219
99809
87811
74861
7841
57973
42193
14669
13109
44839
23627
26953
76231
5227
79621
62819
433
56099
84067
37889
39107
59473
65099
18427
15107
8293
55931
33149
51977
13627
81019
39119
72901
21503
36479
75683
87833
89227
66733
23447
79153
20149
74797
24251
79609
75941
69127
8513
37783
22807
32939
8831
14243
67741
76039
33487
11273
13003
48193
27479
18127
95393
82657
58937
63799
43607
24071
1021
29633
36899
16699
35879
67829
2237
33601
75401
76487
81569
20627
57679
7873
25127
35597
8093
59707
63389
84437
1559
19853
6287
9403
21397
15259
22469
5651
84697
25643
33961
14813
92479
55117
19447
52057
62929
61703
11987
48733
48779
38803
64613
18371
15881
251
43159
46831
76463
22277
22111
53129
10139
93997
83401
11587
49603
25339
42073
62873
389
37339
7877
55171
11897
92899
71143
23773
34897
39727
32653
33911
38977
263
80737
54799
88993
461
35899
78737
72271
26729
99089
84121
73571
79823
98563
15373
79823
24007
98999
45319
69821
98143
53407
75743
13681
9391
19447
59167
34759
50341
41543
11437
39397
90397
67033
5021
96557
99527
10477
92467
14633
40883
20261
16729
81533
8699
51473
54371
92419
95819
38609
9631
11213
56923
31181
1151
72889
72077
57923
41777
47507
15907
51839
62971
44987
43397
57709
35171
1597
42283
94201
68041
5477
54013
36319
23041
66383
39443
53077
38149
78941
70979
21559
6389
38039
1801
23623
74719
26407
32371
35401
86351
84319
15391
28619
28753
16433
20599
9103
40771
33301
39107
48109
7883
16937
69739
5099
19157
23669
4603
27737
38873
41999
12409
42331
42677
16843
37019
33289
61363
45263
9209
17431
29531
91873
3943
95971
557
8423
34439
4597
32257
11161
2153
16703
27647
72889
95621
93887
75193
75511
21011
9181
45557
29423
20747
78233
2903
99709
88609
25771
42359
37039
30133
7789
56149
81611
48889
61987
6263
39409
75997
64613
40583
33721
89083
63737
84061
54517
81097
34351
62119
87257
12239
30241
10589
1319
41117
50723
84481
50321
15271
13469
96557
38953
72647
97777
86111
34213
5189
5647
57527
3461
62753
52807
65957
97649
9067
41669
95581
2281
10937
13729
88609
16253
35977
95717
18713
41851
40037
45361
34607
9391
10301
2269
44971
43973
16433
5167
54001
16759
53197
96907
29483
64871
52697
26423
77347
86531
79693
94951
30469
59621
35069
5791
76913
80819
24421
63607
90239
91711
72173
30497
9551
58511
53887
1579
46073
34183
3607
9661
33941
19433
62347
53381
90371
87149
41659
52817
43487
83873
82567
50231
24083
8543
11171
70549
57269
26497
27271
4027
51137
26209
9551
24107
48383
83243
47087
6053
37097
91813
9631
93281
75991
15233
36343
68501
78797
45127
50177
4093
19009
73063
68389
20113
13397
63131
99559
26357
25367
24733
8273
50773
58189
76001
3359
6481
10037
33151
54163
21221
51899
89237
82007
74449
46219
60457
2239
20599
42299
67187
68209
28817
1153
97561
20051
67181
37361
68713
82193
1093
26347
30677
28019
19553
9679
99173
75239
17981
75793
78887
94687
67891
21787
90019
23743
68737
80923
23417
58897
96451
28163
10459
23677
93139
66491
80651
90529
96493
24659
11173
19913
26407
85381
20021
54181
65437
67751
3547
36017
73961
88799
44029
32693
94327
55213
53887
55903
58613
36269
2801
7103
23627
75161
72907
93113
68791
62903
15641
3607
27077
87701
81343
91183
51461
10079
87557
58067
84467
55117
2617
24049
48193
35447
83227
97673
8537
77723
85297
79861
23833
4229
53087
21179
41897
86369
57901
49531
74941
13931
92767
62497
23563
1721
86209
36277
19753
2617
19469
84523
6299
49207
353
15559
48817
84377
26881
97673
20509
78691
9533
17761
59447
4603
76847
48809
32341
81629
46327
12757
84349
98387
55933
16487
38189
53897
19471
10463
823
73877
26893
67759
22709
23197
19739
28603
78577
47251
4357
97967
93239
90353
74027
31513
35221
11087
48463
17231
99961
32359
36551
24043
1933
15493
42677
33857
33301
76159
503
43261
58109
18959
39209
79493
12479
44773
12823
78569
24109
97003
59753
66751
26729
63131
74903
32719
69067
22993
99721
1553
79757
61343
63113
76507
97673
47777
80789
44953
31751
30469
93967
15083
60631
8849
17519
76441
28463
11257
72503
10037
8623
57413
10847
45491
74077
73897
35593
49081
85843
4211
82633
5387
55901
67021
77617
80713
99859
27691
28579
38593
94201
67789
2671
74827
78427
76367
56891
57259
89003
16573
75883
80279
91691
59399
32359
34469
37061
84059
49811
73331
18301
68209
19937
39733
653
35537
70913
84947
21001
39749
21727
19889
31627
77431
24533
74929
96457
6869
74231
93703
60887
63913
21247
30269
2557
84407
52883
55711
74623
109
27197
82469
91079
39139
21569
35573
92219
82723
49481
6121
42649
35339
46831
74687
37369
98711
42989
41179
15031
8233
67807
18947
59141
57287
6301
15427
70393
69203
23027
11969
21803
69067
69833
17569
76717
15349
79973
72923
2927
71837
32653
12421
5501
74779
60773
80567
17903
42683
35803
25801
3727
26431
86137
35027
63463
91577
30013
55931
78707
64403
12451
60659
35381
12487
97961
2281
93529
88819
5503
74383
61967
46889
12101
84313
14633
85843
64879
34253
62903
4691
52757
63493
88259
51157
75619
65789
38011
87613
95791
16741
4729
49279
6967
39671
69593
53731
77137
56611
60637
14449
3739
89371
78301
30203
97103
42821
27367
51991
33191
42323
76487
12197
52457
65323
50741
35809
90659
45127
87977
21649
29101
72859
64579
71983
3271
69959
16903
94771
61363
55073
49037
75353
77383
73583
1433
60493
80221
62633
94151
13121
17041
6247
78193
59497
92381
62761
66071
42187
16529
113
179
40759
43627
76103
79283
49253
28111
15937
53327
5693
55619
6073
83983
73819
2539
45233
49741
93199
3701
10399
26393
88819
97579
419
36791
38201
7591
98809
16453
29303
28297
3347
40093
16691
12497
52147
6199
40529
75571
26449
4643
14327
86453
46381
3673
98129
20789
11801
13721
40847
63761
42509
2713
79841
99041
18797
15277
81647
50231
78439
88609
68699
80917
66977
50707
13241
89083
39191
84631
87107
30449
2833
43793
75149
21617
3329
82591
14737
20693
29867
18583
34883
2467
60617
27901
66683
10093
16267
71411
94543
10247
68749
91703
92459
67777
43517
6247
91243
953
25339
9631
16339
87739
38629
45893
8747
68777
80077
44987
92753
75731
61543
57493
27823
65629
2753
55817
75869
95617
87671
71411
58067
81517
25439
8111
23131
79231
73847
19801
87433
14051
57667
19289
24317
8317
56311
1051
63649
91249
23629
23567
32203
52813
47599
50087
73043
76079
39371
47161
18043
26141
7247
1753
70639
25423
7607
74363
62219
94687
73727
20681
16127
1663
72101
22921
91457
68087
88223
18427
35969
7481
89977
83221
4783
61057
32771
92857
57149
56827
90271
34057
43541
3137
92077
9859
17099
26021
80909
44623
78479
14447
66383
25409
77359
58631
12473
8117
27299
44971
54517
47609
55103
52837
86287
33851
93089
37783
56809
82189
92951
9631
31
44179
33619
82301
55339
88169
57943
1109
8599
37537
19949
89983
92693
14947
6553
29101
17609
96857
74093
86461
99859
51343
85021
59233
84229
5851
60343
41519
41399
89923
23531
14653
47791
30449
14173
42017
33589
21277
56531
70201
11549
76883
45083
38461
83869
60169
44053
88469
38953
9437
22807
62983
4261
37607
977
50777
25343
77201
17299
14009
92867
95419
73877
92641
82963
12907
25703
25343
17909
52433
28843
60169
28901
90787
14489
32801
51383
10639
83219
13163
17881
30871
33679
96931
57719
8807
15031
85831
73483
10847
73303
27427
25253
69313
27329
26267
49811
32833
18701
9433
16787
5179
54833
58309
47843
84199
4877
331
20107
99733
21529
21433
19727
59063
51203
90523
66653
36013
53633
92399
6451
34631
88657
59239
21001
9013
81901
60449
75209
90677
4943
80107
75787
92363
44257
7079
60169
25367
28447
34457
99839
75011
76991
53299
36191
18899
3343
52783
34267
8093
42677
95261
72647
52543
30347
76753
72923
5153
32089
40939
31319
98663
53597
1571
26959
17107
84979
89657
46687
383
29803
51203
92893
13883
34721
19913
3257
15121
3671
27749
67733
13411
13001
68863
46307
24709
28793
53791
36979
27997
34273
88993
30323
1753
97259
61483
51859
47129
54001
81527
37369
15643
48589
23203
6047
443
85313
35603
75337
12611
9341
62131
64693
15377
17291
22159
77689
17293
2153
22921
13099
58567
4603
69337
35089
73709
80369
7817
19759
49201
431
66593
20789
16183
9949
75557
4583
87181
87797
47251
6679
5107
9829
33791
56633
74017
23029
64667
85021
32563
48407
35509
38821
91813
10313
69127
9371
45161
5347
24019
313
2647
32257
83417
20521
45557
87643
81031
72937
12239
46327
96293
56519
28349
80473
87251
39089
96667
59441
30517
86179
51599
42299
83341
3821
36293
77983
19391
54469
2161
38183
89123
42491
99907
67987
38737
47533
92753
90379
86857
75571
41203
88861
20879
71191
36793
86249
15887
1301
78193
32749
9511
46073
58151
44249
55871
46141
14831
28657
85237
12211
1289
83939
79087
60647
9041
89413
2861
76883
39383
36341
55639
41651
61129
32717
3623
57427
14683
45337
63409
67411
78497
30253
7681
70717
24083
56267
83003
77977
65171
39779
77699
65789
64333
67723
56891
10093
65287
70793
54559
14887
8761
13063
28813
61991
98849
63709
35573
76943
55213
93703
83093
44179
58897
53819
2963
83639
20593
75041
83477
15053
55147
96149
95701
55661
45491
98663
94207
14639
23869
9343
65089
58741
83497
9059
21379
94771
33403
34499
45697
85667
69623
26591
55763
66457
64921
487
45737
829
13217
34747
51899
3929
19927
58661
983
86291
43049
83231
94007
34949
74929
28751
11681
58337
89231
9323
22721
87011
43793
27697
41453
9463
87037
5011
52963
16699
90821
12569
45887
28547
6907
53327
74891
71011
37057
26699
1031
74027
86171
16519
1427
95219
78929
35141
73243
23327
17551
95947
60733
26947
69163
67853
47917
21911
69763
3571
10627
14723
63317
72043
86131
36683
37573
75629
64763
64283
16747
83777
51679
70199
30643
1163
82997
11657
47059
55933
66797
64717
96149
36073
15493
487
43103
9923
82939
54521
78809
18583
22679
95959
12923
86201
30697
79769
29063
97301
39847
61687
69661
75937
56591
57829
62927
21587
77977
51577
74903
86689
52583
32353
37087
57737
81883
20477
63281
67547
7573
60659
43783
37987
16063
90911
95429
18013
2999
12821
29833
86491
73709
61961
20551
69383
98519
21911
37691
89203
58031
19751
22369
89513
33289
81517
86461
69061
71411
16417
76031
3517
67763
40771
1637
40163
47507
61007
74929
62903
54277
3847
18043
28723
82913
74509
3761
71503
45061
61169
67273
40823
43093
87473
92333
80329
7883
75833
37967
997
11827
91411
60103
61331
19853
76403
23227
9257
31573
22543
75617
34421
74861
75329
28279
17881
76379
1303
50993
34847
32621
15083
90313
57389
4447
60457
74941
16333
69473
37657
24007
90499
87881
33809
82781
32323
73259
1553
75277
37717
67933
22679
47629
67247
95971
54409
70177
8363
44029
76961
79043
28579
1531
4657
61379
587
15161
27271
5683
86813
63317
54617
6451
75347
34019
61819
78479
33547
75041
14683
14851
17957
75269
95597
83653
95413
44453
44983
79861
17321
85691
82793
20627
90239
52433
55331
78577
38699
53189
84787
1571
30109
44189
48487
13127
61211
22709
78989
67751
7229
58153
16573
29399
3457
53527
75149
20089
22129
44179
66947
34457
63587
47297
22961
19433
21881
22783
96479
75209
32833
12517
10531
44089
14557
98663
71807
77999
13709
69809
12907
67759
28921
66569
74687
76379
62467
22037
10501
30577
90239
65393
60761
7417
71807
80147
95279
44021
16381
38977
93083
46051
37783
24371
86837
30593
46073
87013
77171
97777
98411
88169
56873
69127
41513
10429
94121
30047
84713
97673
63409
8941
80777
85853
46831
90473
16061
65687
31321
38669
54037
659
91591
36887
38557
36559
49499
42899
31121
20849
2393
1871
79433
48221
22777
78539
72617
78467
36131
53047
51893
64067
1409
3257
67783
29399
23593
71161
30187
75037
80599
90067
9431
9049
74873
83537
28031
12601
20707
4649
86491
44917
69767
79493
67421
87991
47207
41849
20731
76837
82549
12007
59663
22397
58477
179
66037
40151
71443
61343
41453
85549
31891
58217
13463
113
44071
6299
76289
67631
23371
76777
34519
2609
67789
34667
60167
58913
57283
87509
96043
54623
28439
1483
1231
8219
56711
92623
32377
45181
73243
63113
62191
79829
35951
79423
83401
75029
81353
32957
7589
72923
1187
80621
64151
68023
19087
35491
2179
75289
33533
31817
99871
37321
9949
55229
5981
13093
82507
49823
16787
89899
2377
37217
86171
49121
11057
56843
4813
26737
33113
55721
41269
92383
55817
23497
12743
33347
53891
73043
49171
9203
13487
75979
19997
9619
40277
76099
79987
42209
85447
90619
22279
65407
44773
6491
96001
43573
33461
56809
29473
82609
95621
41593
52837
21191
95873
36277
75209
24373
44129
20201
87041
76733
15887
2939
66103
73613
16903
41257
32009
12689
97463
62927
59467
94441
15077
96479
61561
99241
32609
60169
30839
4217
64279
10151
25943
65699
8629
15187
95947
5153
67651
21727
86371
32077
45989
65729
74707
31079
33023
69491
87797
57107
11369
21383
90373
96137
27767
9067
43427
71473
86113
5683
16447
78989
34171
76907
6577
67447
79823
88237
28753
12829
64499
93077
54679
51047
29537
30839
15607
44797
2339
49727
1873
19559
11821
58321
65993
62989
62801
88867
19937
33359
83357
54059
43331
16693
65147
8221
86861
12613
47303
40813
6529
5233
11213
54367
97303
85831
99829
21121
24251
87973
18013
7103
92203
2791
27409
22483
46187
911
17707
93077
46643
88289
92671
26153
13127
64693
15269
82559
85487
55001
98123
90239
74027
44851
463
62057
55109
69763
97021
77137
68087
41357
97879
99131
6581
21157
59453
87973
35797
691
10663
6883
65089
43049
32237
17389
37619
42589
41609
99529
79531
70451
53593
11971
31039
46309
15227
69341
52981
78059
15413
59833
63277
32203
41777
44071
16931
23321
95071
88169
73189
12379
81931
41389
37199
17291
8513
52691
16451
95239
95603
71353
70099
9397
33863
89567
55073
34313
56531
59659
71023
5879
62723
77761
42089
39551
61837
52321
15683
92107
4603
63493
98807
50033
46507
23227
55457
93419
92111
42061
44449
70061
94427
38377
3557
95419
66883
4889
17909
25463
6343
76847
47609
58393
33049
69221
87911
6379
34757
61603
12163
21683
70229
5107
23669
79841
80783
58417
59659
58579
60631
94823
37049
89459
49253
27901
70969
5347
87517
55457
87421
19433
35111
28289
42899
97777
29023
10847
50047
61667
75617
10589
80231
45589
42209
36541
16619
4019
31687
78571
21019
78101
77491
42989
4211
50291
62131
14143
49307
72109
25031
76387
2153
12713
41263
69763
95327
2251
39163
83653
23909
61297
79943
10429
12373
54323
25763
91969
7853
14293
62131
33223
40693
21319
84499
21751
1907
49939
98453
22807
22349
47017
52021
58109
7219
15647
6553
78781
39821
99371
59357
2647
5569
95339
97841
1033
98939
19447
85931
10487
1481
30109
53923
96779
11897
11093
8011
26723
41947
49433
61613
30203
76259
9319
21961
24469
14629
59791
49391
77419
24481
47111
2971
30557
76123
9733
59113
14051
20161
51481
37447
91303
2819
15227
21839
42257
66293
24103
51827
27689
97883
21517
77093
36251
17033
179
96017
11783
6637
58997
18097
75767
89413
28643
353
26713
69197
66653
45433
4637
16451
88037
2677
79817
2251
76369
66977
63737
2549
75079
26263
92707
46451
69761
37217
52369
5779
70457
75577
62233
7207
91541
2389
1321
49669
53411
20369
37463
72547
72221
6361
9679
7591
69691
70249
25253
22349
18427
92401
34919
21379
1483
78623
41381
44851
40013
33911
50593
64109
48541
56479
36007
63377
57697
39659
24113
78479
23689
85259
17033
64783
51239
90641
77447
82339
73363
56659
38669
92179
51899
70429
2339
99881
5791
78341
40543
4877
33619
79309
23081
12263
40277
75239
87911
13763
25307
84673
80567
9679
28211
463
32173
58451
47903
71983
11411
71633
1709
37871
29851
95917
113
39313
41593
13679
95713
66457
463
2903
2273
64793
44501
93053
99251
25183
8629
47809
88223
48907
84131
8171
67181
76511
25771
90401
15971
1423
8311
58043
75209
29587
37537
32213
26729
77711
65167
26699
75503
44029
77243
80897
47933
36433
51767
99733
61909
22717
691
46747
57367
60811
25219
73673
73471
49789
60917
54541
1187
64613
73961
51043
14389
73847
84313
3089
94547
2803
32069
89519
39163
82559
49451
98123
42509
95707
92893
95789
77383
19661
19433
95369
84697
93493
94447
20231
65729
443
257
49537
45673
25153
18731
60703
34759
56891
71317
69001
72719
31531
57073
93979
16319
91807
45821
40177
49171
14621
10957
26107
75541
55633
7577
80737
82471
51839
18149
60899
2389
4861
51521
52583
727
11903
8761
27799
12601
89809
61751
29311
19379
83003
61409
54709
10091
57917
971
55579
54983
87473
95027
61483
2081
1747
67339
49711
95479
1637
43397
57193
97553
2029
41519
98939
3581
51929
31013
31741
66977
79043
17551
74561
53411
9257
84143
17579
13367
85931
5843
27431
69931
82601
757
21187
54647
49529
86627
75527
38669
17029
3797
93169
35069
25057
44017
3889
50849
59951
24697
40471
42859
41269
11867
31799
88261
71347
1609
87103
6079
44587
79801
70123
11351
3581
20407
81043
42533
39439
69383
37991
46457
87323
28703
52051
15919
65609
74381
16249
50051
26203
55871
77563
32003
27611
59971
88321
42649
72251
45943
93487
83437
56809
18461
99377
5449
97847
37537
34483
20353
66841
63313
36973
49019
1753
55697
74527
99277
1619
99317
32237
60779
73127
98389
73181
70423
44491
81611
4457
36809
24247
12073
81181
33641
12329
27299
46957
46853
72661
63611
30509
50311
55717
84247
67427
93077
98443
41903
62639
863
84559
35099
53231
28723
72461
48091
31333
18541
86509
17627
57251
39901
89923
28051
95717
42227
84977
38833
91673
21017
86293
73637
643
21617
99577
21863
9419
2687
91151
78511
29723
49667
96353
79907
90703
67843
16111
22853
41
19073
11071
12791
1039
63841
3253
6841
30091
32173
27943
42953
6857
23251
29819
24137
34721
3217
42821
9403
4297
95093
32537
419
57223
5237
45127
77081
96497
30389
13499
19403
33893
55639
17909
90823
71293
92503
59693
91459
45413
97003
45233
42281
13697
51977
28069
65713
23011
55541
62201
88663
51383
26729
90023
6793
65827
91909
22271
45197
34781
77969
12527
73943
2633
53887
28643
29501
23017
52673
76333
2753
67061
35407
44453
42227
887
86077
14087
52183
34429
19237
72817
75539
67819
36871
96263
5939
88003
65789
53323
75679
72467
77417
60661
43997
3719
28817
25561
65921
2663
38729
8009
66977
44657
1907
29629
64231
46589
44971
92957
3613
69653
69439
65257
60647
33403
9859
28297
29027
66037
97387
69073
3739
4051
47353
11527
22247
26737
37483
40841
62639
68669
89839
50111
61291
17939
17047
49957
27427
86477
65539
70457
25037
79693
42281
1319
35837
79333
10909
84191
93979
17477
80779
54121
26881
26357
64153
42773
91711
32497
859
73673
17863
78901
4129
80777
12377
80933
60209
98801
83653
46687
39901
11969
42461
21407
55997
15199
28859
83221
56767
85411
31321
4933
24953
22871
42073
98479
47129
36973
49139
49549
64793
36947
4153
55313
30259
22817
71993
9629
21143
99787
55639
40351
86117
76541
44293
44651
17981
16561
38873
84127
22727
79601
42767
83983
15607
23011
56101
1279
82003
31771
37307
3329
95279
21767
1087
70639
67807
59509
34127
19973
60149
77687
80407
87013
3739
43891
67073
79609
82601
22273
39113
2293
36919
62297
18803
25849
79423
72469
8081
13177
57901
30677
75931
17761
97157
90289
43787
18757
71993
31193
52631
43541
14969
3989
65393
30509
9587
24923
87179
50909
59999
37423
88321
17923
26777
32233
9157
1471
30241
49603
53239
20897
61507
66587
72053
36007
21059
36011
12983
67499
733
37139
41641
59539
56171
28109
83663
81629
28211
29629
88609
51133
75269
24391
5281
70997
63913
91331
39089
64171
91163
84017
12347
51859
75991
15131
50387
89959
6911
96827
57679
7717
99259
43037
97369
26177
42227
42677
49177
59693
70439
827
46093
63367
48163
1069
98533
28351
86029
90017
38393
47699
64969
69763
82031
62483
45673
1091
97373
63649
63487
20897
7723
29581
12251
62303
2437
28069
90173
76961
25633
32191
96911
77153
23981
90863
27737
34613
35201
86161
80491
36899
87517
32933
34297
23609
14831
94819
98563
90793
4723
90017
53611
72101
65983
62219
91583
37021
2671
85643
54869
73679
1999
86423
419
3877
42467
43721
36017
1873
12011
14831
12953
6469
20719
98317
44887
83101
84011
41189
15919
46271
91183
36229
6481
94649
44381
13613
47599
61613
87671
26633
50839
65881
2857
37019
23333
77747
55547
331
62129
379
76963
48661
46819
33713
96787
33391
9887
1583
83101
69677
52223
70309
72271
86467
8819
1999
20161
64877
85751
36571
87739
18859
86923
8447
34961
12241
36011
75289
28211
83579
20399
84061
87317
36887
92143
82837
1471
60373
6343
31151
8863
26423
1531
83203
4523
26953
4483
27017
14717
37189
26861
31817
93629
4789
17923
83773
57923
59981
77999
1567
15319
77003
51349
95177
55529
78643
53479
92353
46229
91033
14713
91129
43889
56813
8237
33749
15817
56197
68749
24019
33503
65543
78517
99961
13709
9643
22787
46279
87671
87211
14737
56041
65353
69661
82037
50077
30241
94379
56207
71443
10889
73037
8581
17203
72547
96763
36293
29753
49459
21191
10357
13463
71947
29453
77549
1129
61283
31387
51941
34721
97511
69709
19447
38867
151
81533
6679
5623
94531
47497
87103
29641
74257
72503
99367
49123
8011
30781
11579
10133
89501
98507
99707
91457
89363
25303
42899
78697
15559
49891
32299
20201
56501
85081
82889
48163
47639
13367
3037
96671
74687
73061
55487
64489
28219
49663
9661
60811
92941
16811
2459
19961
3677
56891
97787
84347
10177
92737
12251
20639
59791
86083
35933
84697
29641
62969
58013
10501
42557
4349
65831
63337
19583
36997
67829
1171
71059
37619
43403
18839
7591
81943
97463
57593
73483
80317
4663
91367
15083
28817
41903
44797
52747
33073
57973
90583
21881
88169
9649
33479
96643
46889
47681
30713
38069
84481
5801
11489
91367
25457
71789
84121
49681
73961
76421
39113
2447
85853
76537
20533
719
17683
94321
73379
5689
31489
43013
78857
24091
44641
22123
97711
38707
35159
59399
96497
25163
77267
58889
33679
30469
35381
46061
77431
74779
22901
26317
53773
91373
43207
74071
71719
25643
68539
75833
92033
68597
9133
85369
88411
36451
67957
2677
91331
95143
81281
23743
47111
91571
82799
71483
80233
28463
63487
96181
4967
17167
83437
43717
93113
16319
96377
16111
89021
94559
45553
37409
27437
99787
4349
51439
29131
29641
9043
48947
96907
15823
73471
63473
85487
4337
92863
40037
47581
97453
76649
72643
34841
29167
99439
13099
38239
65827
42751
68567
26309
43451
83911
7187
52027
72733
73679
98389
72367
48857
59879
33179
55057
82591
8501
45263
98429
44953
9769
271
27581
52313
26399
55603
41941
6311
47629
18143
68209
6569
78007
12109
28751
82601
40597
9901
17167
95819
70157
83269
58913
28547
46807
80407
54917
13999
71011
10847
2819
91387
8669
45337
9001
57527
83077
36709
20233
32833
98849
38803
43331
51991
2081
45523
14537
20353
67939
67531
92657
78653
13879
17021
68749
34031
24917
76733
47143
91141
26297
95191
1433
62273
7529
61333
11587
16111
6089
3643
21617
93179
8293
36457
73529
25793
89017
56687
10631
27281
64919
70327
97871
3643
17189
1951
95257
37847
45433
92107
84521
18869
3329
73309
32213
15619
88801
2099
99709
29741
76771
66883
5881
24473
53593
16747
59557
12149
61379
71707
76651
52981
36943
46103
57131
25163
19993
97117
84499
28031
68687
25409
56897
88657
23561
4271
17509
90227
74293
60149
93383
30593
76333
33179
18593
41549
27197
18269
65323
65551
87691
95507
15331
82139
52919
75557
38959
66463
51517
25037
86183
89591
44777
86573
34603
65761
45691
61121
18959
88997
57271
35227
32653
92143
4787
90379
70117
6047
31121
81553
45329
39883
96757
15077
73523
9887
23537
82307
63719
13337
62981
56611
52291
21929
28979
2503
19037
3581
49009
7129
21061
81299
97523
9059
66337
22637
39937
28111
1481
58271
40583
68351
51913
33413
34949
29947
58967
11117
46457
28933
99559
41453
18899
88241
92791
51421
17387
41381
58199
86851
24763
37021
88259
35381
12919
9697
43579
89627
55949
2141
16097
77569
35267
10663
92627
91331
26449
7549
9473
51973
18839
49477
91033
37813
65731
74587
40127
26297
91387
1609
92317
36217
4093
80147
8969
23201
93139
49031
60041
90173
18121
2437
78691
65203
83101
2027
32027
8089
12841
51787
21487
2591
51893
33289
56249
25981
15919
58573
22741
40697
50417
19759
14281
58403
3739
53959
99907
18307
24407
10211
44753
15269
47149
58601
47123
19421
52517
84017
82067
18541
32719
35381
31277
4127
53189
55343
27803
53407
79967
93179
79757
60497
12161
96353
37589
25127
48539
47507
99581
2423
64849
59009
92107
85021
88321
58109
85049
30931
43633
7229
79193
293
33893
28979
82757
38113
37019
13397
76943
87071
10091
91463
45757
17839
31567
45121
14783
80191
22013
67961
16993
36467
56731
42719
35729
9551
2281
58171
46829
89231
69067
50707
60493
84761
47207
74093
36473
56053
95507
49681
21647
5039
81119
47149
22741
8521
19531
1093
81517
6131
78341
56893
90187
91781
66571
13217
52067
11939
95089
37181
98479
50417
24551
8719
22073
88993
69337
59473
83273
34613
62057
98389
16963
42641
67511
61211
5119
32611
39461
92753
90679
85601
75931
16703
69247
90803
24733
67993
31177
66739
71167
3023
28573
74509
37181
64811
59093
15391
18287
41761
88469
50503
58393
29137
48973
24533
72497
20753
28493
38767
66851
20063
20047
36151
6359
47137
12517
61379
94153
87697
25717
17783
36341
8747
45751
90397
82559
21991
73043
1607
47057
40459
87277
16699
83231
61909
96823
50387
34259
26479
3461
96769
58967
82963
27961
61637
86861
74219
53309
751
69833
68213
7603
43411
94063
19213
40177
911
68683
41179
13807
76129
84449
53129
93529
60811
93911
17117
14723
40177
82913
47743
84089
74869
53147
11423
62119
2521
95311
50549
17231
32119
2887
44371
92119
7237
30949
80819
32089
13219
6143
66587
90187
50111
60953
74167
47777
87407
31601
35081
83077
23197
1723
571
39301
26189
367
42577
5387
57241
26921
467
94819
89963
84947
6577
30881
9419
95273
14591
92413
94889
49103
76259
45319
28099
91397
38921
22727
1523
62597
43013
47881
30757
93523
22993
17159
43591
9631
74027
26317
74873
58109
65957
6053
96233
70321
23669
55799
3079
70627
57331
34147
92893
67433
30367
21727
34369
41213
59627
1531
1567
48131
11197
64483
29641
7591
41269
67559
81569
44111
88651
90709
52673
55609
98717
3623
84961
55987
19501
14303
91577
69389
9829
99277
36923
9377
7499
70223
84391
9689
54401
31723
39719
94513
36229
59611
11503
2273
21341
15073
32789
34367
28181
73973
53897
16759
36109
10433
2053
21221
9539
91373
76243
839
87517
47051
90659
25127
49639
75653
48337
26801
38273
89413
77339
2543
1823
63841
12227
58271
78277
14449
32191
18979
8527
26561
46279
18061
31249
30181
17989
66347
86813
50923
45959
15527
36677
68443
35597
87803
2683
94999
86837
14369
78691
39857
8293
1163
58481
34537
57593
65353
23743
13037
75541
94309
50671
77167
19139
8941
2381
31181
70451
65927
54181
30781
7933
74093
7109
31319
81667
59183
37993
97927
1283
36931
62819
67741
93257
34613
27851
83561
41233
71257
31741
17987
5023
87491
12689
92993
77141
44281
82003
20369
53699
54323
27739
28901
51157
73751
59651
28279
6481
93893
72649
82787
48817
96289
31231
773
36677
63853
55337
61717
57427
70589
93199
91127
38501
75833
16529
76159
95597
66377
80831
88919
39019
66553
36467
66067
65557
36947
6089
45263
7193
33629
67307
29947
46229
2531
70981
60779
34687
27431
22441
37547
66467
1861
21559
58601
81421
35279
17929
88177
79997
1031
167
92387
40841
88289
15913
12149
22109
14327
37199
13367
6967
98897
71263
53171
87743
23041
90617
60647
86369
26981
6833
79151
46567
20747
37663
25171
9187
359
60763
20323
83843
45659
10613
15727
17599
92987
76919
30509
51913
23831
54419
79657
94063
33851
25583
1399
74713
85513
72733
1399
90173
75617
29443
70379
22613
25411
48383
9923
10729
12239
74551
22279
91199
46639
15797
5471
53479
53773
45541
37747
12917
20611
97127
64663
19571
14149
79103
67829
91283
37489
61861
25981
18757
62081
71443
77153
43093
84127
17789
54163
6709
52163
35603
34679
49069
25309
38737
98573
12689
75553
18121
3413
98387
26357
2293
78059
84629
601
70423
48527
83341
81019
89017
60631
7927
32917
93487
28211
90017
68227
62723
73607
44519
29423
93637
12097
5527
27437
3167
31663
70249
80683
20507
17939
69457
83267
97327
73613
28621
21341
64693
7127
10267
10883
75277
17389
61
38711
33827
84143
18253
31687
10391
87119
21277
88397
139
21149
78191
39901
7759
16649
92941
7039
99133
78887
36013
84463
20719
58043
10859
41897
34759
33797
79549
65003
34129
89137
42391
8269
49957
23893
24763
18859
47381
57139
15881
97861
53401
34147
63241
47903
92399
41183
5381
39443
16091
70459
41213
59281
91433
223
75167
10513
78497
63691
6373
95327
87911
44633
58207
39443
99679
5741
95177
38231
97501
80153
85667
85717
15497
71317
8971
54959
62383
48121
61211
87359
39293
99823
52963
16363
9349
18143
59663
64609
84463
67801
48907
15091
31667
57641
98563
26189
33679
66221
22093
52543
29153
94153
42611
95267
14879
38069
72481
23689
13103
8969
38737
59417
64171
11321
85817
30223
98737
43049
59273
18691
59141
1579
58601
77893
89381
25867
55021
33223
16703
8783
61297
9907
48247
46853
10627
44131
42709
78041
7529
84389
46141
71711
67843
67891
96797
16231
1907
33181
88873
59453
3433
3121
2887
91841
72997
47653
4079
2593
73961
80629
72559
91127
62861
68071
12433
66853
40759
71527
30197
82601
41023
26821
21017
14323
24181
26711
24821
82891
92669
15727
40129
16333
22907
8867
66041
97283
92233
58997
54409
76541
27061
33317
68329
67391
43319
12647
60331
50411
69779
80737
49663
38953
96323
33503
17053
60127
96661
46351
51973
8837
31337
69677
24841
11971
9887
20663
44867
2273
39023
43013
85087
49613
82009
73757
73597
69809
85597
32909
38933
86531
22079
28807
44017
53699
95143
15443
65729
64717
8893
62701
1889
40487
51581
44383
84181
20297
91967
56087
80317
4451
68597
18803
87683
20441
55337
26021
57977
69191
70039
39671
86351
10223
10657
98347
54751
64613
24793
83023
67231
80657
20063
71023
34649
14009
42719
27253
57131
31891
1409
7669
62581
42643
55439
41357
76403
7603
83269
61879
46573
19889
41941
75403
13999
41543
81769
92899
4019
37361
24379
17837
3779
42433
80863
16651
12583
17981
7639
90481
62383
36293
61547
64553
59557
15629
82483
2129
98639
21493
4801
52889
65789
50177
28279
84443
88741
42359
4153
79669
11149
31991
55681
69191
55001
91393
88469
14929
379
82051
16619
96199
6329
2339
11789
74449
49193
881
47149
97003
89897
12373
38431
94261
22613
82723
84737
29683
19993
87877
78437
32411
29537
16481
12113
6709
12577
25933
39191
30469
34757
61781
85933
34267
57193
94789
38501
11329
27701
24989
72091
19441
72577
35111
90947
97843
31231
78367
24989
44623
86161
76001
82847
62987
18503
12923
16607
39979
48869
87671
49339
6947
68521
40853
56171
64553
49939
89417
16069
50923
19973
52579
6217
96337
30931
32359
46489
78577
2917
10739
98597
57571
6779
14479
3389
24419
86077
30203
70783
4817
15559
84047
93481
60103
55333
20897
56359
52259
10939
7019
83423
41863
21383
82483
72139
48757
66301
19993
31963
46171
65543
64747
79589
43093
29423
8263
36821
79627
1579
7069
1423
12911
97501
31957
18047
34651
29167
53089
19
35311
82549
94009
32887
16063
91639
1877
74861
12301
3167
13469
82939
32371
84011
21319
34457
29527
6229
1013
77101
97169
25367
78367
84481
39581
73121
50929
27529
4799
29287
59539
10853
93001
78571
61469
92189
81157
16943
9277
51383
22961
19181
76079
11779
6691
38261
98321
71707
68389
92681
86381
86179
85333
33923
17327
27409
13789
79043
92657
98729
34721
11351
10979
47149
50207
38461
65393
37307
95929
16529
10531
47591
53699
10589
65701
6869
91163
18043
93787
85601
68141
91129
64333
193
37189
35339
79279
93059
67489
25357
57349
4021
487
24137
14197
58757
21383
23687
83
39869
83921
45013
61333
6091
56713
59497
70111
24877
96329
39607
71413
56873
55609
70271
25357
6217
3517
16267
50321
50587
64217
61223
18797
76991
4547
77933
98939
87473
223
21559
51797
88591
57859
42073
91387
73379
79861
2777
30097
42491
97583
78977
18503
12473
32801
64279
69557
58169
4211
77323
53681
72797
3259
44351
49639
38567
32987
15881
75883
10457
30389
26591
6353
8111
12197
10771
73783
22133
27143
36307
98939
54559
29401
97967
39953
17891
41227
90407
21863
78137
1319
22273
29663
44699
82469
35593
28657
98017
59443
72503
257
15259
94823
227
54001
42331
54563
1949
27197
23371
2237
76771
11437
7333
1063
59611
92707
20789
26627
76487
2693
2957
24197
95063
6947
78191
1697
68543
22877
283
88223
229
4691
81031
13163
44927
8689
59263
98887
13109
50549
89897
54973
91703
92941
38261
58363
38749
1747
9697
93133
48397
92959
67751
61981
41729
67531
24469
18257
16061
52253
91253
77659
12953
53719
15319
69497
44519
52963
51349
10223
82241
93497
53813
23251
47129
85549
73477
60103
40111
71551
90583
26513
20903
47129
7433
76493
84871
37223
67763
48787
65929
29173
59093
91243
70481
19697
44021
77167
43963
3533
58027
13577
87509
67699
31531
95107
25579
50123
72367
95737
51419
86291
74861
21179
1993
52553
97987
43963
25873
82153
11399
15299
37879
6737
41579
16231
77731
32159
9811
26597
62017
59561
64717
34651
51001
44179
99809
29947
88843
25073
71389
88681
52567
81101
28349
37781
65309
29947
91463
66457
62423
1223
63719
34549
99439
60937
2791
49207
64019
2179
19259
12109
38569
44537
58199
11317
21787
35423
93323
72671
25183
163
3881
17383
29789
66179
46807
35437
71837
60617
64783
29633
70573
30491
49333
60889
52363
35027
94399
52627
78301
70481
41641
71129
90977
1801
10163
47599
25609
77417
21617
83701
18341
22861
38713
15971
87293
84659
1031
6323
80287
49451
16417
91229
90679
13627
48751
11437
59183
14011
50549
54269
50551
15277
56113
5843
41879
69109
34913
18289
68113
65173
16931
73999
2777
48821
86017
44729
1061
50077
57223
76289
9283
28433
96079
19
63533
84143
79063
62633
35969
34337
86027
95401
34513
38693
41603
62323
61813
32869
25303
33223
89633
33563
94477
95189
86243
15559
7879
6089
30529
14629
39971
75307
91381
81223
98807
55529
1831
93581
52733
86467
7717
54877
36871
38707
65851
79589
44699
60331
38903
23321
81689
6217
69709
1993
23209
10141
22859
8423
38377
77359
39761
28663
13669
43759
56009
26371
7907
63533
60527
85363
85297
63773
64951
55661
84047
58897
2099
23017
78541
40973
9187
80107
75037
77893
14593
70457
74047
12983
55381
16979
34729
48221
67219
31663
29339
74507
8807
87931
97103
5009
4051
58511
12161
32237
32183
57709
27763
59539
65699
18223
92789
45779
30781
91841
6133
44507
18149
85381
73727
56369
94543
3527
73847
58787
84761
20921
1231
82421
80819
54421
51829
98041
89431
49117
84221
40351
12323
85093
37907
98621
96847
62563
64969
33493
58393
14449
39887
90907
93419
1381
70589
71761
39749
70381
91151
61981
24919
5501
50891
6959
52807
59743
50753
22123
60251
86561
15299
78137
69313
65927
83
2797
31481
54083
85091
14759
96953
47563
16883
38299
24001
30553
19079
15193
44249
44071
30763
43789
56813
40163
14387
33331
8461
13183
32363
7649
47609
73091
44071
44657
74383
47737
89809
95279
39937
77237
75521
42929
25033
4327
19387
72707
64237
4493
12653
33863
1907
26479
99529
2053
49667
56911
28591
1319
37409
34421
54421
47309
87403
43291
83023
8369
89819
7993
56993
95723
64109
50087
23789
36691
57839
69929
32869
60413
63527
37547
96763
26099
58073
88301
3041
79633
60149
30097
6449
95153
22531
38431
46819
65029
62659
88471
71881
27737
86341
30553
87433
51307
75437
19289
58943
35771
61031
50587
36017
59663
89101
8803
39079
66523
22247
6367
36067
76261
7507
99829
34721
37397
37171
15061
60811
30091
70289
33347
16553
30367
23719
53813
50333
85049
31237
29333
23447
78283
62743
7643
48953
5197
77797
3343
31271
2789
96179
58229
22777
37171
32203
70381
75641
16879
82013
50093
52177
28697
5189
33053
30869
44203
86783
62983
5821
73079
9137
41231
30491
93491
90469
17707
19531
15737
27653
15907
78437
36563
48407
44027
5279
29453
9781
27143
3637
5857
1723
84239
51647
79433
73571
67447
31063
41849
85531
72493
60169
27883
40507
66721
24007
91771
30539
27043
8237
1153
4813
41969
56237
92111
31397
89627
43973
96989
76249
53069
36899
95549
46769
7901
70177
599
73453
22153
15581
72889
14593
39667
68597
5297
40801
1723
13183
91249
3221
91249
92699
51169
81551
49499
17443
6823
78347
25057
92269
21401
14969
54727
379
94747
97687
24317
88811
20353
34513
38167
56633
55229
60763
29989
46829
52069
2383
99223
7127
94649
75083
66919
30029
90803
39301
51431
82067
757
3253
911
17989
15017
65633
12041
62563
95917
24979
54037
34589
59513
70949
93133
53633
3853
7673
6449
31267
85297
20023
16411
96269
65519
60167
94951
85661
37571
15583
15511
80989
51427
43261
90089
727
83407
71899
90289
60589
17839
12829
65183
9497
32969
83137
1237
58363
79427
87133
16729
48523
6073
95471
89983
55259
27329
21157
15149
53117
24197
84431
22567
62129
26927
90841
26801
99089
58049
23311
86729
23071
9421
1031
17093
25253
24061
6199
23993
2351
14843
98213
65353
28201
44041
37313
89293
57139
81973
2297
96337
16451
97859
16249
28649
67399
95507
79633
95791
77783
76207
38567
73189
77317
83939
44453
77447
48197
69401
14411
92657
67979
40763
11503
29587
51413
77557
38833
87317
49117
88289
86993
18061
39023
36479
18839
1613
22483
59617
98017
27271
95257
62969
70321
43177
91121
59809
28283
24907
23581
3613
76757
70379
5303
26083
91183
96749
39371
90107
3697
78101
33587
88807
69763
29191
27961
13967
98597
95723
90679
90473
52579
34693
40039
48539
23473
65713
38783
1999
8081
8543
91621
44819
56431
80407
91229
76387
62201
68729
25343
91673
65551
24019
29717
1229
41023
51407
81929
14387
6007
86969
74527
98429
77249
12763
82339
93923
20101
43103
60719
73079
39901
4691
77023
56611
139
78979
22651
9011
61559
53381
35771
81883
36643
61343
7757
59219
13219
2237
40903
5333
55103
64567
15289
47513
44711
92189
48539
73181
23627
64007
16187
74383
77261
66541
39563
47317
31769
4211
96997
97943
92959
4871
58601
28649
91423
40853
36943
5279
14407
71711
26947
57203
45121
79259
99377
4451
67819
68581
64301
72383
61609
1471
30593
83719
46273
38303
17341
87877
15787
74189
20177
68611
39727
43063
18719
50741
61687
13613
33211
36947
2539
74093
84199
37363
46853
29851
14683
10369
97441
24121
9391
42131
39079
87383
14797
29347
55001
85903
29437
90371
78427
80749
72379
22921
44777
23687
49939
25997
53849
43963
89689
14771
20407
42611
29927
85549
45553
27059
53609
19289
95881
49639
69493
77431
77999
30161
33923
49613
91921
4703
77951
6143
16519
35831
83579
49117
61781
13633
18257
95987
38239
61819
17807
57697
31547
56237
9643
33623
46021
433
37337
76649
95603
11117
63361
81737
87991
7019
34963
72287
14423
87523
30697
74959
23537
88853
53759
14407
31723
50023
60383
95527
47431
4483
43019
91813
51287
69427
92369
20719
82997
51307
58537
47017
89021
60917
95419
42443
48023
21803
94949
49739
11
62003
22787
85439
28517
25913
49307
8599
53089
9349
27763
50417
45589
13127
67157
32323
41341
39373
47119
81551
59077
69427
29959
46091
50627
99119
55511
81817
2693
27803
37561
30539
78721
22739
94961
28789
47407
75611
41609
23669
25889
25261
77723
58711
6367
82723
21737
70607
479
53353
38729
47459
35521
25463
26183
83137
63059
86629
79357
3301
96289
11411
82163
34033
17389
9127
26633
2081
42293
48397
25969
29683
26119
8627
75253
71647
50131
76259
42839
7823
20743
23663
95561
89399
38197
51839
60859
79657
13873
26459
84913
43753
36551
34439
99391
45197
28793
87041
88289
11833
96157
53453
27961
98953
58199
28463
85717
70489
82421
71563
45319
78577
19889
42641
58073
93553
757
4583
601
5023
30949
80909
14683
66449
8431
49667
25583
64109
37117
71887
58031
48527
8893
34963
39047
19963
32051
44983
27061
18307
43177
26681
89
37423
83933
93937
71699
57923
2203
30911
2741
32303
23269
50021
61991
5527
87869
37159
97967
9041
44371
63409
50683
65071
45893
73943
62549
16187
18311
32059
96179
68863
30161
50497
93683
72341
72643
47681
88843
13907
31721
1423
50551
20639
92927
27751
67103
5653
90227
89153
89521
30253
20563
34403
21017
46441
52727
66361
71503
10733
33353
31793
66593
87083
53453
75983
19157
28753
30893
64937
64019
27527
65951
85781
35543
72889
1277
96737
157
13591
90619
81883
2539
55541
89381
27197
87973
32401
12671
88853
87517
34211
70223
20143
65651
29327
85237
93913
90227
43177
29251
51421
641
65407
21499
60217
8941
71167
13553
67967
9419
35419
55763
98897
15667
68749
31699
44753
67169
60887
45707
24109
18803
51599
17293
55051
4583
4999
7673
5849
12203
94903
60397
67181
41761
90121
12007
24203
92867
51031
37717
14957
64627
75223
78571
69847
3253
51719
75391
14759
10313
52769
14549
92627
61507
1867
96017
4889
313
50411
87973
65089
42209
36721
43787
92959
67777
86539
1783
54983
38873
94819
35923
8101
68239
38639
37423
59183
55381
20029
83477
56713
62617
94837
79133
28901
2129
71147
367
25301
31799
31991
35729
52127
28619
77419
95971
23021
74297
86837
52967
86869
21559
80273
25349
48341
60899
74093
51827
53503
4567
93229
54217
64109
63929
66697
10141
14947
31391
5563
62189
71473
57503
51383
55399
64187
69463
61441
63611
55807
59693
11699
17929
47717
47951
46507
2207
8467
15061
94379
19391
47699
64927
25939
81901
45233
28643
86981
41863
72973
86131
65203
9613
16229
1283
30677
47737
91459
73553
20431
73079
11483
6029
66683
78571
55547
26681
42391
64381
15271
38287
98689
27481
7669
1657
41543
96989
30493
1013
97381
43037
85933
3221
89399
8053
99497
7591
63803
1277
81031
29389
16073
40759
23327
74761
65099
32993
61297
43159
79139
15559
39821
8263
33851
56417
96799
57787
98491
44483
15511
89329
93629
68437
84503
75079
29567
68113
26209
82013
61673
49559
48121
16603
1163
94343
72869
40471
45329
70583
75931
823
85121
9127
78787
28499
23143
63241
21851
72689
18451
33493
93719
90641
17257
19447
37811
19571
83417
457
87959
14197
70877
77479
36073
733
14249
27793
89317
20593
21517
33589
94421
84221
82729
96997
90313
19081
86243
56453
26597
80917
92849
38371
58229
59651
23633
60521
72221
58771
9467
35839
73477
86291
45439
67579
76243
40063
51713
23099
53089
45497
18211
14879
96017
67499
24593
43391
38317
91291
40559
21943
23431
70379
1481
10613
87083
93263
74597
80177
66523
58889
3767
15359
42139
47629
95773
911
94903
58453
1549
85331
23293
43517
53051
58889
85469
29851
75997
39199
28927
29063
90749
26993
32719
56779
53657
46993
68821
94513
22039
84247
22531
89413
7643
48761
28927
54167
39659
58403
59063
181
41213
74713
43067
26627
44491
23831
46877
74077
16691
27281
85523
68879
34963
27409
6221
73331
17317
56477
82051
69467
887
49939
93893
4451
86729
14347
25097
37897
45503
86371
12973
17443
91841
29569
20981
39359
95531
42437
84431
67523
33829
71999
27883
85223
12637
55351
48407
4733
39563
90017
4219
30313
56197
10949
6469
25111
89923
49549
67783
53239
37987
82757
34673
22973
53549
55799
4357
45247
92479
62971
30593
63649
48611
74873
14431
15887
65867
32027
85451
21317
83389
4373
98299
23687
33343
25261
80309
17911
16693
72467
87121
2837
96907
38459
36901
96959
87107
29599
66191
1489
19583
45557
5693
55249
67049
28933
94399
6389
79531
91631
96329
5527
57259
33829
73303
46691
71569
28001
41737
2803
76519
15073
76289
98123
80537
42797
84533
54617
60427
11933
66617
49171
30773
71329
12671
6469
24551
16267
83843
86729
30517
19853
22811
91387
85427
73597
7867
91081
1163
23189
42019
89261
37307
47
19793
8123
15391
16693
20719
16661
42451
33679
18097
34283
43777
4517
47137
38903
14939
67219
72649
32843
88327
89087
87179
27893
70879
22807
4519
88867
98473
89753
44563
36709
11923
52861
84533
22067
32233
78139
3067
32869
35759
37853
74827
40531
3719
73
1721
98519
72613
85009
8563
35597
13397
28183
99719
68329
43943
38431
81173
57373
41117
99439
10273
41813
16633
23563
36787
29411
9103
17837
11719
58061
93169
90481
68597
69127
65731
57467
89753
79999
22697
83233
74719
17827
59743
16361
32309
99277
11617
68531
8951
88919
48313
8521
45077
46337
69809
21379
4957
44927
31991
66733
37619
35059
63247
97613
67993
63281
31139
9463
90793
6653
4943
74489
7741
3581
2803
103
57737
96911
20509
39371
10457
3851
1609
37
77813
37607
32321
71209
57557
68491
66383
5827
18461
60223
83969
25357
70957
20143
13883
23369
8647
16673
11369
99439
30703
48817
22063
10267
25633
42407
61651
54979
49463
85819
23059
54167
69379
60521
48679
58043
78593
62903
22921
52691
2647
55219
32789
9221
58733
58363
47279
66569
40693
36887
39019
74383
98639
78301
94063
95213
76651
73009
12241
54293
65413
38611
47609
21001
31663
10093
76099
85081
2713
26513
46829
24967
40471
10631
95083
643
72889
86869
3257
68227
26431
71261
99133
3259
99131
69779
11971
5501
87299
68791
67867
65957
20753
52981
78791
12511
61927
1021
93553
37897
71503
80537
30161
61657
25357
24989
65119
76507
55661
33601
6959
13907
87427
11311
22783
89599
25309
65651
48029
42499
9851
70067
56131
56983
17981
5657
97931
73433
11789
8263
10259
60167
349
46829
21013
26393
56093
64693
281
13007
54773
75403
57493
54497
87959
14549
84307
7103
92009
48193
56807
44579
75133
69761
97859
54101
5923
92179
53401
3697
72053
61627
92809
47623
95597
61363
89899
32069
45377
56989
60127
31729
45413
49201
99581
82891
57973
41231
87649
33013
2633
33773
6637
659
29881
8123
78653
24551
27943
31237
58657
22751
25763
85669
38611
68683
36833
72043
19139
23633
82559
1493
97169
54673
1709
78803
26449
54193
98179
68171
75583
56401
33599
15233
70373
38261
56527
96223
41113
6949
14827
87641
14737
22031
6311
7151
45853
97441
98717
57059
85667
47777
46757
68713
49783
61381
79559
8291
23537
75853
69233
87443
86161
15391
39509
38783
30931
42701
36293
20663
45737
76259
54851
27407
27953
30703
11047
947
71569
32159
19913
92009
50263
31183
52817
25303
41737
37493
24799
57559
73019
70379
27917
62171
48989
91757
1321
17509
8629
81761
50363
95393
57947
35617
36523
15991
79159
32401
24407
99527
2557
15467
67783
24239
1171
29917
60647
1889
25321
8513
70501
15823
56053
92107
32303
99709
28669
33773
39047
51899
67589
29989
67943
87701
90089
41507
14419
65867
97609
5351
58109
14741
97729
97177
26399
22811
65957
57593
19421
42139
83939
38083
19013
46601
24239
60763
31183
72431
18701
49307
80021
87719
19961
7411
51427
49481
50459
82193
43973
18041
33757
63439
60623
92467
26321
5683
54151
55339
78163
71537
40751
3541
46237
83023
15173
87719
69929
6991
76213
79901
76261
51341
91387
65839
40483
85133
76717
95027
35543
82387
45281
60661
42239
25163
89399
41863
10903
63409
95803
49019
1607
14891
28807
49831
45341
77563
19273
59443
36551
80173
38039
1151
61657
65063
83869
6329
6389
22031
58043
41719
23929
2837
41617
23081
46199
44617
63601
66071
90379
69109
19417
39581
28513
16477
86357
17911
21211
58549
52783
60169
99257
57329
13829
83003
53819
40487
96457
26297
17579
15383
92461
45553
97373
35117
53717
21587
1669
23531
58573
18301
809
51511
79181
61363
20849
14867
72053
94993
7517
63029
20353
20849
46747
11353
23753
5413
52223
5791
19919
54413
22859
50423
76471
44501
95279
99257
15809
2111
24481
81359
14741
31321
94049
31177
45641
14731
68213
51047
7187
19423
8419
88513
2633
24793
34253
26297
35569
40637
31337
18013
12497
72497
81943
96757
28793
54541
74941
14657
1439
34963
44773
93967
19463
28627
73309
68611
38803
5843
23743
97841
84437
26821
90397
93287
14929
27011
77719
75941
73939
15329
15439
39499
21019
30431
82279
15073
63671
72139
37619
50147
16943
12161
87589
82463
33409
18059
68399
42557
43867
34213
49603
52267
64793
66173
82799
67751
74897
1297
50411
74363
72577
8081
43427
79493
31541
88609
69001
53419
93463
21991
35851
73091
82267
98887
61253
87943
35153
6521
51637
3119
87511
15277
39341
57751
98377
76673
29573
77723
54541
33023
95791
46591
22571
60937
24109
79147
86161
35603
49463
70667
46441
12641
22469
35771
43291
24379
83071
82591
2477
52951
36643
66697
51691
77573
14009
94727
90907
59149
24329
65647
33469
90191
37517
11287
69203
21017
22129
95731
93371
29789
33347
70003
21283
10337
42571
18413
22679
7393
85201
15923
54167
93941
23819
86027
46183
16529
5431
44939
127
86857
15923
53267
71713
15107
50513
2113
41281
47051
93133
4729
17939
49307
14683
70451
37529
61283
29251
58789
20749
89563
23971
26339
39953
53693
53381
43721
85571
23971
14759
4721
929
21023
20261
2081
48353
57457
76871
15199
39749
33797
46499
55829
9239
1907
68329
26321
10651
28123
22067
24691
87133
3343
32647
30881
90787
52783
5849
65071
27551
21523
23057
16979
77687
55171
35437
76883
38333
28789
10247
70879
5441
38459
7603
44809
8311
69821
1867
49171
61861
54547
56009
79201
5639
81331
76831
74293
6553
37643
15667
80909
97967
15733
8783
40849
6823
13933
19139
20983
86813
83207
63281
88903
68687
72229
16069
10399
95369
80077
9767
44201
32479
58099
56053
12917
10453
2203
70627
32189
36653
99929
30431
24889
89107
95317
20983
12071
74699
78979
40739
91249
17749
72253
65927
94273
59083
95987
22051
20011
69761
74653
66293
76801
65963
76471
13367
23917
51991
12647
28319
12203
52081
6829
70507
97259
55813
57773
13693
44017
73471
23773
91097
39097
99133
66239
39659
94253
57679
22511
55163
59753
1367
2521
98519
75377
29611
59377
68633
57637
79229
23669
2633
35839
72469
23339
46327
38713
60961
61151
46933
95413
1237
11801
76919
29531
77863
62039
19751
79181
90599
87251
40213
85027
47911
40697
29581
65543
821
2789
491
4363
12601
74929
577
18397
33769
50383
19991
33721
22111
1433
60017
67307
13183
96893
62327
69691
75707
83407
48131
54667
45827
40099
80051
4673
4969
53951
78439
42611
17383
14149
91811
8647
56437
45779
8219
66923
97429
20521
16087
26993
57283
51713
59567
79693
10651
54907
17749
56747
20231
27697
39107
79987
32909
20249
66919
39733
40189
43669
26041
31183
70201
86579
48049
74027
2081
85229
79087
37747
18521
72707
63781
7027
26597
47699
89897
82073
22171
19463
5939
6287
5381
69899
90203
50503
30253
31277
47417
21191
58567
64781
33211
85931
49891
78781
68863
45869
49031
52817
58603
33533
27803
43
76157
32983
23053
13043
39749
78569
4793
99181
52069
19949
63409
76081
5527
4729
39023
39043
68729
27697
78467
25933
43891
35099
60923
59197
67103
99709
62497
83207
12713
26561
42703
82007
72953
74357
30637
27733
72139
6961
2843
457
5147
88223
93703
88853
95507
1447
31219
88469
27689
37441
38713
15173
34919
30781
85103
8263
10331
40169
89917
39631
28949
6379
79309
59629
69029
11329
43943
32371
2879
57709
31643
10651
22921
37307
547
83257
23609
2063
8011
75539
44987
66221
42491
15401
2063
6863
66653
21503
16567
68087
68213
15649
84421
13381
61507
7109
96281
54217
95087
17383
72739
11909
86843
9461
68737
54869
15991
43427
38047
54721
72869
70663
71429
58109
52517
68713
40847
60013
58967
69317
20129
1091
11311
76039
45281
4253
22741
53731
66653
52981
39461
21839
73877
67
54629
13933
97039
1481
47111
75013
8123
23581
67429
4861
44021
21121
39659
76919
91463
32497
11807
48947
51257
64451
23039
31963
60659
49919
90187
6791
95111
13781
25793
41609
13367
16063
32051
58151
91411
61723
54371
18229
61129
21751
75227
59561
82037
51349
52627
53527
67853
29387
31583
86131
27073
42839
56809
87977
83597
51043
77171
84811
56873
6199
81157
25673
38053
36241
17981
22259
22259
14737
93097
72341
98737
7019
18229
25693
91591
55057
78191
6121
95339
50069
78781
57097
28771
49549
61471
3359
50773
73361
34883
3863
24793
98129
71947
10069
25423
82609
31607
40429
12641
9883
75941
55967
86353
25799
85703
89809
42071
15227
8429
73471
2467
30059
31601
70921
20897
67429
18257
64817
92683
229
80221
13567
4093
34679
52879
92657
20759
24979
72661
23981
30697
37171
55541
75253
53309
92753
13687
3823
1193
54503
68023
37307
94597
18593
78791
86467
11783
47269
36551
14149
75217
21661
49747
17659
11257
27271
46867
42379
26681
79609
10181
51827
10883
98101
19429
15383
73757
96451
14827
21401
19013
87793
20773
16069
46619
20947
77783
78787
31547
18329
25357
56263
83477
64279
6247
60953
61471
86399
82139
72893
38933
49109
3539
50441
96001
91297
47581
48809
44579
34381
46819
97213
8867
87427
197
91163
36017
39511
84653
79423
8747
70957
3931
6163
97847
50069
19763
9619
52967
69197
89317
53923
78779
60133
72977
27329
38783
53453
20443
14177
99109
95317
37123
82237
53857
32423
93257
6691
65053
12347
26017
78737
19501
24413
80611
43481
33301
84047
6883
33343
61169
15607
71837
89153
87407
75619
12907
3769
73259
44207
4801
77569
33403
55219
54881
20369
22621
56543
26801
23761
96997
60937
15269
34351
23509
66653
59651
5839
41801
33223
80021
8779
5507
74027
70157
54083
49199
43783
24469
85889
46477
49823
73709
17783
50581
86573
18793
16519
58403
68399
64901
22741
24317
67369
92789
54049
91967
17299
11677
82571
37217
80737
48989
3911
53831
29383
6473
9013
5641
13709
47791
98251
27509
81509
6529
79817
25411
62003
21193
49547
82727
87587
3659
37693
31247
41659
523
31723
39119
64793
27361
16529
56963
97303
56479
62039
86767
613
52631
62297
86857
16481
78787
26459
37799
67789
41927
30781
34301
8297
37633
80051
60773
27271
94693
40699
59651
3769
1409
40471
97829
38261
64153
33529
50123
12253
96779
63719
9043
1039
25127
46187
76561
67079
1049
13799
11173
4177
23117
23003
677
42487
6007
36809
139
41017
70507
14747
9871
80473
17569
40897
36083
97571
96851
4481
70687
67189
4423
62743
54409
26903
48889
96451
52121
99989
83563
43669
70823
52631
10559
84211
89491
24169
99023
93763
77681
90499
39791
84827
34217
56897
82633
59141
88321
65203
86201
38677
98543
29581
34543
11069
88327
53093
75377
61757
1423
70753
2039
62683
93529
14057
83059
34033
3257
64879
11411
1429
69197
87403
28109
23609
40289
5779
62273
43889
32531
24419
90281
2003
13883
5381
99497
83233
41879
16063
32713
47303
71849
3259
84979
18131
86209
21601
66383
63629
40277
15727
31583
50333
97103
29221
50993
91757
61261
50893
51383
83399
61751
51439
2309
68879
21647
95267
15817
54541
62653
26449
78059
85819
84053
57899
89983
95737
97187
21221
14143
90403
41659
8191
11059
45677
37159
63073
24203
45329
21347
9721
76673
31013
58687
93559
97651
76423
29947
41777
78797
87277
73453
10061
43781
87833
62533
61333
32719
67339
52253
70619
33413
46507
4561
1093
2791
26267
82351
34607
39733
40471
19891
57059
39799
2437
87013
24977
51203
14723
30839
42577
78283
54311
40493
45767
15581
98909
99563
34031
75037
18097
84067
60343
3373
26717
4373
87721
77477
79397
20887
4079
5431
37223
98621
73063
49009
12097
20219
61057
85439
61379
93283
83987
14341
28097
45179
16063
21313
80429
40933
70843
47251
7603
86767
1693
86719
18749
36217
16937
45863
86561
30431
79357
58411
22741
29881
81869
46093
21269
1487
19319
641
6971
34171
95317
44257
82241
71807
8461
51829
42841
71909
39233
1123
541
39769
45263
31081
24691
98479
3847
97499
67217
88001
40163
89399
2521
137
92311
739
11239
44101
30389
13757
25127
20173
97127
35099
11677
15173
87421
50581
73907
21673
48623
3169
34603
11807
45779
30881
97187
43151
78553
71483
47711
56893
36037
48859
99901
93113
65677
15439
69623
58963
63097
46811
60509
92899
21757
31907
65497
47111
38453
24197
70549
24439
52859
23417
96181
62971
57283
75683
37117
53089
71453
39107
5779
39227
67369
29399
49937
8467
20249
63799
32507
39541
17903
36871
58997
87973
52711
51413
29611
65063
431
7057
2153
15259
19403
34603
53089
4523
4099
26209
26833
49123
12149
79537
49223
67867
37561
1723
33827
56479
11743
61519
42709
53719
3307
83233
25303
35141
35533
30559
43793
42533
86813
26881
12329
82727
47981
23027
99131
43543
28579
12437
44417
92233
48989
83341
85627
3299
34273
73061
85889
92189
87701
60527
57803
29251
89899
27947
11867
84719
56569
39019
1201
96757
60773
94321
77249
48473
4253
35323
30467
1223
56197
47581
76597
13729
29851
58789
7529
24097
91283
33149
13931
77999
73309
80251
78941
5303
4691
82759
3511
19471
88643
55229
12323
20509
163
17839
37567
22111
51679
83219
86027
76463
75389
98123
15413
21397
7499
49787
95009
33493
32719
5113
33343
64303
79613
44753
36263
55667
82153
67589
90191
69997
90917
87767
35951
18947
72907
44071
23993
72229
52691
53507
30203
68993
33871
42083
63277
79657
31147
3581
12227
33931
401
42461
12907
55897
15217
19009
37507
9419
66293
7393
64007
7649
4621
80537
56123
88861
52201
61001
14489
20707
51109
18289
29867
21611
65033
47293
35227
35671
16067
55051
54293
11503
27803
47137
27011
57637
5231
30467
16729
68581
33211
25849
4937
36313
57557
72073
26489
83833
72223
5419
41231
2971
53887
36241
15859
18541
31973
9257
65203
1597
20011
95873
19543
1201
99871
51637
46649
77611
86729
90977
38671
61991
78191
97651
91373
48571
5113
74419
23671
40241
9181
24071
90473
58763
11131
62563
38953
36373
91951
44741
61979
78979
12583
39983
81013
3559
76253
91183
30697
3769
21011
53479
19013
48481
45841
15359
58937
5407
78571
41777
31751
43913
67829
86861
11299
9623
64333
46183
21379
21493
88969
64877
77783
29669
63793
54679
18127
53653
23833
93497
1499
21991
36761
93371
46199
44867
2927
83773
20983
50177
68963
25621
56893
41161
39883
84047
87643
84631
70951
62897
55711
94343
12781
67043
57271
98317
87223
31907
63331
25469
7841
33587
81901
32533
90187
75211
11239
9749
20873
47713
63131
9619
56383
61561
80447
84793
39827
14489
72719
6701
32029
11839
96059
36083
72701
86753
7703
4079
11393
82231
47779
68099
41957
94063
25447
7727
31817
33331
30071
3089
13397
68543
38351
74287
67043
17881
40357
3061
57269
87803
56941
92671
87509
20771
18059
80833
22619
34147
1549
28151
52321
19183
373
68611
44203
16193
27407
4253
15383
19961
71429
35573
70937
37423
13009
29287
85061
82729
18133
33599
84389
95339
51971
99397
29789
49033
21839
7297
1049
69193
21563
25913
51257
51521
71293
14143
9533
58189
24247
47353
14083
77557
27697
12893
1213
8699
3571
79451
66931
1093
41341
39821
35951
57073
96997
30911
3391
32003
31193
42953
53633
12853
2089
7487
74357
73819
57193
42451
36671
12511
29023
59921
40597
37813
66721
24551
43651
86711
8221
73291
24007
29017
6569
43711
82007
3347
10957
82267
99721
52177
3607
88807
15077
18181
43913
80669
50461
59159
87317
94999
2833
63397
81509
10009
1721
54181
20627
57923
95947
63727
68743
87623
88867
14869
61667
64279
39659
65203
36847
83933
22343
6701
75161
51193
76303
37181
40823
8059
5881
28621
53849
26513
88211
36067
7459
52457
45589
57077
48649
72367
88919
29527
75703
53353
74219
77711
48817
86783
20599
60041
31727
50909
6053
37363
82307
2731
72733
53201
70729
71089
21227
12503
69779
76913
571
53507
25339
23057
2699
77977
11783
91423
62659
63103
18919
13681
79397
34483
51817
56093
13591
75407
92221
51637
36451
4789
75683
81973
41491
84871
3347
72689
57269
81943
52121
77081
16741
68371
62189
96731
80537
21317
65171
19541
64091
15269
80963
17333
98143
38821
12253
94351
7673
91237
6337
35327
61949
65089
71129
51907
30271
30851
10259
36353
2143
70627
6067
29221
43609
73483
78139
82163
33871
47903
65353
99823
6029
84499
68669
19687
60923
41467
16921
85429
17497
57529
68507
53017
43783
27397
5903
28181
22283
92221
12071
59443
71191
21467
25189
29803
10799
22279
43661
36451
26501
15923
69337
36497
33941
1201
87181
61933
80737
25939
65407
31391
65699
97973
88069
75571
92489
73961
1489
70573
29629
86197
16879
85991
5009
76283
22367
20551
8753
84121
46747
57251
73699
62639
49639
35863
57223
38371
1993
82009
26723
80923
19919
6857
74017
43117
28933
81547
42101
31397
62201
43783
94379
41057
1597
5527
27017
40343
99251
41681
73613
38461
25667
52837
30091
90289
71663
70373
49253
63499
95723
24121
93523
17519
83773
43711
2549
27653
10037
33493
83059
33377
87223
88471
10567
58613
47237
87517
44563
90679
15077
93001
71633
56401
58631
41411
72251
27197
28279
53377
211
45641
42859
75479
99571
54269
71941
85061
3917
53419
80429
66947
67
31271
51061
12161
9539
90659
2741
49081
69653
8719
43783
91841
18713
49297
59281
27697
57529
67927
17837
45439
40151
45503
51461
15541
3847
3119
87877
73693
10639
59393
39419
2857
54059
42487
31271
59387
65111
87149
3271
12251
50273
39799
80317
20731
61091
74323
92311
60761
29077
96973
62189
1487
12049
79283
54617
4283
9133
28663
65701
99497
21893
98251
57487
3533
58699
18047
32569
18493
75307
10453
31159
54101
41863
59197
57649
57881
59971
16937
71011
23371
15073
78779
51949
70123
71167
54673
63559
36677
82609
241
34403
75557
1307
66523
50077
95791
80911
18719
58363
53401
59351
479
56009
75323
32507
27127
85577
90989
42683
57751
35159
73999
41539
43651
24133
18133
90917
22193
28627
67079
65449
36473
55049
6007
25463
51517
52363
1451
7159
95803
19777
95789
10333
57943
81223
80341
81353
80749
93763
1493
3511
75181
37831
4729
91781
62213
25621
35449
743
47123
65587
85201
53591
61441
64403
67789
78121
58061
36931
60719
58537
97157
69677
52301
98899
83339
76481
10163
42953
58169
7993
38971
62603
78541
71807
80369
57781
31751
23873
32051
13879
63727
52361
93083
55501
1553
82261
73483
80567
54347
42187
66221
67757
53197
31991
96671
21377
27697
99689
72901
39829
30169
19273
761
92297
20147
92927
40039
84991
76387
6133
80677
26263
61043
2029
48341
42577
11437
16553
60209
8123
77983
97397
40031
6701
18367
77279
47059
85439
98323
7433
10937
401
64453
80387
61547
24623
14747
13187
52967
55291
53087
41
5333
56891
49787
13267
11579
29243
8677
40949
2707
17449
14449
19447
80447
42331
64153
58657
85201
93967
78059
46933
74203
72341
20101
92227
20563
65837
28597
1567
331
9181
43579
39929
3209
47711
68743
49603
16091
30269
56713
34283
87037
10463
52999
81547
32401
7517
19891
93703
35339
46829
11777
75937
41017
42373
4397
28181
4643
80713
13327
6131
2521
19697
1453
58337
54011
8311
41647
33937
89227
53299
57679
28751
6823
42083
24733
823
14051
93983
84263
311
53113
15259
99259
83341
72467
84857
74167
10667
32443
20177
2203
48799
93491
40031
19993
27337
1559
54829
85909
62639
6037
34337
84509
99487
40507
84463
15773
60041
13337
8963
43051
24847
47701
36857
87541
1669
37871
5077
47251
7253
96443
16447
71249
48371
78893
47609
75431
89393
60917
947
28351
47417
9721
49663
76487
57097
23041
9419
7109
40253
3917
68539
14713
65981
40387
86689
613
69371
87121
37447
92077
77081
46817
6197
11287
29401
43889
67187
19463
39749
76771
30391
79829
58711
64693
11593
93683
367
89003
65497
98669
48383
42157
31667
30637
11503
95891
9311
26459
75037
88129
99991
35107
71849
15919
57793
40897
79151
57241
43321
15731
59929
66791
20021
25583
19937
54319
15773
10459
77323
82471
85621
41957
43403
75787
96013
12487
30839
66721
14561
97553
82193
32789
20443
62351
33521
47407
43207
42853
81761
75521
16603
57751
41681
36587
919
11863
11579
45827
83383
73079
79433
823
47969
39227
24481
44549
33113
88117
90619
19423
65027
3823
94811
50909
27541
37463
75703
5981
81409
99661
72461
27997
11093
41651
55009
62827
80279
47417
78781
84631
6247
16879
43201
96329
7993
55109
19403
61547
57131
47041
22091
54727
16273
10601
25189
43427
75883
25643
57251
94309
96097
99349
4049
99223
16699
67021
26249
65437
31019
4051
50753
64921
20183
10847
15919
95461
52027
62701
23623
11273
78283
49123
7753
1303
72931
29501
92753
9257
28597
52667
22013
8719
70951
179
11981
17191
25357
16651
78737
20773
80221
81701
8971
56629
8377
30557
89899
52363
84977
41999
41849
14479
77549
69341
78179
81173
28109
81097
11083
86243
55291
82891
95143
39251
25693
11597
19963
92051
76283
84223
20903
29191
41011
13751
45007
11497
36931
66239
84179
3697
467
4889
82039
56041
14957
10253
98981
17351
18061
809
1163
2803
3851
41179
13417
80627
9949
65011
18427
75277
62099
98299
34757
95857
37693
26267
8179
43669
22109
80627
76561
20641
55229
16229
38083
69833
60589
57097
95791
68099
3209
74189
22777
51719
42359
39551
66643
29947
84059
73517
7211
92779
70373
79451
18367
48679
74101
46027
13721
68713
23369
48299
96737
8069
39989
89203
89939
15731
17041
47963
88747
983
66809
21683
23003
30869
27253
68611
95131
72379
29789
32713
98269
57077
71999
24251
33773
31729
63907
73013
45841
73309
32587
85081
39971
13219
30497
37123
13001
71899
99793
21773
93103
2909
86287
74323
683
38873
39709
58963
76717
24097
9127
98573
23629
81173
769
54013
57787
65633
65419
38699
59693
78139
94441
22247
19597
27739
34841
18427
42443
67181
10253
31849
26881
14653
3583
66467
71389
2467
36721
433
79181
22961
85571
24019
30109
38803
27299
96661
29347
96907
70079
52981
45361
10847
80147
58763
1489
32077
49477
17789
967
74827
5189
44189
42859
78791
64783
35401
7687
53639
31223
24043
6869
35023
76001
68023
45827
71261
25889
51341
59209
93811
14929
31751
17599
89273
64513
67943
90059
66431
367
97301
20029
69341
23767
82837
92899
70423
52369
1109
45161
397
65719
48619
48731
65033
82217
22481
15661
96451
90793
35899
75583
109
14561
1367
45751
16477
14411
98867
30449
90217
78437
57331
34847
97843
63803
92173
22259
39847
32183
26947
63103
62981
47059
63467
19183
7793
79493
98947
67751
94273
8779
40063
82267
2131
45247
21101
94117
34763
90833
57131
41141
66791
44953
21433
84811
39499
49057
30307
62501
82183
51521
55603
521
54413
87187
54631
77543
31583
84211
71209
20357
53453
13003
691
68669
94057
16763
29947
21149
68611
34729
77977
69779
72797
1303
33179
44281
3761
72173
16069
69677
78979
27631
80273
92227
52183
82217
65071
73259
79039
23311
15629
20719
78941
20929
68713
87277
31817
86981
33589
8431
22877
70589
32327
46489
45403
83023
33461
14083
13577
66103
43177
30971
65111
44887
79399
52369
19037
71809
67217
4523
5483
66587
787
14423
70627
72689
39227
89611
27239
19309
38707
17477
55967
9679
90023
95419
28603
53861
80677
9551
62477
67567
37321
92177
8641
91303
30403
28729
25939
10939
85837
63079
46327
14957
5927
18341
81359
46061
90833
76837
25889
70489
65539
82361
43451
47497
67219
68581
65851
5387
64171
21863
41341
97387
45131
7879
1373
60869
78583
63659
32099
2311
57637
94789
22639
59069
11243
11551
59351
11059
53597
8521
44549
92219
401
14951
50273
88523
99551
54323
70979
48751
17929
50767
46489
6287
68501
11213
10613
89527
90481
52757
88799
93911
61729
28631
78017
91493
24767
59281
70039
61757
50539
33997
9697
35053
67141
46757
59119
29207
17911
10159
5521
34171
80051
89599
98573
401
12983
55667
74177
47639
14723
99397
58321
91939
38609
17881
29311
70951
34471
31981
2579
1931
33023
55633
37957
33479
7331
92551
17807
15641
13457
77783
95317
87083
16661
41959
22259
43321
15809
49937
15791
12049
13003
32917
4273
49523
3517
11311
74189
79181
14821
20921
9277
8699
1531
27631
46691
36697
17519
18787
6091
86677
103
98689
50423
49033
46499
64327
94447
25343
56039
87337
54049
45013
75149
57221
55619
55663
29399
58763
85781
98227
36229
5171
80039
69149
70793
72253
14143
39521
14033
94849
17291
5323
22469
15287
56087
32089
54667
99787
52177
90353
36299
75937
40853
4793
18257
26053
31123
64063
95213
68521
29759
42179
14321
45707
17683
93287
16673
42179
77977
14753
5897
72277
26339
4643
12007
33617
46447
14983
39181
33391
84307
46619
92699
12347
95483
93257
827
76537
61339
26261
76441
9769
57899
88657
43049
46471
85159
30259
77191
69739
6277
28703
1063
3343
1787
32693
55373
70981
15299
35267
24821
83063
22751
44983
33023
52391
4871
91009
28921
90371
65371
79559
27179
53939
48409
94837
47303
42193
68141
18773
38153
30269
19267
43133
32323
17053
21017
23297
18041
4051
9859
69233
94747
5843
24989
17599
59051
10639
4013
1721
85159
77491
57191
46301
13183
33469
94207
631
2903
97169
72671
71147
64667
10597
89659
70639
66107
91163
10111
49957
52181
68821
62753
70237
93307
22859
89261
84481
36653
71503
7541
62497
20521
99349
15307
97849
22699
65089
73553
31793
84011
6277
70853
95873
91309
42929
90127
3793
2083
99251
39241
48953
29851
6173
55103
21841
11161
7057
11593
71329
62143
94603
1913
19489
46489
32089
55621
15307
75967
99611
63467
77269
45127
8017
9257
9293
99577
57383
36191
51973
37019
21599
23929
80897
26371
23753
96097
40529
9587
15193
14323
76243
98801
39863
34367
3541
42083
8641
59159
77509
97651
70919
22721
85313
15797
66239
35423
6581
69317
33151
42043
75209
52301
24109
24359
80209
10607
42299
42979
90679
97847
24151
7043
72043
95219
78707
95617
93001
22247
91141
89417
71483
4507
14669
80167
92413
37649
89533
45289
69403
11717
30161
36479
6199
8819
91459
13007
1511
22123
2011
39239
27337
98467
83563
24571
9283
86477
71983
23143
25873
63421
40087
15299
51217
85201
53017
85037
49069
33427
42751
1709
75323
90173
41039
17123
40819
92311
36457
80051
41579
44777
96851
79481
34513
6277
17851
12401
27947
11243
56101
90121
25307
18637
67369
76081
46051
78539
6113
98317
52291
54401
11171
2131
83047
12809
98207
12511
25163
10601
7933
80111
97711
79847
97081
50539
97547
62627
4561
17911
79273
2851
36973
83903
18253
64877
9907
13499
57179
95539
51059
16103
81671
28979
51581
47237
13709
59659
2333
35671
14057
85517
1301
7411
57731
9091
28027
49727
43961
4643
45389
48571
21839
73699
96587
54139
13633
86131
75329
10169
90847
22907
34501
38749
19051
48869
70297
5653
30911
67079
54959
50591
20323
21227
97117
83203
56359
99643
91249
90947
5881
947
70327
76249
51767
36643
50123
63391
23021
89681
38149
42787
26921
48239
56239
28697
65089
55243
14087
69737
86689
80963
71719
39971
20707
62129
26113
90617
18143
7481
13799
11779
4219
95393
33893
25793
60101
52627
49201
28163
89797
51419
26399
78941
9421
70313
57847
53299
56569
727
83023
13687
59063
41333
83407
98533
84913
1279
31393
38651
36887
98317
79259
41357
21467
47431
23029
76603
66491
67271
54101
23557
77101
10667
85199
38921
61493
7193
10321
21881
7607
54541
1609
22093
97369
72617
16007
88897
96517
65267
39829
1831
20983
36887
60029
22811
22549
13163
29717
12289
37379
93427
64693
40867
36473
26513
61631
31321
3761
26683
96779
52301
30341
46327
49003
30713
40237
331
83903
52103
39887
69317
71777
29527
45659
2557
45763
76441
95401
25997
269
76679
33073
63607
8377
21587
89227
71719
32869
6869
15767
40973
70969
76231
92251
35879
68473
23063
48757
51817
26423
72883
37181
52433
9343
45503
53309
60013
81533
6529
32077
51241
56081
22189
69499
43499
74071
27539
77417
78553
9887
40949
1531
1049
92369
90371
7879
13151
5101
13669
71479
62723
17383
19013
93761
8699
82393
32993
31387
88883
52783
12967
11789
98809
93683
11287
78017
17627
69827
33037
1733
58031
56509
97367
92861
65581
5443
93739
99149
64817
51949
84421
46349
29027
55819
89021
7487
81353
61469
6451
60293
6691
36791
56393
73189
80233
26153
54721
27427
32789
6761
72901
44687
72661
60083
79873
71693
48407
39181
2393
92479
44279
93901
56093
11353
41117
46919
56599
65867
44159
89779
10427
64189
24917
96643
86357
27127
45341
12671
41177
1283
68543
25537
12619
77813
54907
62897
80683
95959
37529
78571
14879
35897
67607
95273
43613
53411
21491
55441
57973
5519
80473
38177
53693
14561
65357
5297
68389
87553
1861
22811
90373
90173
64811
56993
87613
47419
93683
15161
30211
82699
49391
78583
53609
4027
26489
49801
52103
72733
95621
19
73013
32533
86689
40177
7537
14699
46021
71209
33811
33893
48859
46867
25603
35863
21013
34871
27697
35863
8971
27893
52901
10597
25367
47161
59957
67733
99787
12757
99991
85037
39953
87991
22777
41959
79997
99971
93889
83911
84239
34211
71471
10883
8863
99679
5197
48281
97007
88547
32371
43457
39869
44963
36263
74507
16981
70157
53377
1163
32869
79657
45127
66853
3167
44449
98269
56983
36857
95723
32833
67979
4349
1097
95707
32327
3511
78191
73277
98993
11299
44159
48299
8243
95003
94723
83089
43597
48563
95947
23417
70709
58049
35897
84503
14159
21163
55799
23087
69197
98981
2579
75937
21169
33721
9929
13477
42841
50129
69197
64037
51991
86711
10139
84991
10301
25409
71347
4919
12071
52889
19687
67219
93581
70913
1613
51131
1741
3373
55663
34303
29173
14753
56543
96451
10949
7529
75011
92461
107
84509
82997
6451
67261
71119
8753
25301
95177
51859
38833
22189
90353
5477
3719
37571
31727
83933
71693
14081
58763
46727
557
27043
61169
76597
43913
32411
1753
38321
31859
709
12071
75869
17579
22697
68659
13633
58537
80341
17623
26849
67709
18443
65717
70981
32251
88651
75989
65633
40127
17839
96353
46831
21179
69539
3943
94873
33353
56591
25673
81401
21487
28069
47699
11467
38933
29917
6949
31091
51721
24469
71333
11173
18077
37013
10151
22613
65557
60913
68147
6563
13723
75629
82499
58579
49207
9631
33629
31337
27541
76253
41959
15607
36929
41941
953
47843
97843
8171
51199
87119
40357
85571
8017
25801
65581
1129
67523
85819
83813
84143
83609
17299
26993
51361
76207
52321
31147
69371
31123
49169
93133
92173
52363
29129
53507
87491
8423
17581
51031
16981
96893
60353
13249
75793
40819
63709
93809
33589
52567
84263
41243
2129
64157
89261
13799
93113
96497
97549
93089
21401
93097
39079
59693
12689
63793
77471
62273
56197
51197
57037
83477
30013
56477
41117
11257
5867
107
8861
58699
81707
61441
40427
67943
64399
2113
98041
22699
72953
27617
33493
25673
81373
84967
75539
90619
16699
67807
61927
60679
41341
40693
61153
4729
43963
9013
34649
19013
30529
71261
27239
68947
58367
82567
59771
42403
19997
16349
8999
5059
44701
25309
19471
98597
22541
68879
45281
65053
21767
69463
18947
33191
98867
72043
65371
67967
59387
35279
31079
32069
23071
56941
4723
85243
50849
52727
86441
17573
79153
20551
33349
38933
39023
7309
4013
32797
86861
30869
59539
3593
853
57571
8423
32621
84871
13469
17291
15427
67523
97073
4783
60917
50033
72269
50263
62297
41149
89431
43661
83459
62989
95713
66239
16223
35527
32917
62903
3167
24469
61813
32341
73709
14633
25391
77279
73883
93901
84521
61613
73771
12041
3617
77839
64951
99733
80537
30403
67187
2351
58099
45481
2503
51563
313
88001
59281
389
74779
77101
74869
31121
57947
62351
84673
53917
36319
41809
15913
52981
98801
87973
76283
11689
34501
29411
43543
57641
55337
22571
35069
18661
95869
32353
2969
35507
18059
4483
93059
45433
41593
95153
41023
58921
48809
57493
19993
57773
95819
27823
67489
87631
2333
6029
1567
8369
59929
14633
98893
24001
14323
51361
3863
26141
8893
56003
84143
90007
35977
98411
79411
3259
43499
36901
19121
17519
14813
52163
26459
28181
18149
67723
79333
29101
40289
24709
24061
67231
13577
13003
4423
25261
46099
81943
71069
21599
37567
93323
38867
50101
35537
49009
49171
53887
65183
46199
34403
56543
8677
71777
82883
5897
75533
71861
94727
99877
32213
44071
22037
8081
56569
86837
42697
18593
99721
49531
1039
81749
25057
31189
16823
52021
53353
38791
74923
88003
17471
72959
22397
41849
1877
29573
58549
50951
91303
67883
98519
587
57731
27941
47491
79111
27793
41579
21149
86579
37277
74891
37139
1109
94747
33377
50891
94837
97841
71549
26119
10069
25679
15569
4583
66949
10061
32467
77239
24907
24793
63281
16477
15511
83059
6449
59141
66449
9649
53017
13513
71537
77617
23981
31013
56779
13799
65141
71327
42359
99259
25601
18701
27751
35251
37571
25087
51413
15299
80513
76753
54083
64879
53639
81919
16729
23599
19429
88609
9833
9241
17483
58363
28789
68501
12241
47737
40627
55817
72221
21491
40189
69539
19037
33203
33533
95929
29927
3539
69809
6599
71143
907
12569
45557
33203
71789
74131
91807
63499
94907
63929
24413
42767
80737
37747
68543
4349
57269
11243
30841
61231
12433
46441
38669
67867
17959
54983
16187
25229
443
37879
3169
36541
20521
3911
87281
95959
12301
11551
85451
62969
757
71347
99829
51991
9767
44381
8641
769
76777
719
22381
78059
4957
48271
761
94291
22441
5741
7121
20399
2909
9439
9539
2879
38723
44279
78049
42323
50647
20089
84211
1297
99233
60617
50417
6257
15013
58049
46591
25703
73243
14341
31307
65563
46301
30931
28661
58687
47911
50359
78437
70589
99377
42013
16921
59119
21961
33181
82279
8779
35221
45763
46769
24061
40627
28571
63311
71699
86771
48109
72103
13723
68477
56039
22811
32099
55949
98473
57163
14813
78539
7879
75913
38873
9323
81737
38299
2797
62639
5867
22691
5849
60293
14669
39703
53201
98143
27653
13879
2851
92821
71713
70009
98459
44987
74159
51673
4649
23857
9341
67307
10657
58687
40823
19319
34159
58741
47381
96181
92179
44519
66029
9949
85451
1039
78233
79399
6779
12251
28229
76673
311
49177
98009
84653
30431
19301
58907
55711
72551
31237
80923
65839
14489
59351
33311
13037
24781
14207
38593
50773
99559
13331
20411
58199
36013
13463
99559
4517
35603
67429
38261
10163
16189
63527
45569
44651
28477
59669
35831
42569
18523
53717
45247
66821
64627
32237
9619
17903
28057
47143
82231
55511
23087
9403
63367
60859
49939
8423
67987
69193
80897
58049
11617
74231
82763
37139
45247
57917
59509
9419
8747
66169
97919
87683
88003
77713
27437
41849
53527
27397
76883
56479
499
20947
85661
58013
15607
2693
23321
3221
4421
20231
199
29819
7451
90163
1163
58831
93253
92789
70271
94693
71237
6203
2953
96487
35837
63803
8963
58153
57149
32917
72733
97001
51479
73561
47387
72617
1439
70667
47119
199
37517
86131
5009
61553
40427
28057
34369
67211
11903
27737
96857
76883
63337
15649
22247
8747
51899
28859
3109
56179
16427
83719
12919
65519
25229
57283
11287
36913
3271
19759
53279
23857
40099
83341
38729
5501
81181
36821
35999
52757
64171
2423
95633
89153
32377
5209
76883
13033
49451
30203
50543
58909
13691
26539
25939
93629
54787
199
80557
75391
88523
40697
8779
30319
79867
2437
80491
13523
60317
57529
80819
60727
12589
96149
11161
70111
5393
52103
67043
35837
1321
22619
43973
46471
88793
61253
78241
85751
26681
37313
4673
42643
72073
86239
27847
99817
38543
8689
55511
66173
89003
88223
31
97081
75913
70849
55291
83273
84061
36979
97003
70663
10111
97607
69491
58061
31151
563
21563
92647
18097
25189
54049
37363
87013
72889
85229
70309
36779
10723
15919
79559
38791
43691
54829
48397
34403
42359
94513
43397
1097
5237
59273
12007
7927
78341
33893
87293
71597
55997
10889
50341
5981
64399
81197
94447
52889
5839
75013
85229
80369
96221
75403
33577
88607
61603
21101
67801
82129
4463
8111
10159
197
57143
2657
92233
27241
83477
42589
14593
31151
60689
58031
20201
63719
5237
11941
2887
8821
50033
26783
92503
26317
83969
41927
14149
54367
10067
7451
59393
75539
26141
36697
64063
38611
3547
23131
24169
1453
96797
4019
37799
2837
78203
86869
13681
67187
27059
48091
77291
90971
63397
2347
12241
80287
40387
21599
12379
25301
70289
9091
67801
57493
34033
52903
92479
37987
43261
78479
59023
95569
65599
10193
17047
45569
65981
77839
86969
67699
21019
19697
58013
26083
60089
42083
87323
52733
13759
90107
65831
48649
17359
20117
6653
79451
3209
9743
10343
46099
28649
91387
55889
47741
88411
46091
50423
35051
16943
68699
57493
14923
85931
4027
28661
47303
11071
33613
15581
46819
3
42197
43867
12697
51673
33287
62273
64577
26177
7477
21839
66037
74719
80657
24793
8167
63277
31253
89459
74573
42281
80147
38461
34171
79279
63793
21001
43801
4957
22619
70997
74027
81527
71287
59707
6857
81569
8317
72647
7481
12497
34807
66751
14149
55733
87649
44711
58481
58693
95233
70841
29947
12809
58567
83477
51971
61961
65927
30853
52153
54559
66037
93787
51719
37693
57367
97919
12809
66137
1699
83093
20269
14551
53233
9437
21401
23
3571
70009
11491
21943
37607
42649
14303
12301
67453
7307
77647
16481
10987
96017
3559
22727
81293
7207
21283
31379
82571
63079
13831
94049
56473
71707
76733
13463
383
72613
47741
76883
55817
35983
6047
25933
71527
49529
95773
52973
97241
32957
36677
69959
50539
1601
46099
99523
32503
23677
683
2251
52163
6053
52289
92377
433
99181
10739
12203
85619
7867
27751
55441
99809
87119
92317
61681
6833
67631
15641
16981
16547
74143
77249
35677
73751
83219
29881
22381
6073
75079
81937
74101
47629
22229
32563
34297
38231
35027
69739
57751
51803
19603
47653
72073
27739
79159
31847
65927
95393
79259
54949
50231
58679
39857
39043
90901
93001
18787
6163
28649
92377
33409
17609
14929
73309
92033
22259
90379
26317
1619
14537
44741
60427
55721
40423
2417
25031
67723
92381
53617
95819
44029
51949
35933
39979
78509
15373
2699
36559
67759
4201
5749
53401
50377
75223
70079
31271
63377
32839
3347
40387
7649
5647
26459
25261
82129
73643
15061
30211
67391
7321
37517
74203
19463
62819
5387
98207
36061
81707
10891
90997
39569
79231
401
58061
87721
41983
70123
25189
86291
74131
74507
98999
84653
37337
10837
32779
34543
76963
77249
84533
70507
44711
91673
60089
48383
39383
55331
12743
25073
6133
8669
11839
60589
63409
42157
37061
92809
85259
11779
12659
95737
6389
38993
98419
70001
55073
51151
12517
27197
68447
88321
28517
99923
69821
70783
33563
97369
69491
1861
90203
57089
62273
58151
43049
70867
35089
93503
91703
97021
86069
89783
15667
81349
96167
2647
3631
78541
71789
71713
19727
6763
44579
19739
97001
76801
77069
47297
33347
67489
86287
41257
50123
2143
41627
91151
62827
34679
94253
73679
38959
9221
36097
21089
50723
60943
98963
27197
88007
96757
42467
79867
79133
77153
26171
36319
73133
83813
12517
28933
14281
73421
45737
65777
12853
97001
86201
16481
211
95917
23087
62467
23671
16427
84713
6967
80449
67537
56827
92623
40787
97441
67219
50053
19763
24019
59119
86197
72073
409
19373
25409
54751
96697
72053
41729
14419
60133
27941
4243
50707
95621
44711
43597
98717
39749
48259
75709
11633
4021
14143
71
30559
68213
31223
12241
69257
68219
52027
21839
9643
66463
21283
55333
70183
50587
17443
27803
89983
55843
3583
65129
1979
3529
74357
4001
63493
90803
32719
28573
89753
15149
69697
22271
76001
72307
29753
60661
49943
59693
86993
90359
69491
70111
19037
39251
47059
12983
68071
81853
87041
52291
45181
1049
60449
47351
67709
60337
59393
35533
70619
43541
85331
8053
66449
23227
36709
96757
45341
42337
89003
23561
48647
19001
34591
48619
49663
19753
1051
37987
89983
59791
38693
71699
45337
47629
16619
82793
51803
30931
30323
48473
63709
76837
66037
38839
57977
41201
2437
9679
56509
78787
49757
25057
3907
55633
41443
25349
54323
65719
23899
79559
12953
49009
33827
79201
17467
51503
24509
5107
17789
6067
32009
98453
46279
6581
10531
80777
8273
12697
19697
50539
45497
42577
34367
97453
54413
11621
21713
94007
56813
83869
55619
31517
45673
10247
59467
45377
68213
81307
9697
18443
98927
86711
67631
98507
74717
74441
47917
48371
31907
78173
26177
44071
1153
33529
68443
14369
10937
65789
21179
17417
1171
44491
28403
95257
60139
37243
70199
15767
7639
16823
24889
79561
88129
74383
3499
28793
79967
26153
62971
1753
33181
21107
34667
79
16871
55147
36919
811
34819
49009
83417
39983
41269
43261
70157
93281
93083
34297
18493
71471
30871
87211
51517
70949
98221
32203
58171
67679
18517
21881
69257
92683
65353
34327
74413
45853
9907
51577
87293
84449
69697
90373
51719
643
13903
38069
67843
569
33797
97177
60703
25537
48221
68213
26339
3359
4013
24517
53173
75553
4561
61681
70969
65119
40597
26407
68813
2221
50581
68737
91639
13691
2027
17657
97283
78887
63803
32969
23761
3511
80071
33343
54917
58763
13963
1087
76231
31547
79
65519
1487
63377
52363
27733
38333
51307
67967
1607
99571
61583
16361
58027
73121
89653
40253
33107
41
82031
73679
91463
40099
29581
61051
95597
24481
34757
85817
96293
21557
17239
33521
52543
13099
67589
33037
48239
76907
4643
4337
93851
98953
55313
86353
25349
47743
91757
44293
42677
307
96223
35201
56393
72719
87671
44729
9949
20939
63577
2473
99053
86161
74567
50021
40627
60013
37967
49103
78583
8599
84047
63079
28591
70241
30029
24019
97367
95083
36473
36017
66221
61861
61463
2377
50459
16931
8803
69677
3229
31991
24281
7993
80071
32143
21839
40241
16573
34963
60887
54577
44029
22171
3607
39769
8081
11087
1483
40519
41843
50363
313
95413
86209
58913
34913
61151
73699
8089
39989
95009
40507
97883
28087
76039
8219
55717
71317
30307
13597
93553
78203
67537
41077
17117
42821
98419
65323
46171
28183
29327
19763
55337
46807
28751
35671
10181
48847
88897
2347
59219
91423
45341
96001
89527
30259
6203
7817
41179
97381
53881
61091
99257
77563
53783
2309
23887
89779
69473
41011
46447
6689
43391
33647
85103
74611
20747
38921
70877
16633
12433
19991
79151
30293
8287
94099
53993
92233
71069
5693
42257
23027
63761
20887
79039
4889
11491
28921
97441
5417
69191
95191
6883
97
38119
4153
70949
94291
71899
20899
95327
63793
63277
20071
65687
18211
22993
42169
16217
68567
25583
73331
91453
419
14593
87293
5641
10037
59119
82189
93239
83869
51481
7907
24371
77249
60209
92717
6577
43717
5953
52517
71263
38333
87559
13417
23929
64301
94597
31601
6637
90227
58379
16103
84199
51059
75289
51061
15359
36067
42689
65287
1039
11279
32191
66553
27143
95773
66361
28349
99371
11467
79841
51613
30689
45233
41893
92369
52259
7459
59021
54979
60889
41357
72577
11743
29759
27397
50543
74717
72091
19183
89689
77743
55373
3011
35089
33223
72727
5231
63587
2939
63611
42863
7499
88069
76943
24917
10937
5519
90401
75013
1213
20593
38611
91583
77813
10301
82889
96017
6793
78179
22709
58193
24373
17903
73361
83689
48847
82757
20183
19237
63541
86239
12343
32057
35747
92681
94573
58243
57787
25759
93479
21019
49199
29569
15443
71917
30757
61837
17321
46451
94903
74297
3323
79829
45131
38167
99139
98411
3821
37717
18947
39749
10883
67511
16087
77509
12301
53117
33967
63709
37799
60259
58943
5749
43177
24623
13913
33937
40801
20231
60089
3853
353
37693
61879
38737
98927
30707
49207
45767
40739
80471
95629
89681
87251
96851
32261
37139
56333
15683
1531
95819
34253
3593
99581
13649
14083
47701
1607
31727
65203
68099
36389
80471
29537
77893
74611
42703
8699
3931
65129
83063
42961
38639
84061
57457
39929
27751
81457
49033
9601
80657
41617
69001
72101
48883
53569
72139
69317
98893
269
61223
49957
33347
4373
49123
45389
65479
39887
10973
103
28513
56827
31583
81737
76303
68567
84961
92809
3457
43261
76831
11299
94933
3769
37747
54499
98251
67961
97151
49223
18119
83243
21713
51769
55871
42509
60727
46103
48109
72817
94907
90749
44623
2083
93377
57329
98737
9241
93523
44773
92767
77893
95461
1831
56311
59729
69203
64189
78511
241
93937
36887
55897
83689
75367
27919
89521
32057
33181
65099
2237
61099
55673
73637
44371
37853
96953
74411
25243
7727
80747
40739
89371
30047
14639
58171
27253
25601
20149
58229
32051
12511
1093
69257
36913
49103
10223
62171
42457
81203
61211
31721
40241
1619
70979
31337
43133
2741
94793
44777
68207
14057
43261
23909
23687
25469
35677
48409
94949
12917
23431
33703
98809
63809
18077
67433
53623
31699
9781
33703
58309
72253
22721
77773
32693
31607
27407
47237
63781
69011
3391
80557
971
3643
38669
60659
52267
71233
16001
95569
60689
73561
227
93719
45013
73939
55621
79889
86981
66629
59833
66067
57943
74257
27211
52121
71789
97511
56809
34381
10333
24691
22921
47951
53077
5171
28493
1093
5003
12479
50671
50387
81421
18121
54583
91961
6829
40879
93503
25819
11689
25771
56783
7457
21059
23981
63803
47387
71837
79349
40801
27397
22381
76213
76511
30323
70199
29077
22367
48481
48733
80557
38153
1613
76597
9463
2029
3079
54163
31541
45259
463
96911
14221
77569
66629
98573
54767
32141
10343
30839
58147
73783
84533
15217
28909
37561
47857
63493
81569
16273
239
87149
42409
6029
90289
3643
46153
63347
48649
72091
87041
20369
7297
17393
84391
64301
2647
92347
15073
24847
7817
47497
2699
58057
92699
1039
19087
1277
45259
53719
40289
32969
67699
40459
43913
11443
35803
65563
16381
74143
5479
37897
13033
443
1877
65447
82487
82007
35851
62597
20693
25111
80917
41759
29173
61051
36073
58211
41131
15319
24083
97453
94687
75533
49363
19687
39857
29917
95467
35809
43969
34211
70529
79151
57709
95959
7687
16183
17939
51551
9857
26003
99377
58943
72139
97523
75329
26981
22961
15661
98323
86857
16057
66337
78301
3037
48383
99559
8929
52021
9839
40037
13997
81799
43801
16937
79139
54037
93001
62483
90203
82601
82529
42937
32687
52721
35999
73189
54469
26399
50077
46769
30497
57557
2131
20051
15907
81769
52267
2273
57901
11677
3917
91393
53239
61253
19273
62383
86561
24029
90971
40927
50647
80447
75611
89627
40283
7433
78497
80153
92623
60869
61751
21799
34367
70793
98297
75553
91823
509
3119
5233
9473
80363
4951
39581
50971
91463
56533
52147
5651
48473
58411
38783
91691
24733
28697
37447
65053
72019
62987
17419
79147
9281
51871
45893
50087
55897
37489
41113
34841
22039
50461
70451
3877
9319
12541
91621
81041
61057
32839
92311
71237
14621
55579
89767
29669
19961
70979
23531
54541
82487
78539
20021
34949
63299
62791
9967
44179
35573
71527
84629
23537
91397
2099
64157
47701
28751
12589
8677
55579
18731
63277
51487
81667
47743
26017
5519
6373
17203
77419
86753
22027
21089
52163
11633
75533
74449
77839
40709
17921
6263
51593
20357
24151
56003
73351
18329
1567
51991
8737
44101
7309
33547
11329
69379
47639
4463
40879
77141
1801
13999
22153
93281
6983
63241
14867
18119
8243
78791
62659
19051
46301
98377
87337
73331
98257
30253
27701
95617
36217
70687
84713
12763
24239
37409
37321
84319
85237
20023
3217
2417
41539
38671
24097
13009
61949
65719
199
3389
66863
2851
80809
57373
41809
53147
5119
50503
68891
46229
9941
94331
61043
68597
8669
94121
62047
55201
38861
71191
76913
37561
87917
7753
20231
11593
14389
67421
3229
16703
99719
16361
59263
78887
92177
58453
9719
56611
21929
46853
20771
51031
50671
44381
10729
98869
19697
13903
12671
73369
59233
94033
99367
91841
3347
47713
81049
12457
84697
47147
46829
88079
88969
18973
65119
63443
57571
7417
65957
66403
56479
24181
11527
92111
91373
74531
6379
4357
27901
68611
25919
41681
92363
92507
48487
91951
29599
67141
87119
64123
94841
45833
33773
42209
64067
38453
383
19541
12071
93889
20929
36073
71837
52691
10223
91199
67807
75557
4219
43457
2081
8273
15121
37159
80537
57881
59981
2711
51659
64123
36473
76163
6163
87869
19471
53327
11897
81349
57881
88919
50261
20147
421
99487
55103
36107
22721
87743
90197
191
89189
19489
31327
53633
8537
94961
80471
16231
83093
28019
36299
88327
44179
76261
60821
37
50377
77929
46271
28513
8831
75391
88651
62939
79309
79589
65539
1237
87253
84991
55339
58189
46399
27487
14347
44893
91943
40903
4507
40357
39233
4597
53377
99371
29153
46199
92119
1223
60539
19949
48119
71327
96697
31817
86369
69337
97511
36559
2243
10987
90067
18617
73363
14401
1567
90359
74489
51581
64919
85643
3457
58363
26417
6679
8863
19471
78101
98899
4651
66877
96281
19009
25121
34693
25237
587
67789
78479
10111
50261
34513
88997
6781
36293
33071
67079
43517
64781
83231
91837
60659
54563
21319
55997
78781
21649
37879
55351
56929
32077
43661
54091
433
46309
69239
50867
92311
73961
21839
97607
65651
35407
1289
10709
92111
44269
72733
25919
81649
78839
86857
49937
99139
38747
97501
91757
36913
9439
83267
4801
35923
13691
89669
67213
83233
87649
52631
28661
48859
65357
47207
80749
31891
61681
51907
11939
76379
40813
47969
46327
85751
1523
47389
48281
89603
2371
26759
63313
30181
78241
70573
39341
20231
9067
53147
69761
76597
25939
86509
24083
38851
48353
56783
47947
90989
43541
71809
23293
863
57793
48679
37861
89459
87943
13967
22643
92693
15937
71
48761
42797
76871
36067
35977
74933
39869
52757
84163
67741
2851
39409
30467
57203
97673
24379
75353
96181
11
81943
28309
59663
50971
65951
9629
82241
72379
31859
13669
85259
63743
89417
95617
29759
6323
34157
64399
10111
29473
38903
17627
46601
23269
32633
2011
69847
78539
29401
45673
25621
39239
68819
6761
61987
96517
10937
3853
33409
11171
44281
9013
21139
10559
91381
37171
67339
37537
80387
90469
12659
78121
60217
67723
47809
56731
16987
64693
13
29221
83203
85909
76253
53233
42013
21221
38653
71503
40787
7867
827
29837
21221
55843
43607
83401
14747
52289
67631
521
41
44617
27481
80021
53681
78797
62299
86029
32693
20681
5303
70009
69337
18341
75307
41843
79669
76511
16007
61631
10847
2153
1873
24697
81077
61819
12713
24967
97381
35381
42943
58481
43793
92657
15101
32237
51217
28547
487
46877
35671
87187
55217
11617
2063
27701
31397
9629
26437
34589
87151
12329
17033
49523
73673
21017
17351
8419
75979
45553
1741
86689
66161
52051
46171
78167
45533
593
76379
28687
14627
379
40099
3719
86467
15647
84653
99137
83357
91909
37423
48397
23071
227
95621
4657
74843
7723
58831
27067
8443
83471
13931
47797
21023
22921
27967
56843
41897
13591
37747
11953
91967
87383
14033
67933
59219
3187
63073
13109
17417
78697
19477
48247
79621
82007
78487
32119
49711
79349
42737
3449
15619
24749
71711
54503
89671
91331
24977
56737
2797
65539
30941
26017
81199
67043
16273
2879
52313
18521
27179
93967
67531
75577
54293
19597
59797
55763
58099
87251
28163
30671
24799
11057
57251
33829
41759
35153
73693
10559
9439
65581
51061
8677
35423
93937
7759
30871
81547
73079
96847
1049
27277
44797
53401
38303
52379
20353
43
41849
17539
67537
18973
52489
98419
91909
91673
76333
54907
92507
26863
58109
62219
32917
54413
51263
23399
20599
69439
10141
98713
12967
56993
18131
28447
58061
79829
40867
53479
90001
74891
51829
12853
17977
80341
9839
13063
36637
33119
28517
49331
26251
48259
18427
89477
73243
14009
66089
6871
39733
27917
11423
24091
8297
10093
12281
54631
9277
2837
87181
78721
65963
43207
93479
41149
24847
87491
63149
1031
33547
51109
67217
10937
27851
60331
12401
95747
67349
26801
34267
66403
2621
45541
21943
16007
14897
23539
61861
75659
46919
55511
31727
89977
95989
42197
65063
36161
10831
97673
79657
8933
64013
18061
82139
3517
42683
48527
18149
39217
25163
42239
57637
8647
7933
62171
79943
47353
57679
72353
26833
28759
54517
78569
37813
52553
5179
19699
67601
79229
17977
69143
72173
11821
40423
64399
19477
44263
82051
44623
91733
89597
55487
4451
32363
49801
57487
281
57467
69829
99149
24979
3559
51637
30197
55229
72469
34703
69763
91139
34747
34157
1123
3691
32533
66923
72211
54773
56443
17981
40829
84673
14821
7369
3643
76261
96589
98873
7933
75227
71233
96211
75521
86951
72053
30197
27529
2003
36217
6337
62563
44351
72089
21799
28619
22807
67607
95479
42683
64633
40351
80207
27751
24107
94379
80603
33113
47701
38783
61547
79813
39217
24317
8513
69779
6067
6217
78479
99191
75619
33811
5147
34273
2897
28559
34883
56503
30631
86993
25097
11321
32869
26479
44203
75989
59341
443
20507
85597
51407
87683
65213
73883
36493
24419
55717
96097
46559
16087
18427
3361
53849
67499
77513
44531
80077
51839
83399
10663
50023
48947
40697
27409
93169
66463
10859
99571
5783
79549
96989
2087
64037
20731
6997
69151
32233
22133
64301
1987
47363
12277
38747
20719
26513
72139
28591
94597
77867
13723
74653
32321
52583
61687
90511
2521
67723
27581
86771
17707
48407
10937
47933
96517
49451
99103
72997
41243
81083
40813
42961
78307
73973
79031
60413
32323
21661
22567
62969
76039
88843
6829
26141
86293
20543
13
87833
76471
61819
32983
84793
24821
57917
94291
41593
52433
19163
40361
5281
57347
93133
13109
33493
66883
26479
75773
23321
93283
25841
80789
3463
37189
1181
41221
98911
54499
55163
60103
58763
45197
43867
67213
82847
55117
12157
5923
72341
97501
7919
44543
37
13463
44797
52313
71971
9277
37369
75167
10889
7951
12329
17669
60383
49787
11437
46181
1259
90527
96749
8053
56009
90239
79561
1747
87833
17837
25969
97927
10691
75539
79427
56827
2521
7451
5413
60493
283
56431
1621
36709
22051
30137
9187
43943
4493
23189
8563
30757
99439
41911
20749
33863
27259
98999
39383
16421
60127
22349
12197
47441
33487
33617
6949
31517
45821
20719
56711
90599
36343
43093
67399
71081
61493
41023
6427
20771
51907
13267
15307
73939
16633
35839
12953
79939
7237
4073
36791
16447
87719
72091
49853
20807
12049
51361
59663
73331
58189
54631
49037
39047
829
25657
69151
33403
32237
72481
75337
19963
82559
55073
78031
54091
70351
35149
94057
55697
67931
71261
66629
23431
21019
99079
91733
61843
75721
22013
70621
33029
19853
62473
4643
16661
26839
45433
75931
65579
65687
59399
77261
39877
31019
48313
92693
93463
3461
89849
41543
76463
6359
46273
92399
97919
419
15559
11621
56039
76781
52051
7993
54709
23251
87541
17027
15073
40543
28057
45077
3673
49207
1049
66457
47093
67217
60271
21317
31319
72911
59369
1861
10559
93281
29837
32371
92383
13999
39097
72997
87187
54139
41579
9883
38153
95801
80701
66449
50497
16691
44221
45503
79147
2957
347
44449
51473
7019
21799
12967
75323
35899
34261
14543
82039
90313
7993
85363
9929
93701
82361
84443
88423
70289
55243
70117
22961
85439
23357
66643
11083
92593
67219
17137
64489
19391
18713
59357
26141
21997
81773
51907
99923
92009
88663
59791
94889
21587
20477
42709
46957
32069
84731
1657
87631
73039
23357
42961
83063
78569
92251
63809
56093
50261
15877
79669
4817
11777
31907
53719
22381
69389
15451
40853
8713
37871
94117
75577
40853
40879
56509
46349
84919
79589
15791
71333
71341
1307
82493
31249
54559
78571
59797
37363
34367
80737
90313
9013
44953
96557
4441
7937
8647
76243
22531
51137
75617
5857
38321
82207
31223
2503
47207
63113
37853
42701
4721
31541
60139
58393
20947
62467
7
10631
26399
75709
24841
13381
62687
98887
69833
15139
4099
89431
17383
32611
42859
70853
91909
80363
65963
14153
20411
25793
67567
14591
71941
38393
47297
80701
12613
10559
25121
73379
16987
26759
96779
31547
83987
25667
32969
46181
40357
65899
45191
21191
99397
72173
83443
99809
62659
14747
48767
7069
63901
15971
53699
72797
81547
7307
13127
62347
2377
92189
27919
6907
96223
59393
79939
66697
5689
97561
19157
73243
36083
47149
46919
16937
94153
86857
33599
2777
76421
20477
90379
53891
24877
99431
19937
46807
32159
14107
59513
48781
10273
93923
20533
3529
829
36457
64453
57283
40237
74209
4327
73951
29311
7127
80629
28499
94529
36787
15619
47779
24877
81181
7591
4357
27773
68909
8293
97127
86719
16139
25913
1321
74203
50147
41953
46507
54869
2143
32579
89303
6871
37619
42013
60661
71713
32503
4703
99083
64231
67261
11941
69499
94463
28097
1741
55817
28097
12263
75533
61283
9133
25013
35059
92959
42403
48679
16979
22481
82939
33113
43801
50707
2207
22147
12277
11783
85103
32801
90793
85087
32999
2477
79111
7069
40099
52067
95603
32621
20563
35977
1223
32377
79609
13901
79669
10193
64667
24659
35059
28429
46619
30113
52291
89939
36847
18617
44017
81883
96931
26863
48661
41047
28669
41947
96149
94063
10627
4021
58787
75029
93307
59957
43669
85999
65519
78653
15031
93497
42961
34961
66491
11579
35141
56857
78059
50411
24379
16427
59197
60601
16187
24889
2287
67619
3433
46723
27763
54577
4297
43451
77261
17191
28607
81233
41617
41443
12637
37861
61843
39709
75707
49003
84389
2111
71503
23531
50923
45659
14243
45281
68659
76333
24107
89003
93263
71023
92107
84067
71699
3217
587
99529
25847
86131
21193
44059
1051
48779
34543
50591
59509
16253
44491
9091
15227
33311
78509
58913
88523
99023
52813
95087
81197
65717
87281
77591
70957
97151
91381
93329
30557
31151
58549
39293
83231
47581
19553
57073
49559
48409
90947
77977
60089
95063
883
91367
13469
18671
60757
9923
38833
72503
58129
90371
50291
8147
40531
95813
23753
35977
569
73961
197
28289
98897
50627
6337
95087
81839
74561
5189
56681
70573
30593
59473
95507
8933
40771
30661
23039
73849
65587
16223
33503
24527
97177
42089
23663
45817
63409
23017
18379
57139
40253
61627
13187
4799
33119
66029
82561
51349
17387
29501
30529
76159
19699
19211
19001
98561
13127
55109
69697
17683
95947
74209
47911
75781
49681
57679
68087
85837
86939
23269
78823
51349
24877
46219
52457
3313
95239
52757
653
65851
83719
48673
42089
27437
87613
36791
25609
4523
27011
13967
79813
81343
42773
84137
71059
2459
47713
50023
96451
98407
55819
99581
67247
65089
88499
24229
41983
49411
4159
65179
73673
6689
26053
35327
38167
10357
52147
46187
26177
95651
34273
96451
78191
8287
15643
95617
653
72307
39139
12757
54563
82471
12329
26737
50993
59971
92119
22651
62501
8467
90911
67723
94153
69127
44131
40531
73693
13229
36497
5147
69431
50341
72053
44683
45197
45841
3041
55117
70951
52021
19237
68099
58027
3989
74923
67607
51859
1259
89477
37871
18181
87133
90059
29123
60733
53653
14779
9199
78041
39511
22963
90203
2521
98573
55373
35923
65323
78347
17761
87427
91583
379
56681
87251
21599
95549
40699
75937
77419
80749
80447
83437
81083
12941
1259
16883
80141
4217
23827
45403
73331
33331
48079
46817
8933
17729
22679
41389
1171
32563
91801
83983
8779
11321
6091
29207
62549
89393
98467
74561
23053
47251
96517
36793
88607
40111
42569
69067
80347
74933
22501
2417
4723
44279
65957
31397
28559
30557
5573
53507
35107
25409
26647
9829
30931
70921
13729
63527
18539
40519
20593
87751
8419
93251
2749
74531
74197
68329
42509
37549
59617
65089
92723
94433
96443
59369
59621
67481
54497
829
74159
92957
74567
4999
87281
13003
38737
37567
77933
55889
21491
87491
59419
61339
34261
10687
72223
1867
8273
22751
80809
55333
55849
24029
32789
32377
46993
89003
89317
85439
9479
167
2671
67121
57977
8597
8597
69203
99581
1559
6607
113
82183
64877
3851
10037
49429
66347
78059
33301
49031
23371
45707
6047
44909
74551
47293
28703
42743
44683
90379
7841
90217
87359
85313
34367
78979
86959
88471
42787
49367
25229
31237
84127
98893
71209
19219
14423
28793
78079
34217
84211
43
59693
2549
26647
19181
78427
48259
68947
95737
2081
10273
63541
57529
87211
62981
27823
64451
883
80141
31567
64327
28649
85451
81001
59407
1427
25577
16253
401
81281
46619
56093
5591
20551
91807
91411
389
44281
82591
967
60017
11287
49103
77611
70981
1973
26951
93053
11953
87767
35053
50077
25903
16111
67619
27109
61121
62143
81283
29167
79847
97177
19319
2521
88289
48299
16433
6089
13693
74573
74449
73547
7649
31513
51607
16193
95213
16421
55439
52511
13513
77951
47969
39821
74527
63199
74531
51721
60623
14423
10837
85331
613
51581
98041
93637
71503
77237
2687
14543
67477
98563
66949
98387
19433
30539
25073
39769
52541
41161
25801
87991
27367
61471
60793
38749
56909
53951
17851
80329
65929
30839
11117
91373
64091
27281
23909
4817
84239
82387
57179
35291
88873
26297
91331
42737
67271
95219
18899
3911
91079
67853
86069
84859
29927
56807
62071
24551
40423
62773
33223
5209
56239
77029
67853
48817
29833
51413
84059
14401
75997
85361
48619
39323
12569
35851
39461
66733
82763
3407
92809
80527
283
11443
2671
34981
99871
51607
81883
77291
5981
59011
49117
47791
89669
45341
96181
51413
1171
17401
39043
36109
23059
81689
18059
16921
7459
4217
8419
5227
1291
23581
84787
20047
52639
84559
64793
48823
5659
72661
15767
2693
23557
18797
13523
81239
9739
26591
66359
14431
18059
3313
65381
17239
54673
10639
68099
20731
28181
45061
30841
21397
27077
93053
28163
12343
37717
63337
34687
68447
8849
82463
71167
37181
91229
56591
3319
13219
96223
55901
93911
48589
26723
31069
33413
68071
61253
5743
27583
20389
67181
17737
45179
44917
72353
74699
33179
89599
69203
93103
97373
76207
14537
29921
99367
6607
39989
74297
78919
15493
22721
55001
8867
67499
15679
34033
73387
26573
16493
57367
29209
20879
55609
4463
45641
7129
12143
97871
90641
25679
1373
8293
35257
28753
88663
80809
48619
21487
82393
92173
42373
62773
63841
12979
14281
2477
6917
23609
53233
85691
46499
73189
35869
2297
26501
35803
40493
29389
36887
31307
45491
25303
26561
67043
15817
17627
47599
58231
7121
14929
81637
95869
24671
45491
17443
68737
31477
17321
41809
17657
53077
12739
13339
53281
10181
72707
90697
21751
29983
65539
18899
40507
74903
56929
2731
17827
59207
43577
39209
16703
47513
3083
84179
46093
2591
53093
8941
32969
87887
88469
9811
59467
96997
709
14503
22709
57991
94837
34033
33211
82387
87931
79423
94823
81199
25939
19427
41597
79349
72461
89779
45439
78163
19583
39769
68161
69193
75149
10211
71257
34897
25463
92623
85717
99623
50551
64621
42863
32497
3463
17909
38977
53281
50147
23053
86981
65831
76907
46099
37253
47819
18973
59611
33403
39239
69073
2609
83339
59023
90089
13883
38711
17333
81233
93383
37217
56941
31859
51829
36739
22273
34351
73681
55663
52673
16103
66137
70067
21937
42767
79259
3769
6451
95857
26711
101
34949
44059
25457
99581
57301
12161
85847
90547
44123
28463
16573
45179
23909
10663
76163
17351
54779
83449
57559
20431
7681
41981
14533
28429
2383
47251
62423
48563
36541
51971
48539
4211
76949
62483
2153
23819
71317
38459
18757
21673
99371
15383
4733
5231
20887
23633
13477
65203
48611
98327
60133
12547
70607
19121
95483
69401
86311
10613
32939
12953
62057
60961
21911
8627
70079
22093
67057
27103
21757
31963
3319
34469
21521
90583
11789
27299
96493
51869
58313
60793
22381
66169
1619
42379
54167
31643
11503
76561
16253
82067
23767
89303
39509
50957
51631
96431
39769
67511
38557
17959
33619
1709
84503
43969
96847
65963
72223
42509
65147
92387
52177
96703
76003
4001
81293
79427
10067
74897
37049
26251
63277
84871
17417
64567
38953
36451
74419
20479
5657
39371
64483
83233
73141
45289
35111
55217
91243
74761
42257
10067
45329
2239
27281
35083
86353
93493
81647
78893
53987
9293
3121
42793
89261
40519
81701
13633
21377
34897
47123
35141
191
19087
87641
67129
27109
81667
43987
98627
62761
54979
10613
78203
96179
24229
52543
29753
37547
78167
69337
6091
92333
99991
21397
65581
94033
49417
7949
45943
57641
62929
76213
45181
72817
82183
85601
96097
62017
96823
68087
66523
60101
94889
9791
30319
2917
8053
85639
46747
41641
42283
35317
9293
48397
9311
44207
58909
25873
97961
57427
1933
30671
99559
9697
51413
55171
30319
5419
10567
43787
29573
89899
26183
51599
23663
89317
15263
91771
32203
39451
30677
36073
1913
35323
84551
94709
79111
63857
4007
69481
89519
35617
19429
57781
21557
46957
47017
19463
16187
42043
28351
71443
32917
78707
10837
79531
93089
6907
4523
24473
92041
81157
59221
81197
96199
25951
51971
66877
99793
93089
41777
2713
37997
18899
5333
523
81343
69653
63029
87931
54559
80831
67537
40087
1237
48239
28909
94547
98641
113
60331
22247
33503
63853
24593
93053
62053
67853
33529
77153
96823
19727
76771
41953
88327
37201
7207
7591
29399
719
81629
94561
14549
8093
85661
39887
13649
40177
76913
4451
38693
22349
77761
5261
94693
24917
78317
65203
86981
67957
23879
82997
4057
20921
73553
91139
80803
92317
82837
99119
829
64007
50227
62927
38261
75511
38011
51421
40169
8747
80369
82007
7243
57203
24989
28211
22859
92569
20887
77929
8627
34439
22367
9743
78049
63443
98081
27901
64621
15889
69911
80677
36523
35977
53731
57089
26953
55229
48407
92041
5011
14759
4397
20359
66161
60937
56393
81083
95003
34819
82013
22073
13217
7927
83311
74933
73181
27059
33961
12157
33211
94873
72623
82037
21149
40093
88747
18217
52691
13063
8527
86851
10429
43661
55439
47431
22381
97927
43783
27299
11731
68639
39313
48397
7
58363
64231
25867
17383
30431
35393
72719
38609
15031
71633
63059
8837
83641
12457
44293
10889
98143
4201
94379
17569
563
46091
98893
89689
37643
27737
41843
75013
85733
24373
17609
51797
65551
93979
58567
2843
77713
54139
91159
87427
63761
70879
86287
38959
61561
91009
19531
64123
3413
51581
57773
1657
10867
76147
8093
19993
67993
67523
32099
42307
52081
29033
9029
83843
59341
37243
44371
20063
53267
34847
99991
33533
80737
76961
37649
93133
15683
96527
27749
3271
56807
45821
607
28753
7393
16267
53299
76441
55631
48907
80287
54713
71261
11351
50077
9803
92467
66943
83869
54709
35393
91801
95257
36781
101
63443
42407
17863
7159
37217
81001
52567
27409
49739
39317
31513
80819
90473
62801
58733
82279
12037
91163
75367
82073
38453
75527
11777
92941
32603
99013
61469
96199
9173
31247
35393
72613
73613
86293
44497
99289
49369
76961
28813
48611
8527
35837
77723
48799
85439
80923
18587
20731
86539
93997
15881
66943
28289
34939
34687
71887
4621
33469
31663
91573
73643
27487
63493
51797
49993
53887
24923
37643
63527
15241
63737
53527
4159
86113
73121
96017
67679
71933
25693
54121
35537
39799
44171
35053
67103
96211
7753
42937
65147
19423
46687
53269
1483
88129
24373
89009
34607
20063
40289
58337
72689
87107
91309
33199
97771
83093
17881
2503
97373
74231
75781
35491
31481
97171
13807
46061
55667
61511
10009
59611
95239
36767
46351
34471
61979
6997
44507
80789
65257
39181
9437
11551
82601
25423
23473
83609
56569
8237
39709
31583
99971
29201
51991
77479
10037
28183
7591
95561
18367
94961
64091
63587
91193
45971
941
44543
66271
65777
26681
78167
79601
92941
33331
90679
81611
65521
34253
67187
15629
17333
94483
15451
21277
33751
53719
47527
85223
71411
15307
53087
647
81677
49681
7753
12343
33487
54667
71411
13267
36931
91099
2803
13183
39227
54773
15473
2741
63463
8693
84307
94121
24421
65071
6301
211
25033
41389
99689
67271
50411
49069
67987
25073
69593
8269
63439
74933
22003
44041
31259
10949
2843
68821
64399
91811
1063
28069
16063
3119
16927
67187
60271
83257
78787
89867
4561
72367
86113
44129
9341
1777
9859
70687
22943
83471
19273
6427
22027
73637
92369
7457
7841
50461
30703
62017
6907
18131
56597
51239
16963
22741
74587
18313
11681
51461
53281
86993
31223
21787
85889
19867
60037
17443
34729
9227
76289
81517
13441
81401
8837
59357
7027
30313
79867
67247
63443
99829
52379
80273
58937
87013
46993
51131
31013
13063
73369
90353
96337
90469
63949
83561
61949
29017
32563
87959
87317
27061
41651
27697
2099
10247
31817
54449
26261
9733
97607
43313
85889
72623
93887
42373
84919
85243
34759
14723
1907
22639
58367
95803
78607
17011
64153
38371
62653
83341
18427
36979
69257
35923
30677
81083
27127
439
67589
32327
22307
52057
90977
40099
53323
73043
41039
85661
38639
70913
73859
73547
46477
98993
26573
87877
523
5081
81563
44651
307
42299
20443
74873
2591
56843
25301
65929
31531
19793
76679
49739
30941
95701
55733
50857
53717
94649
76421
16921
3881
51827
20261
67231
97871
12377
75109
20479
89209
46589
1787
19423
66541
62497
66863
24877
48497
44087
84221
13721
16657
93871
19
9161
1021
83597
86689
7043
45737
32183
2251
98251
11801
49121
95621
84499
39671
92921
41813
67853
19559
2833
68771
63737
9733
97849
65731
17807
10369
18461
37339
70039
11311
34033
16963
30203
23767
67411
56269
72893
75389
54449
88771
8693
56179
99787
70841
10369
36187
23677
82619
7507
89231
85469
10973
56377
55631
9547
4261
52189
61651
92317
95737
30211
70753
18587
38377
55147
18797
77557
82963
9677
62701
41221
7621
78167
17029
39829
62801
67987
1663
74101
61493
28027
1373
99881
32251
58727
63463
7573
96989
1093
98327
42073
35771
47279
51257
62171
55439
4013
5431
91807
50821
1741
78839
78317
54713
77731
84947
10847
3049
21647
20879
70241
59393
74653
85037
71143
67589
41999
37337
48571
61543
19937
92959
75239
22669
19979
68729
39227
11399
64591
17657
47521
91583
9187
60271
31321
48163
10007
19609
48407
36307
31573
87811
3331
20681
9629
6203
26203
34297
79187
3761
44953
94033
9791
2411
421
98737
54773
46229
90173
43487
52237
57667
97549
41621
12653
28559
82219
18617
25793
89989
81199
67883
673
74419
9907
94723
50543
67631
36833
8423
4591
1223
15383
45403
74759
47681
13693
64877
46591
44021
92233
94747
13999
77611
55871
15731
2621
56171
46021
75181
89213
57781
8369
13327
4793
14083
15193
88997
58369
65633
53113
52291
82619
66169
13463
75277
42979
59833
14519
2447
21011
75391
7963
86743
68927
9587
11981
25643
84313
98129
54371
54133
25799
61667
89399
26947
62141
95803
19469
56993
75329
9631
7523
78989
46769
4597
70589
75377
7207
52543
40829
76837
44537
373
19571
60757
16481
94849
2579
12329
88609
13789
1543
54617
8293
95267
22777
26573
85843
28697
11579
1289
17939
80177
49433
55487
66221
70289
24821
87049
69109
85531
13789
211
85247
269
26449
99559
28403
71293
27701
4547
29527
48437
18757
51949
27529
27883
29573
19301
24239
58207
34403
40813
27827
29587
883
94999
39901
4013
4703
63913
57221
26881
91303
4421
41467
76757
27091
99317
80051
55813
7727
50129
95203
48247
31883
84457
93739
52973
83639
92551
83063
45377
22091
61559
51853
93323
72923
45553
13499
69877
72797
16673
6823
57679
16223
52321
63949
39623
56437
76777
68447
23623
90053
57943
85199
97943
28949
4801
10853
64627
99529
21617
70481
9787
41593
95479
57163
77681
27997
51719
60289
68863
9587
90787
9239
3701
31051
76537
75941
38039
89443
19531
56663
60733
10667
3391
97523
6733
15767
16363
53993
54251
96737
35863
63611
89767
54709
19727
65033
757
67759
4723
31991
56633
1031
71209
88843
77167
419
28001
98257
32143
99109
14251
11621
13037
2389
149
74609
51229
9091
8317
19961
69959
74257
73673
89917
89069
39563
46679
99119
67709
1361
39113
38287
86027
60161
41203
93503
39901
7523
5741
47881
69959
26423
941
70489
11489
27983
88007
28277
77999
42953
65993
72053
65171
20161
38903
72547
87649
96329
52457
43613
88471
97729
51193
18517
76697
63281
54709
46309
68531
26821
29473
15629
14591
35597
62423
5557
5483
197
49307
48221
70163
65011
2213
55163
16273
69029
94951
1483
4649
80369
89671
78437
86423
14771
64007
99431
96167
43961
55901
3389
60013
40577
26693
55373
23911
75223
7603
4177
49853
57193
44939
9127
84437
34129
18397
79357
89113
57991
3943
6343
62473
24043
91139
52253
63391
5521
54881
17299
743
85243
43573
919
39097
29921
31327
11273
35171
60589
47093
17783
68041
43049
35597
79259
92111
16741
11813
64951
85831
91951
49429
40787
36241
63149
96377
49459
71363
19991
66713
84701
23417
23957
75029
57653
88793
66037
29671
77023
70321
647
9631
15541
49943
19157
87277
68389
28559
44059
15731
18973
87317
91703
26209
70991
22271
59659
19889
48677
33713
49307
51521
50461
70663
2029
94117
32441
84827
22367
65027
79259
50417
46687
85103
22637
56773
39409
75629
34759
95483
50227
35317
9239
90677
76631
38821
7933
61051
36083
19181
21611
70997
36389
46261
18553
6271
84443
83383
38321
94343
3019
68743
10789
58061
45319
32717
46747
27031
90011
55799
46441
3631
17401
29287
14323
49999
14669
51203
74597
62273
76943
34327
6269
44041
84659
91459
80231
18541
82373
30577
76717
13757
19543
60637
11059
37951
76831
49157
16691
75503
25933
73999
4073
93563
74231
30671
30553
33211
38377
43013
44111
56179
79103
94793
22511
43541
37549
41011
35099
9851
91129
64037
60779
72229
81749
88037
67619
76129
45121
32369
25031
79393
18979
9719
9649
47543
77773
18587
65071
35809
72901
43577
57559
39239
37861
22639
38651
47819
34313
5869
46021
51521
85643
47317
30391
82073
73961
73061
56779
92753
81869
69497
95707
93131
98479
15877
30697
18127
28319
36493
80567
64997
7529
16301
97577
89959
53017
55691
89083
39097
277
17737
12163
51307
48449
8951
77527
51449
57283
24391
9221
5851
80737
66523
73327
69661
2099
76561
29837
98519
46591
59797
73121
17033
19423
89599
75347
44987
3637
97241
27737
33529
39313
8737
47
10771
83719
80473
46411
6547
53759
18287
14221
5153
1223
13477
83137
91367
97777
8647
23431
44249
70351
34513
54787
35089
67967
92033
77929
3863
52363
8461
83269
63397
69341
78121
82007
16843
44101
24169
57119
65551
58789
68171
19163
32443
16231
20161
9887
1013
58711
81799
61879
95093
2579
7933
17491
72617
53993
24419
42689
56519
46757
15887
62131
90659
73259
65407
11059
98899
97007
84421
89819
43609
86453
69221
33073
73471
42841
83023
22031
90677
953
21851
85639
60041
19763
98621
69239
92003
54563
81901
21601
13187
17033
19937
8689
66301
35449
66137
99133
30097
19531
74099
65479
63311
97883
29723
69389
37619
9323
46141
85837
20717
40487
439
83383
17093
22453
95467
42953
25321
60259
21013
90089
92333
78571
15527
78157
58067
4283
14821
24851
2087
43913
47149
30809
89603
86453
51203
14347
10589
33893
21187
19231
3121
5867
88169
95531
67033
8741
18443
60083
317
17099
18731
57689
59207
45523
59467
91621
20959
25471
257
59699
35149
6673
13037
62617
87559
67021
38501
55697
68111
78809
75079
10837
24091
15307
59207
94709
49043
31337
25237
80749
64919
67003
78607
88873
77351
43577
58379
75277
44987
44563
80317
14303
19373
86371
631
67153
683
54377
15359
41669
21401
61363
62549
1009
40847
3371
48221
92419
30497
39301
41843
12497
15329
14173
3253
14057
51487
53149
44773
90841
27481
14251
28817
10289
78259
8431
87121
37897
93557
6907
89779
11443
70901
92557
72229
16453
58073
71933
37871
11813
99707
81931
46049
55823
32141
98717
33023
69911
2371
74203
46723
7039
29423
5717
82723
39241
95971
14519
52259
67993
95581
29683
1987
30203
77081
67427
8863
10909
5113
19037
16979
75709
44843
53069
59497
75041
26107
33391
80251
64109
5419
16747
29131
73859
4253
68729
69779
97369
3767
34651
2777
74821
82837
67103
95621
8161
953
433
7759
99793
10193
12743
4271
77477
18059
85453
4783
55021
14543
13421
25057
50593
9173
74377
56509
60133
91367
2179
5791
96661
65837
69127
30941
3187
92077
40433
4391
11467
94693
64373
4243
11423
86137
77477
51109
13693
13619
41081
73751
17707
18287
79309
36251
20639
41953
54419
85021
76771
65699
1123
577
94847
44657
43787
30367
91921
11117
38431
63689
83639
44623
52453
89767
94273
32531
27793
36583
80747
157
48733
2593
82699
22643
25373
20407
24481
54011
49367
68161
90547
293
81527
23761
1459
62597
65269
62939
30013
38329
59273
41681
76367
67789
67709
41299
51287
84463
34141
37693
30649
23593
95189
53233
82189
75253
85549
12073
98729
85247
86851
9239
12049
95107
11587
82913
15217
14747
19421
88663
59273
919
24953
80527
33037
7867
15641
84811
98479
32563
24821
67129
7331
67121
33409
81013
2287
64667
86951
41893
86939
7951
71411
88259
24509
9391
31541
88169
77797
39979
64513
5519
82939
55441
11657
6203
75431
99527
16363
68261
83933
50411
83761
56807
90011
15497
503
77747
78577
70001
839
20707
12757
15737
29399
96451
63317
97213
74797
76537
79039
42743
67789
14159
31091
46601
4931
10343
38699
15137
95633
78643
32063
3617
63361
80341
82529
70879
41179
19853
42571
98369
24799
84017
7757
57587
88321
25097
95873
44887
66713
56209
38803
67829
47659
8623
15241
18457
15803
88681
38449
12953
35227
41201
28019
63443
37747
83719
69197
33071
98377
41879
65657
50311
10559
47207
32027
99409
7517
95873
68699
47609
29641
5
36217
25601
14057
33037
54829
87041
14741
8737
72883
82241
9941
33287
68281
1307
29207
5399
49331
44507
62273
38287
71023
16553
8191
22637
5953
95617
41143
82003
2377
41647
72931
12161
67927
15193
74353
95413
70099
33533
56477
52697
18181
7159
32653
9463
44809
2879
48017
49117
53051
68639
74861
72797
32797
39761
87853
859
96671
85363
47777
51691
11903
62873
28573
77641
91243
60919
78737
48619
51599
43481
60343
95261
61583
35311
51061
53189
41201
29837
94889
44119
37699
12487
22157
64513
69427
65323
14713
85093
78311
61141
29137
40813
50461
20887
69557
61493
82507
43891
81043
13751
58199
82813
97847
41203
95633
37549
35911
73379
25073
37277
173
97459
56737
89021
97157
25097
17657
36467
97397
6113
409
22651
72889
48121
71359
61979
30223
59219
68281
43997
86171
69931
24809
91079
58579
99577
64717
90481
5507
59053
92993
19207
98321
13151
96323
52361
28289
39217
20323
32573
12143
97607
7477
86561
89591
54877
47387
6337
21031
35839
5527
58579
85331
5233
25933
24551
32603
11621
76649
79627
96059
113
95617
21961
41183
9391
96137
59467
7607
39019
13721
34651
64679
28661
9661
52541
57301
32491
51679
5119
31531
72767
13249
11173
70843
24683
17041
73727
58789
42437
42667
98729
90709
42187
93581
14629
91367
57173
12149
95239
27407
49667
59557
90911
52903
98573
14321
62219
3539
77849
17203
61331
49757
44059
67957
61871
39511
30911
74779
6637
8461
8093
76421
11119
59069
28229
86857
12953
14173
859
78713
98731
50539
55823
98887
60901
60209
34283
6551
26683
17971
30539
48091
40471
61333
99871
97729
36217
21851
94033
36691
83813
63709
65479
22567
91097
93337
65719
77069
18043
13789
23227
11657
54499
81937
70429
47701
32191
99623
64283
95857
503
40093
95231
83227
24763
17417
76717
25643
25841
8059
26681
15271
78317
47527
61987
10531
22567
13441
48733
70321
89363
13721
88883
40471
90401
24509
577
16493
85601
84143
46181
3319
31333
74411
4243
5659
41729
49199
86131
79427
94379
82141
92459
85781
23321
46133
14947
11831
63781
46523
83813
17377
9769
7349
23173
72661
88813
53047
41681
24023
57283
14243
50971
24281
55487
61343
373
7829
58417
7681
29921
36187
16427
57223
83471
82939
28493
73369
14557
80911
45131
6689
22669
2833
69439
1993
51767
88339
54547
90247
40241
94903
32189
88789
84467
94343
6067
20287
36599
3463
2939
8219
1429
80209
77029
37189
33191
85517
24889
88813
63353
29153
1151
75181
35569
84199
50023
24499
74293
98947
14779
2657
56377
10559
38933
85621
42283
49261
63929
15121
96487
43661
29473
6871
76519
59561
10973
89597
12553
26267
21433
42403
47807
66383
10009
25577
19753
95441
13877
23
58967
44623
1877
37369
82301
32057
62483
84089
87517
74561
66359
97039
97789
97651
66629
16097
89009
86869
82003
75989
59879
23293
49481
31267
40277
69403
12589
49201
25111
6359
35533
58057
86011
94117
3191
46933
61231
60889
71023
32839
12973
907
23371
72617
55967
85691
27779
62633
10889
52189
48539
72533
84143
83933
79817
56209
44249
75083
82207
89797
63281
17791
65899
241
84467
23609
64303
5399
29101
7951
65831
89627
25741
51899
52289
79657
37993
84977
13873
76649
88919
85093
82013
61099
92899
40127
63311
13729
15971
51673
653
1061
50123
33827
54091
41177
9923
44071
11027
70979
55631
93553
431
47629
78887
76471
93187
95971
52727
3083
54547
89051
98981
6829
3389
48673
62141
23957
32491
89753
62773
38651
12497
98773
8363
29137
99581
95143
96053
9601
44279
81131
77263
25087
48953
77549
10883
19429
26387
62897
98663
79151
99907
58111
25111
24443
88237
22453
89101
91411
9157
90847
10789
63793
76493
63389
99289
80953
85991
80783
18553
49157
2273
13217
87211
69911
81343
99233
43223
57089
2539
54869
16223
94151
82793
7283
13789
77041
61
89779
99989
53377
72733
96461
88589
63929
40009
18217
82793
17957
36389
29587
49333
2459
93097
73303
887
87481
57803
4283
61909
83257
94397
53917
63463
523
96667
21851
78571
11621
72211
48131
31277
91961
66593
9203
90127
78787
45971
61627
34231
4409
91153
67733
18199
24281
53069
79537
85531
95089
69931
68581
72089
8713
99907
99529
62039
20479
2053
2707
12553
36781
36341
98377
18059
11731
92461
61909
58379
7039
94151
2531
67567
6389
3491
17581
57697
58169
20297
1483
11677
76913
71129
96431
62701
77647
63901
32939
48571
32009
85781
28151
26249
70997
70099
88117
94873
33829
77237
32441
89603
9601
41953
31583
22543
34327
70937
79867
36779
61673
63103
16417
37663
79111
16033
4111
4733
349
29147
12799
90977
73897
17597
25339
60259
81761
52147
64601
98543
35437
80207
18457
93113
3643
99713
57751
21101
10007
55529
44129
63439
73363
88819
31139
84047
75347
11813
71999
3
59771
37217
67343
87877
55721
1327
26879
23027
29453
37799
51427
46457
44449
69163
83219
48799
269
79231
51673
85133
48413
37813
5869
78301
51151
4663
24373
43207
8719
57223
22963
28031
83443
26633
36721
6949
2039
50929
53849
4651
21871
34819
51487
45083
11551
87133
61751
32569
30971
87721
20323
39163
1031
10247
40973
4789
80513
87359
76471
69239
96553
67057
71633
41879
20521
35317
55127
21929
71011
60103
76003
59207
44789
84239
82799
92627
1613
32359
74561
74729
17783
42961
56813
44119
85247
82421
54623
39199
46751
73379
21089
82031
74279
56911
71399
38711
77377
70297
11353
67819
15359
3847
74873
31663
14957
18859
38083
40577
14771
29269
89113
42787
57259
33391
99877
32561
43399
22777
93637
34319
65831
83617
61129
3583
57241
53569
68713
62383
83663
18523
12641
8171
23743
43777
30911
45817
17291
84229
87931
61099
94421
67961
45503
31667
69143
20759
87509
83969
13933
90019
43801
52321
14369
41227
43573
31849
32173
15739
79039
12049
18911
3457
83257
9239
29611
57493
35051
81001
1801
37549
29243
56209
9181
59879
33223
60887
41641
58217
14621
40039
99721
38351
59887
33773
99083
84137
7297
65599
95203
11527
4751
11071
61673
55633
56359
23623
4373
8783
21481
64153
20323
45587
50387
38083
27457
39439
17729
9187
95233
59999
23663
82037
64319
95203
47147
54311
94543
6451
60607
35603
3449
21613
4759
56041
31193
11621
8011
6143
25919
26479
72497
93089
16091
42793
80629
8677
89897
13267
51607
98779
83137
10597
79259
73277
34159
41299
7393
34841
78517
1361
93383
63031
54133
29123
953
63601
48731
23869
523
2153
33053
44507
82193
10177
13693
15601
82339
26729
28703
99623
99223
42961
72269
24097
6949
54059
26371
82073
94483
96479
70537
45061
30211
40949
91253
7459
26693
79103
8093
1483
63743
257
87887
37957
7547
48179
51479
58787
167
6067
95947
61507
34543
96893
39367
47389
51217
5657
12923
28549
36529
32077
59567
25931
46589
79
38377
5573
11069
29
89689
28019
63671
63313
53899
61031
25127
72503
49807
47287
3533
22381
33023
46639
32843
94531
71597
71233
42491
46639
39227
97571
31357
12101
66851
46307
88663
91703
80789
85009
85577
69263
29297
91367
1597
64663
98597
85837
32969
83003
82493
23473
12829
42961
1531
7687
74051
78929
19777
35933
86959
86711
85829
20113
72173
86539
35447
9293
92737
56123
85369
41257
21517
57331
7247
3581
84211
32713
98641
40177
80317
9769
48163
9103
41381
42403
41719
26021
6287
47
13687
2741
95549
24317
6073
91229
81199
91079
17209
65203
41341
26987
17321
74903
36787
91813
59567
80527
86113
49277
92779
94057
45161
51971
1487
41543
41579
97579
42923
28603
79829
62081
58693
61291
58907
18371
14939
83311
9173
23509
3719
28607
44687
45853
44449
47491
45341
49991
68171
47287
91807
68881
2399
127
68239
3739
54983
21023
54133
87293
72173
92237
37277
86341
31223
11257
3559
22229
79309
78367
49171
24001
5981
52121
1999
9049
1619
68279
4813
63841
26393
27067
71711
34439
99829
74489
61511
91139
72089
30911
60251
49109
41281
43013
48817
66593
58237
35729
43913
9613
33911
91571
53861
81547
25733
77951
12583
24107
33287
77213
50723
37871
93383
48281
87961
103
7529
57571
4903
73561
293
51229
67939
9187
24247
65717
5309
74131
35423
12323
40801
36529
22259
51169
59581
48119
20183
98143
12163
62119
66449
46093
9413
54001
21961
82003
40897
38791
16229
10667
85363
12511
6709
90067
26683
39163
39461
38053
53993
70849
80557
62987
5381
89069
60923
88001
51407
16427
76801
34981
42491
8059
7589
79279
10391
25037
45953
98809
53
7907
44879
91303
37589
3079
15683
14407
50129
49339
87623
86579
72353
8059
16963
40031
74489
8317
56443
65119
8017
34327
4679
78797
73181
11503
49043
18211
97127
13177
49991
30323
87407
2341
83341
9067
91387
48611
34729
44279
37309
88079
9601
11
37853
25969
8941
59393
27487
57899
63737
56629
98317
26041
38651
77681
69257
60623
29573
54139
27431
29179
2347
69709
38651
33071
59509
37717
39301
55511
12823
59183
29819
90679
30949
54377
39869
30839
60223
14779
30703
15559
5197
42409
63997
59629
65699
66751
7691
87739
61211
24091
5393
3467
32327
29663
24749
71153
75989
2543
84467
2293
51613
50503
61933
36767
12149
85703
57467
96581
48973
42641
51407
25939
21169
55079
79537
89269
44269
87049
151
37253
6361
31687
55889
1657
88469
2389
64189
93229
40127
28409
70079
92581
54401
16811
9539
15187
67219
9521
2861
57587
46819
79841
32971
62053
64013
67607
66173
59453
96953
47059
33581
85717
70639
81017
82351
84401
31271
5527
30707
14969
22343
7883
54403
71
92251
9463
96847
80347
50599
65731
15889
12541
54773
96703
50069
27011
5171
25303
58393
42223
1801
28351
93253
74449
99551
27803
3373
97649
15991
39607
72907
54919
60719
42437
25577
94109
34613
82051
22303
60617
96013
51283
38201
52783
31183
39839
18311
33161
23297
37517
94573
66553
11969
62581
23059
64301
58417
70507
53899
31643
99409
97859
72931
55021
47417
19597
42131
98227
20551
23767
97549
85093
12647
27431
3371
34849
30403
71663
89891
41651
8329
33581
59581
25309
20873
17203
8747
80611
86693
70351
86993
71341
86353
24373
29501
60029
75521
33149
33829
34283
70843
6007
46091
12377
33647
63809
62873
32797
73237
96469
85381
64171
35963
28627
30113
23197
99563
36929
80713
34583
2963
70423
58579
24007
83969
82721
45821
74471
71069
6373
5669
60637
3137
5573
37579
44777
99623
20029
89387
4987
35963
53069
1549
7687
92849
22691
33889
97511
1933
50867
86981
99431
35603
78737
96589
94463
6053
71761
53717
79399
59611
73561
28597
78121
26891
90289
95621
56701
1307
73369
41593
66449
71327
74891
67763
58921
32957
48247
86509
50599
44041
49843
54163
92723
93937
87613
13879
6131
80849
24083
19819
35363
54091
97429
43753
54497
72077
90199
32237
12569
82241
30649
85061
82531
54877
36457
3697
75541
37591
34031
18307
80473
90977
39503
15269
25073
41141
93059
44617
79241
21227
95947
59239
79301
3137
11197
5333
13693
4931
78779
30971
72763
56503
15907
20173
21943
89527
93001
9829
88969
23623
94993
26981
25579
20959
42307
83071
25763
85831
94063
47681
90499
38903
73637
18061
92033
70163
9941
20663
69877
54133
69911
52627
37409
5669
39341
85223
51263
40429
1373
78307
2297
71909
64279
49459
10651
12671
66797
12157
49919
64997
58763
59159
2897
71837
70309
24407
52837
52517
2269
65027
22501
44119
92567
40639
68447
65957
33053
52069
36353
98963
27823
58909
62219
34981
2531
92951
65899
2131
94747
92737
42017
96847
22739
16649
61813
90403
42071
58789
40471
36583
11527
1237
15289
21397
59113
80917
22273
17077
52967
94841
95279
93629
12373
69119
87629
38239
62039
80687
7933
37039
70783
84163
359
81173
78439
12973
39419
37493
77447
28817
56209
74521
92627
52783
46591
76733
9787
97511
76343
38611
21881
37441
56209
75991
26161
23417
85909
2621
50497
28183
6469
32839
56747
6967
86851
36307
48163
65423
12101
13457
62723
13229
13537
33331
89387
80933
93997
89597
25523
88741
71987
20051
51691
93287
21683
46499
57751
64483
69497
71471
2753
50093
3779
18517
1607
35759
67057
45533
98009
50383
28979
43987
4621
59113
32303
9479
23509
15451
32969
68491
56999
32999
25237
86477
34469
34439
84631
99859
88337
79481
90059
71147
66293
16673
5483
39209
84389
25357
92639
71867
48779
69151
78203
81637
39847
26399
52259
21977
2551
88237
8009
22787
62591
26227
53897
73757
47251
15877
51157
16901
51551
10853
29851
87251
3391
9833
22189
34231
6053
42139
83203
9007
69857
30139
25951
2309
46307
46183
63559
33461
52999
15061
7687
77477
52813
8369
1811
64499
45413
45553
27551
86083
56417
52903
96857
4933
27259
17053
87181
31723
61129
16453
5879
29473
70351
70139
11813
21227
52501
91921
84131
65423
49991
97579
89477
28439
6197
11093
46819
709
31721
45341
70919
68771
36947
2423
73847
499
99643
95549
8741
8543
50077
9319
91433
12263
57839
26737
80239
24043
75883
2267
49033
39301
2
74453
68813
31259
24859
77383
35617
77347
51481
92723
18433
87691
38149
6047
14533
10211
11551
93257
16787
70117
6833
29669
51157
99409
233
60293
52081
67579
16487
88037
51977
13217
191
85847
14387
22031
98453
39631
46399
90731
95063
20123
23399
83399
29
73589
883
79817
97787
47129
33851
92761
66863
13841
55763
73771
12269
97961
21397
9431
7019
23039
1229
96587
13877
43283
61333
48193
87119
49331
71059
30133
56131
48781
43133
21661
36791
70003
53891
86851
63737
70951
9619
1873
21937
78427
52769
13397
22367
4703
19
77969
77479
22051
10853
8933
38839
81929
21757
80929
39367
65003
52291
75223
45197
32911
65867
92867
45013
33487
57503
86143
91459
95219
44201
32909
26821
84239
31583
95633
24917
66617
88883
58889
719
61987
76511
10253
54403
85429
36637
25913
20341
96157
51287
87911
77317
97241
90359
65837
83341
46861
71971
27737
91237
64879
43499
46049
24419
93131
93479
19813
38119
82387
60607
12721
5711
12823
49459
29611
68713
58363
96211
75181
9613
99377
67537
24917
1553
99713
90989
34253
88117
5689
3181
90469
32749
9791
23909
52951
16763
95561
22961
19447
68489
89
77699
5737
71257
5113
47659
5563
53267
13681
89513
47129
86423
22343
7369
9643
91909
43399
62141
62201
80317
13619
82301
75389
24859
13099
60331
75307
81553
85103
43963
12889
51673
79943
74323
23197
6277
26893
11279
24049
34939
21169
2693
83101
84869
32401
60127
13649
76243
2213
91303
62311
47911
21521
11617
15227
27917
43481
7321
9883
26357
97961
81233
82549
25693
22123
50111
23327
59113
75773
419
89477
11171
80147
89209
52121
15823
45817
55733
16267
18269
16411
30631
39239
14557
56041
52057
65141
59209
48541
8669
37423
60101
78511
19753
18049
69473
49463
61991
73303
55633
74873
8527
34147
95257
17789
383
20749
7879
29311
81971
33037
60779
51031
58937
34123
48593
167
44351
49117
90499
92683
55259
44053
81349
73823
77731
84401
18251
72901
44059
19681
349
74287
72647
6079
12641
36749
28393
41341
89269
40129
79847
13093
99191
81727
14503
87011
63907
68737
70141
55213
34301
15451
75767
49429
97847
69809
79973
30931
30223
57917
7159
43177
52313
72937
34273
73483
19739
68947
15511
2999
16381
55807
67741
43291
47431
57719
67853
16921
71917
43717
19081
35803
7547
96179
40609
69197
85853
58049
37493
54779
40591
827
62053
84067
5387
12539
3137
87427
4793
32839
66587
31849
8147
15601
36191
88423
99017
12941
7591
67141
47779
14737
42227
31531
99397
16729
60271
251
38737
85439
56167
36749
68927
37483
79411
17923
90401
9521
41341
69431
9689
35149
5791
86239
89513
44189
13411
57149
57037
66949
18719
65063
31729
31547
96703
39521
47717
8887
13463
71387
83591
55213
13477
44263
62731
64853
32141
54877
63857
37957
92507
36637
5281
67453
9601
5273
2917
6571
15077
89597
55823
26317
41981
22271
34549
85487
67349
3701
2251
7933
31139
59009
33871
89759
5881
84047
87473
42169
58741
26111
30817
24203
76511
49757
52691
38299
67391
1933
28723
30763
2633
15601
16633
32587
1741
32003
69737
52511
12409
3863
20639
54193
30671
43943
26203
83273
55291
49741
2909
53617
82129
46681
8849
14593
11
11251
84127
49853
36493
53233
23549
5879
96769
24379
49741
27767
16843
54751
2137
10357
98251
85523
33767
4421
83219
76493
11579
88861
613
47791
93827
43159
39461
70327
59513
60353
66931
79151
99961
24001
95287
52567
64033
57427
48413
80489
46307
41179
66337
13879
40867
4099
95327
37483
51673
53411
95957
9029
13477
28393
70687
14797
84499
85213
22817
30223
64627
53197
99559
79901
82241
10607
48353
92941
18251
68087
13709
16661
41543
94723
67733
89459
60449
72173
98221
50503
95783
30013
20611
38273
77377
15817
48823
32377
72883
21319
85429
61153
11047
26681
51539
12829
93937
1657
86381
60923
28703
63659
42577
69203
12269
66571
10831
80471
30047
5861
56503
11927
11177
32377
77359
16063
26861
39569
84017
62189
92993
10889
83641
77527
43261
95713
97579
3581
93703
58967
13879
51419
21841
81349
43261
37379
82003
31541
92353
46271
96259
38669
20641
85639
1439
15137
60923
87119
27509
46747
53891
40961
11083
98377
13337
57367
65099
74131
89051
98047
16073
49853
41761
55337
907
66103
42281
48487
38459
60773
35069
49669
66629
36251
5981
37243
6961
88663
23747
9043
18637
2357
89899
7853
39097
59069
9883
51347
7177
96697
18637
11173
1879
26723
3067
5591
81119
4951
62581
17321
43441
93557
12791
13729
18539
54361
45827
19753
65167
69119
8069
71503
29641
54629
30467
25601
58453
56737
70891
49927
1409
54437
3109
31393
20663
22171
41941
14969
49663
69259
12697
23087
30103
1877
32159
29873
58147
131
75133
47527
78979
82307
44917
26393
96461
57527
5849
29
13249
65993
26633
34019
34981
97453
28901
65173
2591
88883
90397
82493
33931
21577
52369
4211
86561
12073
42221
25981
39047
49739
11093
84713
96911
57839
83267
1987
39671
6067
70507
34511
95261
1777
33521
62861
26951
75781
63473
10607
44983
49363
49523
15817
96757
227
79997
22807
20563
62659
28289
66683
25189
48571
16567
53233
78401
60761
46049
74699
81953
36061
92849
19273
23057
43973
19681
76039
8297
42293
32563
13729
10709
9467
43997
17713
48409
40087
55673
15607
60869
60289
89653
21613
25253
38431
39023
90473
13597
14303
91837
3533
86243
32573
39581
95143
57901
11789
79433
24007
28219
34313
46457
45389
70529
92177
29789
27953
37561
95621
88211
72161
10691
24821
16763
47569
52901
56821
83401
76261
81031
23917
68311
63493
55061
10771
67853
68447
58687
90217
3911
63689
37511
99149
26557
57373
90149
42611
54319
2531
90071
64327
75323
74159
68261
57073
25673
70099
8461
17389
54413
2017
32917
62791
7933
24917
61261
7393
40763
36217
5189
37441
25793
87613
12143
9817
38611
80749
93553
62969
14717
17659
14341
93097
9829
53591
94999
56911
87049
49559
61057
8951
8923
82163
54401
67763
42013
17851
26839
88667
44867
70981
8923
97301
29611
77201
91711
72733
78307
30983
81547
87931
36277
54721
17891
52937
23563
10753
4679
6133
37181
67061
7541
80279
51817
41903
20663
9413
53783
49843
66137
3329
90499
80833
46133
99191
65111
11969
78697
69439
4957
68963
78341
62581
71707
94819
2671
8849
51257
91711
29671
7057
70381
21017
64033
15493
75793
5651
49417
13309
88117
54311
733
78163
68699
74609
93637
11593
20549
21863
13327
9239
35993
28411
11173
39929
39383
58427
46381
22787
3313
39383
72949
58411
76147
87833
47279
81457
32783
92377
18211
14797
24683
12547
3877
66653
95311
92119
6991
87797
66413
461
81439
21169
48779
89627
39841
40177
90989
14051
44711
61511
75683
45053
26113
56131
29077
82051
94747
87877
68567
62653
82039
72707
5839
61001
10867
12547
37861
5417
5051
8087
31063
80039
39139
72109
77153
76907
67343
7331
523
41203
42017
25057
97777
54767
1901
43777
35401
2129
41627
84559
93463
30047
41969
29819
71849
91957
82601
15101
9397
42169
7411
67211
6007
40499
26107
7723
39821
10433
21599
59021
91457
32233
569
48647
48541
20149
53381
4549
32993
83231
42187
59771
83761
85703
52291
70981
33533
33619
25981
12451
23039
52709
20887
88843
17713
6029
48193
34819
48281
37363
23039
4789
1429
7321
92009
73673
95737
44111
30047
1733
26141
57529
18979
1993
97789
75013
33601
1201
69257
4127
36697
3011
8629
79987
13901
74209
4339
96907
4391
48869
27397
81647
90173
65371
90841
34259
907
92669
54287
68531
33203
94349
61151
24749
79397
79967
587
15107
82549
95971
54941
43591
90107
22739
23269
73291
859
49109
70607
75017
12703
82787
75869
29837
1777
16741
87679
75557
39443
55807
10861
13171
31741
32299
20759
49463
34781
53299
60257
86297
59243
49741
95873
86477
15373
19819
5351
70481
47911
92401
28603
72689
3359
12119
3529
93979
36709
60289
27701
65707
38873
2777
63443
99347
2833
92789
6571
98011
24793
45949
54083
1613
26731
47491
78593
28001
41893
72889
65323
76717
60689
69829
49171
70117
55213
6563
43711
61261
54443
1747
26681
77267
43889
36457
6781
25693
86491
19219
3229
7573
32119
24373
83987
58771
1721
8291
14951
43207
53993
98717
91433
25457
59239
47497
14303
88951
65239
36653
35537
89123
47881
7369
60107
87613
50551
2111
48523
58889
46499
74747
6997
49369
73061
51683
68659
67409
18233
2539
73609
51787
80537
19507
91577
16001
74699
7673
86743
5197
12113
809
43609
29989
33791
57637
5119
26479
6689
85081
45497
55931
8707
67679
66037
62591
23333
21611
20233
61091
62071
87697
94439
27673
33617
9419
58057
42293
28151
46027
92333
11117
30307
72467
12967
29867
19763
99149
47491
88817
94483
65543
96667
20599
20269
11
99611
77591
9539
67523
16943
6907
13921
56369
57973
78539
34127
907
37991
57107
22973
69191
66523
28201
8147
41603
63709
72073
91639
20929
27737
28607
2153
52757
51047
38561
49597
38953
10243
21067
58147
79813
84649
76421
35201
58027
97327
619
83903
457
85223
45341
26227
77723
20089
32983
18719
28603
66643
15473
50849
19433
587
90067
52697
58733
27733
17851
96017
11317
70901
57973
67567
32693
24029
85781
14083
44887
28229
58027
11149
57139
61981
11257
92957
33599
66169
9491
31741
67399
1723
47977
15391
57077
26731
16487
70573
11069
5261
48313
4019
70141
8537
55763
641
27779
42457
54251
69067
84127
27809
80683
63493
93809
87547
55717
38461
15973
6761
95369
38603
54869
15443
98387
72103
92581
17183
97883
58309
90499
58231
81463
72379
73523
4639
87973
20627
15077
3433
98047
47309
89123
19301
74311
55009
953
95143
34819
26647
18913
47287
9323
57487
80917
18481
82463
72467
85121
78553
81203
8543
6133
66821
6803
95317
89819
45541
21661
69481
239
17729
647
71363
7703
62473
22921
28663
13397
32173
20047
1913
57977
73681
17551
70481
49537
54193
81689
62723
72481
78889
70583
99623
77213
7993
85837
66797
40459
91291
42709
90199
27751
34369
48593
46639
10093
58679
49957
32831
86843
75641
1123
7477
15643
32497
92717
3001
10909
14947
28499
80527
20593
69233
37423
95413
46061
13553
97651
62047
85361
64891
49639
37049
88997
35393
48187
20563
57283
16927
13
87151
19687
14401
45569
3767
80537
60919
19759
56209
17477
3361
60509
53093
14869
35461
11003
95219
31327
63463
16889
42863
50891
55439
21019
15413
83203
42773
72227
89521
93607
17923
72031
59669
74317
71153
81163
32173
13171
40849
85237
9419
421
38651
14249
79979
68311
8647
83983
50599
14797
51929
96821
85247
51419
3461
49409
57559
83813
15277
99289
77489
50651
10223
46853
30727
74381
28663
53239
24659
69497
86573
18401
39779
99527
52183
5879
36607
38327
52769
57487
38501
85369
37951
5953
76387
29867
64763
14009
1493
74323
77047
76493
32251
19867
21191
38011
25357
36767
91397
76649
20129
86311
29363
37567
39511
41681
52817
89681
21859
70039
95569
90907
45293
8317
82939
4373
40739
32839
37363
29147
23189
92401
42019
22123
38609
53051
40237
94253
14407
87323
20719
62939
96493
57839
41131
58763
26951
57791
15073
70667
54331
3461
61879
36767
53887
31513
2887
823
73141
8693
76289
21521
95531
63527
37061
55127
53267
30539
85453
69029
70919
26717
3719
94789
87559
80777
1181
77243
22037
89501
30449
97003
50147
10301
27817
33857
78511
79
80141
32003
11689
33721
90203
38933
64489
12659
48079
86857
7187
98009
82963
47513
787
41617
51539
18797
22937
45337
77263
42641
10271
64591
42293
65029
24631
23293
46691
98669
37571
92357
21227
94117
48091
7753
28051
29077
94693
66919
27409
34729
3361
13751
25169
4931
36187
22567
43177
57347
24169
53717
18679
86399
22721
21031
5419
29287
71039
64879
1019
64879
71503
74527
13967
69739
30071
63377
17021
56377
38219
11681
41017
44483
84017
30661
29803
9719
1613
6737
93229
75931
55337
91939
54413
12473
90931
87557
59281
67211
23029
34217
70573
54959
89977
76847
63823
21499
8429
23167
4027
16943
21169
56611
42649
19013
79999
93763
24847
92251
62137
15727
53201
62927
58147
93629
62171
59221
22697
91807
25111
47207
6133
43633
57917
23291
30449
20021
77773
29761
57301
56087
57427
57329
62921
42667
76147
20173
23071
82153
99611
48187
71143
70487
21493
3389
97283
93827
33569
48163
12113
55051
93407
32411
50591
33739
3851
67153
10159
63901
23773
57943
58441
8017
75553
64333
95723
20287
18181
4241
76697
30223
25741
38561
51539
92251
1237
22397
23677
36871
28871
1151
80749
38183
81559
85411
15307
57389
73
2411
98909
95467
80789
13331
74131
70183
10169
34603
31051
79657
74381
52733
14741
23929
28517
79133
26107
53927
84533
64601
36479
19559
21767
84061
24527
38953
25771
87509
58109
98939
81373
61687
60659
2617
25693
20771
38561
46811
39983
13487
37409
43891
3769
401
56377
50651
76129
96419
59513
6299
55439
85447
76367
26237
72469
41203
8893
29311
45587
52543
69193
24359
97453
70529
65267
72053
35809
4241
9461
56827
27283
37717
43397
12911
34963
49523
56311
76943
49597
43517
5471
14723
65599
97169
2791
72673
9887
36373
31769
37663
39419
98323
94309
45013
96587
40169
87697
42139
29741
8863
34511
1511
19427
75983
52579
3847
25309
37997
18637
34981
19259
10247
92003
83873
8689
68059
5237
97987
49033
18329
3109
60703
49613
53717
10513
14947
30893
87767
47981
45979
13697
59651
33359
24133
24943
28813
7673
46171
63493
7573
35059
26119
68993
66791
96149
84163
12473
65147
739
90149
80239
46523
36209
91009
17519
19739
1601
48119
50131
23371
93557
71233
73709
66179
11287
56113
69677
88321
71809
95713
5003
5021
46867
59077
90353
16061
97561
87223
28031
73259
9311
53077
18749
70141
65407
6967
54121
34273
77711
44491
35831
64007
68399
71171
94379
92557
95233
38453
75541
20399
22171
21997
15749
92503
56443
79549
37223
6229
20369
16249
68993
50087
24697
48907
89329
69467
79481
77383
10067
99719
37189
74609
51521
74843
59281
88037
76249
34367
89459
85531
93701
80777
83563
42967
59159
17483
6691
37097
4337
59023
93983
75133
37019
77239
79181
92431
74521
49667
93827
19843
53231
46573
92683
57973
30109
71999
36161
81359
91019
27941
44909
1091
77351
41519
82241
78803
29201
98299
74047
49019
83983
50383
75503
90523
22619
82913
54371
57793
69371
15313
35153
6173
4129
1861
34511
79231
21611
82757
65293
70621
75269
91807
661
75407
34693
19739
33893
75941
98443
11299
21863
42727
39181
47513
49277
29867
38713
51061
65003
1087
6869
51631
25261
2711
85429
38047
54083
75347
35363
63839
50789
29453
15107
88729
97429
88289
15527
1783
29059
28541
31771
69233
17489
87421
54577
97787
23053
14411
40483
98893
521
18661
63703
12611
71719
37189
95857
73471
52903
32363
63487
5399
56893
7417
53951
97171
58831
33053
12377
97187
23827
37591
87697
27397
35449
62143
55889
19403
5011
40529
39839
8963
86029
2017
55331
4603
19231
51551
82981
51197
28109
28151
68917
38327
7927
87299
59747
84761
18379
77213
10663
23531
43963
14869
74419
13829
57559
53419
27481
77479
54727
14323
6553
44537
11317
64793
5087
99787
24281
38327
79631
19997
6011
74189
11777
11117
82339
67957
7457
93133
42767
80491
92723
80407
85037
43963
12739
8609
93131
16981
79631
10067
51071
66137
33581
1409
87427
17471
46171
13997
10453
74597
44071
61967
56299
41969
30347
17377
8999
65027
6857
46441
48611
59981
28517
14071
43711
81457
36109
33617
51991
4943
36479
21391
24533
19843
89891
3677
2647
9931
57149
69193
34273
88003
96337
71353
97777
74843
7333
92333
83231
74587
36451
23293
42187
89
4201
7213
10627
2017
99469
88513
35117
43577
90911
3691
99721
63299
57259
95723
76493
60373
81031
52313
43591
21821
44753
69383
26357
19069
55061
46489
563
22067
95327
23627
77527
5023
84059
80779
92669
59473
41389
40087
17207
50101
4327
53381
8081
60901
33091
46181
64969
5711
29221
34963
79451
35837
50581
10883
96059
60727
53113
38861
82651
41113
17117
85021
2473
27697
99523
68059
9967
80207
61657
39521
72997
83311
94789
72977
96821
49943
41621
8377
1699
45127
98443
97943
78691
17029
64433
10211
28019
6569
36901
2729
12107
10111
55313
17707
10133
94219
2467
5923
67679
47791
49789
58189
61099
51803
48491
49877
24419
84463
47339
58109
41507
8461
83063
53731
35201
73943
79829
58549
75353
68947
223
6113
10711
46591
89381
2063
42923
10651
99571
13751
22039
67477
37699
10627
10271
23629
13859
63863
13627
20147
50119
45403
74419
88819
17011
15013
8093
18749
8929
49369
40153
96013
30841
74717
70549
54623
911
72307
58151
32917
72719
99707
25717
23971
26261
71821
91397
95401
65437
82493
72727
98327
12401
16567
8117
10937
12619
86629
58453
35617
27893
97127
98143
71713
50777
76651
74201
28409
21163
51449
75941
5717
52153
223
53173
39901
92503
51973
81773
17099
95273
2857
13451
42859
19139
50543
49789
71843
9323
70853
75149
64301
76289
78439
76081
5003
59863
44839
74027
37097
54539
34367
71503
1163
69151
13
41959
92657
36781
3733
93307
98407
18787
6793
733
57641
34759
23719
79601
57037
66973
96457
727
60961
1997
68863
28813
74017
58411
46877
19391
37879
1039
25189
10513
15739
80173
18233
1049
12653
35759
8231
81371
84377
40697
60617
93997
69737
23531
45737
88951
29833
8963
75377
57731
31189
43411
8297
82847
59833
39749
1039
7043
45119
78259
21013
51767
5387
46093
89533
401
98123
48017
99289
19463
1327
98327
98837
13553
98299
67139
21787
9749
47419
93529
83401
75989
57149
94961
72889
37991
19697
8803
66109
14713
78439
24547
10037
62213
37039
19853
7621
51563
92821
75707
75721
63347
41161
77267
613
47797
69011
25657
75787
96799
17477
52609
8707
367
81047
53719
3203
36109
28123
95539
36887
35533
35027
84761
8089
10889
89653
24943
19087
39679
25867
78643
12109
53017
54493
32503
40993
77101
62897
50839
86117
79159
20117
59063
36901
18341
24473
88471
25117
5381
78989
19997
8291
40709
33391
98779
75883
56207
38833
9281
78823
72353
39181
13963
84317
127
457
89071
43177
7687
38729
79907
84589
56941
42797
1409
79537
63281
89939
68053
43003
57037
34019
13697
96353
77983
53401
54563
53003
34807
19237
38993
65111
84463
62017
27827
36943
96931
9931
86171
64709
34253
90007
88237
69239
38609
2267
44249
28703
55291
47087
98893
47581
58031
18731
88289
3257
31469
77191
10069
79481
24247
84991
11213
64693
98801
59387
75079
33647
93133
96739
51347
71387
97523
70489
96973
92243
89051
24677
95803
32119
6481
75329
12511
23539
89387
65437
13003
11329
81101
14369
5477
56453
70019
10513
30109
98897
89417
96157
88657
40849
23117
88817
9181
24151
73421
81931
14153
45641
22247
19031
87833
62323
39419
7589
9371
4759
49157
22123
7681
48109
42989
91081
55117
86249
82939
19681
66301
21319
35797
55441
49531
60737
26183
51043
36551
95633
2297
52051
81563
89087
433
85691
69653
63611
863
5569
81527
17257
34327
2377
28111
20249
2113
93997
76471
33797
44027
35869
24251
11113
81299
55921
49117
35977
2161
49739
10169
20549
4651
29717
43963
58073
23827
67349
76679
43607
37811
39679
22741
84967
34127
48871
68491
48523
34403
23327
51787
21317
48679
27361
71359
82373
56611
11923
98867
74551
82009
84179
14159
32089
59141
19289
3643
10601
51971
62053
96893
39631
29137
9161
80153
22709
29191
61211
21139
9133
91811
89137
55639
92801
81569
69029
20479
34499
35267
83299
1429
34061
58657
45317
14387
347
42499
56311
94331
36523
13763
34631
96517
81223
97213
30671
33997
49927
52879
49739
54101
41879
2111
91141
34721
68879
52709
58193
53353
78691
44683
63079
13397
571
11083
19777
89227
64627
6737
71879
1277
58043
47777
5333
69959
30529
14683
88883
64937
95873
56053
1567
12149
86627
71807
49117
83443
33569
27779
99761
90731
55147
32401
46559
26107
89521
79999
29033
88469
43411
96517
51031
55147
47807
27751
26947
47501
37607
64123
63473
10253
84163
96167
22709
51797
20809
37277
82153
19009
4969
197
25373
83843
26729
62873
16091
74857
24103
60617
12347
66947
74797
97787
82031
60761
92927
73061
87223
67943
10733
91309
26099
65543
66821
94949
34781
40583
67349
54059
31727
4463
15971
74551
15901
29527
9001
20809
3019
66683
26497
85933
10847
87211
15101
20731
68737
51071
21727
6977
39227
51941
45281
6247
70957
58237
62347
25717
3527
45827
14633
37579
88807
1373
57571
64453
2777
13873
72889
96331
6163
85909
75149
71
81517
45491
55619
90359
65269
62143
62753
56591
98999
94793
74531
35801
34613
78583
98479
37223
82387
84961
36877
96401
11489
61403
44963
96199
6803
78571
97103
223
78307
36721
97259
46591
52181
47609
49139
37963
34487
94561
2749
15497
9623
64937
89659
82793
54251
38713
71933
30169
11471
95239
13093
95857
97213
93497
33349
70237
52387
80149
16057
42131
18553
77417
32467
1597
85091
6121
44201
41999
53479
91841
83903
71987
15271
5479
48409
6659
6571
46511
97967
69401
85639
94823
67843
29437
7877
99041
82013
35407
9817
76777
82267
92297
60383
20113
39047
90401
31627
47857
16267
99013
79427
81299
11257
30469
40961
87679
4507
70009
64373
18253
9157
64151
29879
4691
54011
62869
5323
29131
68489
64709
39103
96581
71453
99559
95731
32353
53503
20051
69383
60493
3719
93001
70657
67489
63997
39541
3191
30253
48311
43789
9857
25741
13723
33547
73417
66541
16103
3413
48953
35863
6733
23669
85313
44371
47869
3361
9883
17041
67763
6113
51263
31547
60601
70997
38113
64081
53381
42061
87701
24229
17077
52901
28711
6011
5399
6977
42223
263
68743
26693
40939
58549
32611
1049
16553
4703
32909
15647
98809
9787
22541
75193
67967
40597
3449
21031
1453
34679
61603
68683
88523
37657
33461
5009
11551
58189
99989
34147
91411
40591
17359
66683
70853
15271
31379
577
58363
6427
61813
84533
33851
947
43721
40241
87151
20627
42283
67399
85643
89417
20051
20051
81097
43541
89203
30689
87541
83911
37847
48779
8599
47857
30259
66191
2239
10151
98807
86423
17863
47353
19031
63211
10159
65089
61987
54001
44647
93497
64037
2131
40583
39359
65521
11083
15493
63197
53089
80849
8951
22643
43651
7547
8087
10831
97007
63493
607
62299
24407
42283
40933
87613
56417
72893
65407
97879
96211
47093
56633
24593
21803
5323
20441
61493
13217
70573
74699
48527
23117
14897
60811
52553
75541
13267
6197
37561
95461
39983
29641
83597
42751
85223
34703
90847
51361
91151
69073
96911
68879
73079
98981
51613
3793
26993
81077
757
46477
61667
84977
39829
15259
613
56951
85201
95143
2269
76603
39323
19991
1039
3209
23899
37663
4957
20857
52571
49253
38867
42509
98327
9323
74149
75533
62129
61837
5623
54623
28307
75011
80273
87833
34649
60869
75833
45589
69191
56401
68171
55337
49531
29063
80279
51613
43963
61483
13873
64553
96461
32621
94049
98801
8419
6067
97021
1523
55711
53897
47387
33533
70919
19289
12703
19841
81967
20543
60919
46567
33749
5
8663
87317
14843
40429
50647
81307
69899
64577
21089
71059
80329
17383
46103
98101
83059
45691
39703
74587
70913
98729
521
39409
10607
91303
94109
89989
75679
63853
47441
2837
26321
52903
95317
50227
18341
16567
67757
63577
13499
1493
96823
58427
9767
51859
85889
59011
67783
91303
41813
17579
74611
52583
54667
2999
49783
41617
86389
709
96221
42461
1381
77867
10627
13597
21499
12037
83437
61211
59611
58427
22447
853
19403
53003
36821
43711
73939
13183
60527
74159
9931
51341
49417
8269
11933
37339
95629
52511
63901
61927
65353
15439
18353
73483
75437
1571
34319
15289
8389
29179
14767
2383
39191
59581
46507
98507
63079
82351
77383
45953
19441
61843
9013
79151
13913
88261
74843
19001
20807
91837
47387
58613
91139
69163
65777
88937
74653
20101
24007
18443
34513
72019
84731
40037
16103
41543
11257
6163
78539
3257
52127
14831
52201
38971
50153
19687
74903
83987
70271
84919
29537
62191
49037
48473
1447
73823
99013
94781
38711
98207
1913
60139
53381
47653
40213
20857
5281
17599
24181
13883
6043
5737
45523
92233
5051
85199
16729
56123
29837
30803
22783
72337
54869
58031
30323
77801
36251
71647
95603
90173
29629
85837
52859
90371
97553
63703
35027
69809
65141
85333
63487
15767
98729
72767
66137
95947
19309
94009
98327
55259
71933
1307
547
75227
9199
57727
65687
14929
78649
93559
74857
86441
31259
50021
79697
6113
51329
75709
75979
69827
33623
7699
5281
79
82757
2741
70009
36479
20353
52529
69779
48541
15601
96601
22291
47431
69997
12203
37049
41149
60083
8563
90547
3049
22639
42089
12613
54539
79561
9203
23173
56467
90263
68219
5519
9203
10211
36097
44263
18169
16987
51109
45317
56299
54713
57269
54401
50957
6143
68863
23929
75167
5273
23873
7
24083
9551
89107
77513
26693
71347
67261
56821
27541
17077
25747
53453
10589
17041
79621
12791
10303
33521
40177
13331
70019
84701
71333
47917
63361
99707
87481
27481
11069
58979
38873
30893
20089
20551
68881
82183
44651
57689
15667
25873
71909
7591
11317
84191
97607
14639
77479
43093
27851
67493
5227
91183
7867
40231
12409
16787
99643
89963
37957
9227
23251
6451
47527
30089
34283
29411
96821
90833
71233
78791
83177
50773
97771
81409
84143
70351
40483
58313
15641
89839
71263
61927
38011
44701
15077
67231
52571
14843
11173
22717
3209
54583
38833
96461
58771
55589
7321
3253
94837
58211
44293
13921
30853
25799
96269
63031
50159
24097
74311
33739
70373
69847
68399
21739
60761
27997
46997
41651
53593
5209
98953
92567
55201
9337
74453
95471
45263
46687
60083
17389
28751
18583
50873
49333
20849
6679
72617
80701
77347
74411
75991
199
98947
37717
1117
21523
96337
38821
13781
12517
17669
27743
5209
70009
70199
91951
95737
51683
57853
55529
20627
4483
27541
27457
12277
93139
96667
33073
45893
1979
2879
38299
49921
69959
72481
24551
23563
85843
40883
96851
3947
42709
16759
4637
7741
37057
4691
45343
49451
96017
23993
9851
17099
5953
42901
46309
21157
24223
94291
51859
63997
64793
39113
31337
43963
87481
18191
34471
57527
13901
18481
67699
18229
78487
8963
27361
233
74441
80671
31481
11047
57731
60139
49853
4591
65381
13499
84913
10477
78979
17191
68611
60521
5407
90121
84947
89227
48299
251
74821
84871
11939
65951
4349
16421
42839
75883
89963
1627
44809
17183
66449
66109
53047
47933
19541
24691
50129
21001
62141
63281
47123
72707
80077
54493
11117
83137
29761
7789
28703
27817
12983
49363
77479
63781
3163
25693
9833
44089
91873
69767
39607
62131
32843
20107
17551
79319
25243
2879
8537
80153
36293
86137
34759
75479
22051
15241
61
30211
8573
21323
21977
98321
90833
77017
90703
9377
41729
77447
58687
26249
54217
14407
37277
16273
30577
76543
75611
4561
1039
13799
59023
22039
88747
37139
59513
58031
36131
22859
80111
41131
41413
73643
47819
87151
72211
84191
30059
15359
48799
8273
1051
82721
34313
479
31051
7919
64579
45641
5923
39521
63601
24181
43151
5479
63809
62639
9473
91033
13007
97379
43573
1867
51473
50839
25373
95597
929
23627
58979
66067
26357
33149
56599
52879
79669
12491
16229
62939
94441
41491
64271
9851
52009
8089
42407
34033
87041
34667
84011
93103
55661
73309
80207
39521
98011
83459
35153
77797
46271
70951
6379
94687
43487
57773
71987
75689
59471
59357
31817
56681
41729
87119
72497
30649
2851
15401
22741
95219
11677
63691
26513
87631
65633
24517
41809
6911
21599
14143
64969
43177
27143
31721
6037
53639
14779
7069
68399
71933
75503
54091
54647
12347
90821
54311
36691
48239
51001
88237
51193
52561
21101
92269
71473
76289
86113
39181
95791
56701
75937
46301
71719
16729
10559
12473
17167
10627
36209
51263
55621
56813
17539
67003
15923
59971
56401
5381
53189
17669
24043
3331
15683
52289
65183
30631
58763
59407
95791
10259
17401
78721
58321
56779
95701
1163
24697
22271
56369
60889
65309
92401
3347
99251
55733
66749
56393
31729
72211
40823
66239
94541
11119
61583
65629
10831
27773
6217
96527
1429
46771
21839
63331
42043
98041
10211
36067
52511
98837
88919
94933
139
22613
26731
6793
91957
48953
15241
26399
72047
83987
90617
103
61381
24137
74699
91331
59957
94847
11923
50593
1091
53171
15329
62459
34877
98729
32191
12227
11273
72251
2531
45599
50383
61379
70507
2393
32353
58393
4799
69193
69119
5059
47507
66293
94621
31511
28087
63311
9187
21523
17321
90191
7013
431
65701
43609
74729
45599
31793
70717
4507
54403
91331
63691
85049
1031
52183
89381
47843
65551
7643
2887
97303
9157
12743
75029
91867
3389
43177
20681
5147
23011
26393
60637
22651
26237
48571
31277
37049
82073
16573
6911
32003
60259
24019
10477
79259
10639
46679
11677
2791
13003
49559
85133
8831
73609
14197
49409
50741
43319
3019
60623
34141
60103
49783
74873
59233
34721
79873
2551
75403
22567
54727
37049
1753
19843
4157
61987
32789
56611
66809
2207
98737
11059
42407
6053
4243
21841
43543
15313
70459
80909
28603
88003
29009
49033
1109
67211
95383
26879
7187
19927
91097
23671
88411
61169
15583
52813
84961
809
33521
25867
23431
15131
67231
58393
37507
27253
94379
18719
92821
65993
46573
18917
84857
44119
71359
9967
52291
21739
21061
31547
53381
16067
41627
86083
7649
50599
15583
27299
48481
84137
63131
20551
81901
2939
24923
95549
15601
4801
61781
33703
91033
30293
24337
24481
8693
55373
3359
10729
86201
51871
2087
15473
49363
92357
3163
5021
25301
3331
82793
60017
84247
43517
12437
93323
16831
59209
73327
62299
68539
53731
6869
23929
74297
6173
65183
79031
569
84649
89069
43777
1381
68161
23957
78467
52757
65353
57881
76099
21377
21277
81353
61657
77969
74027
62219
66071
70573
25447
45433
55721
23773
65579
92297
64187
61871
31573
64489
53611
24877
53101
15299
5323
12911
96293
11777
68737
12739
9311
72139
40153
70937
24043
43049
601
73847
56923
27211
78517
60223
67699
91199
62549
37097
1907
95009
69821
4451
70181
36383
73651
59951
23159
19687
87491
33911
53777
49103
76673
66179
77951
28621
97843
91621
44587
5483
29191
33391
12071
56263
73189
98207
83969
353
1069
69143
52121
2441
50951
73907
75329
21283
8329
13901
73961
69767
59069
22307
49037
13127
74567
80473
85049
86627
91291
41131
14347
27773
80167
32653
33529
33377
12037
29399
85577
86533
62351
71899
16879
3877
7529
7243
97787
69163
68711
50671
9221
23761
9413
6709
90271
11743
9787
4673
80207
71899
52291
47293
29363
65551
8387
85817
80471
75431
36469
77797
16741
66739
91033
59659
35771
98909
91397
60793
44017
81527
35603
79843
19609
26687
68437
25247
4637
42589
92821
22307
19813
241
96431
73693
94099
72559
37633
19973
58711
25693
2213
52553
40343
51827
5119
45869
28657
44017
64591
70393
23603
52027
72889
21377
5039
41467
49927
28151
95339
67261
4969
58901
71537
18443
61507
62047
12479
64063
40213
77783
14149
89939
61657
139
98981
31271
96797
72719
23371
94781
52667
70157
33427
50671
6301
74923
62533
76441
42829
48679
94111
9091
94009
95947
2729
55117
79999
89909
28573
6791
69019
19571
9011
9967
30059
44389
81749
98257
29191
81299
43889
88261
33013
67939
66923
97931
47389
26309
45161
56783
41969
86743
69119
4421
25471
74149
75239
32191
56731
91733
66343
5387
63127
53791
20441
12401
16883
23669
88667
16943
44617
32771
69623
75821
10687
90263
76487
80989
65921
65957
15581
70177
8291
71293
59441
52631
10987
94613
16451
80107
74857
56171
80629
66797
54319
18061
41687
46337
19471
41149
14929
20759
42979
85453
76249
65141
50021
74489
94063
44843
65777
27983
4027
19009
35863
51071
50777
41201
75571
93377
31859
48247
50789
88499
12497
91237
21319
45949
18911
46997
41627
7333
64237
11329
19391
35969
78163
23549
41299
40973
24413
2903
76231
79319
19991
52121
1663
37907
51413
35491
69457
20023
4457
8161
36389
88339
28813
56701
25537
90931
62819
40751
16729
46771
12907
33427
34843
42667
96059
12157
95869
41809
25411
52027
21011
63659
50227
44279
61091
70997
84463
79903
36251
1153
33199
5189
16741
31541
93503
52951
41621
22973
22397
49499
16651
98297
35527
44257
86981
1709
29753
8243
70501
26557
11471
70583
15787
80149
11617
87803
64567
19087
32717
16619
87317
51287
65963
13577
19753
56929
80989
68683
31687
56249
65867
68777
29803
7187
51473
23977
98963
27299
75553
68879
76099
74761
82529
12721
89657
60037
3041
71971
66449
96457
50723
43271
23873
6553
12979
22129
46687
84179
59627
157
71429
8291
88771
37
51767
57667
23063
41
91621
99119
53419
17047
23339
75323
66523
74363
8597
61487
74891
44257
56267
44959
27011
17959
12911
86531
4723
91807
65809
81899
42331
30391
3733
66713
30817
61261
49531
79579
21397
53267
5437
67057
63277
9001
5557
96779
20731
61403
82279
84967
25639
85607
15073
64303
4783
50909
35201
33563
60899
29077
45403
93139
78467
44773
44111
28087
47869
28499
40739
85577
98981
47297
48239
53507
30211
6007
22129
18539
88129
59123
84263
19
23029
19489
45433
78079
46643
49391
86729
33739
45491
68581
73063
21893
60811
18521
4957
33769
89983
13217
45137
47659
1667
95267
15649
3593
27241
67601
89083
46271
28279
5521
82483
73061
74219
46567
10099
2
69233
7109
17737
38711
39227
68863
40153
25643
38039
25111
86951
313
41903
86929
14437
41681
34127
97813
84457
32573
13921
67427
13597
547
83933
74929
89213
48407
8053
60317
4933
54059
77269
8941
24547
92431
31307
4951
11621
99529
4001
19483
167
25391
77591
50153
64109
11633
79241
66883
5099
10267
20407
60133
90617
12197
30893
84199
13463
1087
13687
46381
3461
52363
13309
56267
72559
80341
93139
73823
96601
64153
88019
701
57527
54001
99277
22777
63499
95021
59951
73013
85021
94291
91019
55163
98251
98981
55997
12373
69263
21019
9311
95003
57349
6659
33053
21491
81527
149
107
67489
41957
7507
69149
17137
6047
56509
25087
76651
95239
84349
17239
83341
82493
31091
34781
67957
73999
12959
63443
86341
73363
73721
11701
55903
37831
2767
78737
29989
85837
99259
70313
81353
48109
64937
33751
88411
58963
31663
12953
14081
58393
48781
46093
2393
37021
91153
58189
97577
75193
75013
24547
79907
64919
25657
53693
23537
41357
42701
14293
61643
7717
13691
82727
48947
27967
18869
81637
1699
53569
1039
57731
91577
49177
75821
13873
7079
11959
56053
60899
23627
99907
2063
4943
69899
42641
12109
6863
26189
50839
5867
75289
34589
15271
23929
12479
40459
99289
53629
10987
3851
57037
71663
27751
15241
36559
1621
29671
16829
80911
18749
70321
16481
54919
32971
49681
19543
81293
17539
77569
60649
16831
30071
44687
59467
97511
7583
93131
40277
31051
97367
54311
55351
65809
67339
16519
97187
55373
6871
78977
9491
54497
79201
90191
93283
8387
45767
64627
4327
49559
32611
59453
6373
33941
47599
46301
24419
83701
34871
7069
97813
73243
36097
16007
79829
51043
20261
4271
68491
25237
27803
20389
62591
57221
32911
74159
62903
13127
63737
60289
97687
18679
65617
70381
95911
28621
2521
80491
81331
44983
24919
44501
12577
16831
57667
37379
35533
72211
48163
49109
24547
91969
4909
94789
54563
22093
6829
79133
7069
50591
15263
94477
76249
12301
55733
88523
30013
38321
72719
98963
56053
37277
87491
39133
85831
1117
84481
87293
54631
79841
96013
64333
23081
17033
77719
22409
5059
64319
24799
29221
87767
75997
87547
65029
42743
43271
71359
51059
6793
32411
95429
82207
1973
977
34781
32561
98257
75787
50993
23369
1433
21613
64403
23563
71569
8599
6761
43973
69623
3461
72223
12239
24023
59729
35153
38461
74959
71899
40759
41143
46679
87049
20759
56131
90353
72139
97687
96221
24029
76873
32299
46633
83891
75967
51893
16411
41863
87041
84551
293
86351
70181
95813
63793
56989
92179
9851
87211
62047
33091
23743
22031
87359
33179
12037
30097
57143
1481
96443
25097
61471
25303
42181
49139
85469
71777
84191
53047
38821
11261
73613
55073
78233
32069
99679
86143
80923
27211
10847
20593
47491
57241
13693
349
46451
907
26437
5179
88289
47417
72973
89371
51439
29033
97967
78179
44963
45823
25439
26993
63073
33091
76289
25799
64853
64217
15541
71069
50291
31729
9439
93481
97871
32443
32141
29021
53819
90631
76123
13799
81097
90353
41131
43717
60793
88643
69661
22699
24971
91127
44159
13147
41903
27847
65011
35491
58741
93001
62189
21727
30557
25771
18617
13109
87739
97007
96667
7621
72047
40993
17791
22397
66137
74761
99137
91823
82903
68447
42641
63559
50227
75773
14879
65839
64399
27583
90191
99487
81619
39863
67021
76961
66569
14633
99577
51437
30187
73693
69067
96931
12923
80077
24917
39983
99733
92083
91957
24181
3581
55501
7069
61487
59957
21269
75767
27299
45841
87383
40823
78623
29881
84011
1597
90227
79997
6359
16943
27983
109
32077
15559
6637
77849
93703
81973
18143
54251
62929
59077
29753
42839
18049
15527
56891
95287
32533
42409
57637
56473
4751
23369
593
19463
89779
41189
95063
27479
29837
48751
52181
81869
79973
18041
74531
55229
90641
93637
40927
52069
61667
40529
41143
2153
17989
20333
83443
27043
32059
51721
62011
98533
40813
67957
17491
62971
86531
36821
80209
70381
22111
88211
27143
83873
46103
46439
90031
82633
71899
99581
97687
37199
64901
16087
27067
37781
41131
43397
74717
86969
18919
4481
64153
7639
48463
61031
55411
26017
95803
8219
92377
67943
4813
41651
85093
39233
99241
80777
8171
59197
92227
65171
12641
76081
30269
131
30839
383
6379
76031
49627
21881
71551
86083
77719
42179
24049
98909
62099
41687
84443
87797
88663
37589
65731
32213
42323
16223
66889
73721
42797
18059
12539
73009
45061
24847
59833
65981
37309
17977
53887
78307
35401
84967
37633
16993
22943
25127
47237
46687
57571
25849
48397
58889
75029
8017
15787
72679
40343
96097
84467
52453
21277
4561
4967
56473
64033
91423
64327
31337
12841
70921
63277
49597
62273
27329
3253
45259
7901
38239
63611
40591
54631
66821
78889
53269
51413
72019
62701
52757
68501
29023
863
15773
60103
79999
10589
87641
73243
70991
98011
49531
38629
6701
30469
79691
40763
67181
88651
86629
5261
42461
20759
75277
67699
36073
77201
21391
49463
23357
5737
71387
25183
90289
74821
43753
80599
79151
41221
23291
1511
39233
24517
73751
30871
28817
41813
397
4967
90263
4219
80657
17959
15083
95957
4483
61949
72031
63671
17029
18671
57163
23627
95317
71419
19489
77521
2657
17599
38651
96331
73877
96797
42923
95891
27299
9739
67853
11657
5021
59929
23773
59119
12829
11117
75227
69463
70459
22469
10009
22651
91951
14669
71837
68209
61141
10457
34261
59053
853
9733
55589
47419
87931
34843
86539
42451
71999
73309
18047
72643
87623
8641
81671
53777
881
64373
81233
86477
35531
42487
49667
16493
52879
44621
76471
38971
59399
47119
95383
63331
2393
71191
30389
83717
58403
88771
62591
64567
40163
6481
10667
23371
9619
52501
80309
27809
443
67043
1801
62351
27299
77849
58687
19213
33739
79133
97829
18413
36677
72421
59659
38197
311
31019
7109
41233
34217
60083
18743
67217
27059
25933
43607
23557
20029
71347
44909
35423
97549
75521
14951
23563
89021
21101
86573
70249
19889
15277
30859
41117
6653
17033
74713
4079
72341
33589
81929
2039
90469
30631
21017
32987
46511
9533
44647
19471
56053
9547
36011
23741
10427
14461
40927
39769
81689
45179
73351
18367
25127
51263
88129
28109
75211
11699
33211
16447
27073
10651
90833
75653
46477
53171
38459
45841
56009
9521
20543
67187
35023
42967
32801
92779
60661
56843
92459
97789
60353
48049
98081
311
91577
4211
32909
5557
50263
63367
9533
35617
81181
96779
91127
92221
38119
74077
83341
2143
6571
68351
647
56383
49891
52583
44777
7253
68539
66337
27961
76837
4729
17077
9949
78347
93479
49433
53327
73561
54269
70549
49261
1759
42139
95101
4933
60913
8539
98849
26573
8803
66713
34421
69491
92791
20129
65033
8263
74573
74797
59243
30293
6263
96337
59729
11353
30071
71453
21031
39631
21493
82141
49529
87517
75083
8819
23677
81343
22817
52999
99149
69257
62207
91837
22699
85091
74027
79813
91807
56207
28751
24107
78877
67931
51347
15601
45631
50321
67043
38933
12329
27583
53233
50333
32429
43597
31517
10303
4447
13709
90619
90847
92927
16759
19141
46633
96989
4241
12941
20717
98321
36037
53849
49531
82241
87739
52321
85571
43777
57383
80263
94649
67537
64591
28541
31567
49789
5381
99497
14699
54577
86069
60223
127
23431
25183
2083
46457
65761
84131
4957
12647
10141
85363
70949
24469
41927
9157
2621
12451
26557
73607
54331
35099
79087
60289
77899
991
25939
2749
91967
69313
5167
73771
3329
20807
33623
37643
70501
33569
56093
51061
65731
59663
33359
90527
81637
4253
2591
93323
63841
85601
30181
63499
10601
99431
96589
18523
32233
38501
60457
43037
30313
8581
12821
77713
42737
3581
88301
66541
3109
70379
33353
66301
53897
42689
23893
61927
78347
36929
90187
86131
96553
99881
97073
75833
61991
50261
42407
20393
251
35407
30853
46867
5167
9007
39191
9281
15031
63113
90407
18919
64109
34487
43013
23297
73369
71597
79609
79147
53117
71261
51563
74293
83101
77563
53617
1823
68699
57781
97673
98729
8237
38167
86587
65029
92243
13757
61001
50359
17921
1187
78577
17159
3253
12619
80831
54713
59023
21683
8581
81533
90023
17207
25471
79889
17203
50707
27067
6737
7583
41179
13681
85999
77543
8623
36457
44953
83389
45523
39343
83579
91433
81049
40459
58687
57731
33599
15161
27031
14401
92419
99079
87587
17491
19543
49603
67843
59273
37663
84523
56269
6277
34939
47147
39293
52009
85411
72679
80621
9857
51419
48049
65729
73823
93637
15173
90401
70393
71069
46511
3251
3727
50077
51437
82021
36497
59159
68891
19853
20261
23057
58153
62861
3989
96907
17209
43019
5147
86323
80251
26833
17291
93811
69119
43987
42793
9221
87107
93923
94427
94033
43411
47189
30851
98213
13001
56591
69001
63241
8419
90053
53279
67073
19913
7757
97927
34361
71399
83591
16657
16631
94477
53699
84869
97651
8747
13007
883
98453
4649
67349
6299
2963
97459
57203
26141
17579
91943
7187
55603
58199
16007
96931
41911
96931
21247
3347
9067
81031
56149
21001
2143
45677
36821
65831
16249
85247
90547
2473
4211
49451
1201
79999
44771
45613
13229
65449
68771
51413
63949
50363
31397
99079
10111
64153
8581
36479
44789
83471
57467
6967
85711
5683
3329
59473
62873
83911
71143
80329
79999
64793
69193
17021
45613
40639
66949
88169
11969
23599
70891
31667
69427
26759
88997
65011
93503
72701
94621
4813
22943
65167
19583
49207
79039
21799
2131
35923
70913
73529
27077
52127
29363
28729
79987
10477
30469
87403
22303
94849
23743
74381
33577
39799
47681
17419
70783
89231
33893
93787
44771
50849
76537
13381
14779
65539
70163
99823
65981
9241
37
36479
4159
28351
13931
40961
9199
11579
1709
599
89821
67979
36781
36067
6659
46307
94439
84059
93739
20663
15791
75989
5279
46523
56747
58313
60017
71039
27883
5683
80077
32213
83227
97771
43573
77551
15959
33029
54133
31481
72269
80809
5827
23459
14843
81131
28447
98369
4583
98953
17491
58207
51899
6857
751
19751
45841
30853
84299
35291
16363
97127
59167
56197
4021
19699
36683
83009
95527
3851
65809
33791
17159
51551
47713
86689
83267
75913
17231
49991
92219
55903
26669
40429
22481
62017
39199
84919
17093
13217
79829
79861
1051
63799
61757
85093
27337
70877
99989
64013
467
98663
91079
31531
27397
5881
73571
787
61231
64601
30161
18061
74713
84017
9239
1783
17581
99241
29059
33469
66797
77699
46061
61121
60901
50383
69623
74167
62617
93557
7451
39727
3209
63863
87149
83231
69739
31121
907
76003
11083
89659
41887
84961
77969
28807
58237
93337
33767
26881
16417
76463
17807
46997
37643
71453
10193
11329
67049
12647
56989
8059
53047
38501
2707
27581
85621
59723
94781
91867
96079
96479
41281
34471
1571
54499
62659
64483
9629
22727
1907
31357
1949
38833
92641
87221
28813
45013
23899
69877
93263
5741
199
3911
11593
26833
41627
82487
63397
63463
44809
82223
75883
52981
67481
36299
76511
63761
14447
64453
65843
47389
2297
12197
84137
82591
88873
38923
27539
41609
69493
8123
99391
61151
96997
77647
1789
82763
32789
11903
24077
61967
53437
82073
89363
53381
74891
69431
11717
64927
54403
80599
69821
19073
31333
4001
65293
9419
50923
9041
72139
3923
8783
37159
99761
18269
93827
57641
70051
33161
69859
47533
25849
12589
84017
14737
63541
78049
73471
98639
49757
17239
9547
2039
11617
51349
52709
81239
86197
70051
32191
76541
33601
3209
11131
67523
36479
34963
7951
5437
35069
91237
31091
87977
66173
56123
68917
57089
99397
373
30941
58613
4051
61627
23767
81017
77347
21557
24551
84967
51001
32647
677
29917
92419
53269
26209
57041
72859
35201
44839
52903
72221
82009
58171
32933
97561
14737
10181
24151
55967
80167
21961
63353
83563
77069
20599
93889
52889
57787
74869
6211
22073
69959
3461
42187
31249
71399
74047
63611
78653
17987
99017
73859
95923
18859
15383
29501
7927
48761
74143
2539
14447
88423
73079
89521
42667
31177
40939
13877
81569
96757
96757
9839
86719
45061
12277
63113
88007
35027
19081
79903
32531
53959
38281
66301
3943
56239
91571
60209
599
70667
61609
77243
57689
89087
15629
80599
56687
16339
54419
75289
53267
54013
24533
90403
48767
64621
90679
81761
63841
10259
8861
49411
22091
35603
91237
79669
51637
19763
18257
76289
93563
93097
63397
35339
41243
89899
49199
16097
27773
84649
37691
47521
13921
97259
9137
787
24967
76757
79693
49667
55331
6659
81203
44683
38219
88471
64763
73673
76733
30203
49277
62971
82759
4049
67211
31859
82601
62753
30661
95873
79201
173
13759
92297
93607
73291
76343
77969
22307
63463
33749
44623
87293
10181
71987
26633
70867
92959
79087
65921
12527
22807
42901
32569
97303
75253
8597
78823
39709
88661
36527
23917
53381
17827
60811
12979
6907
27059
2999
33721
34127
73819
4591
57413
17
13147
16481
8009
73291
9967
61007
78929
51439
17021
37717
53101
3643
18061
21589
1979
63809
35401
69403
4493
65101
5261
64609
55147
69431
25981
54311
40213
82009
32611
81967
34327
83089
23059
95617
58427
71249
79987
19391
90499
1423
93139
86249
76421
641
69371
70951
61651
48847
82067
43997
34981
45751
4567
9431
18691
547
79697
24169
72707
85201
16561
77641
3853
19889
47933
32621
3347
3511
80911
41143
83399
60811
88681
60251
10859
44909
101
5791
14713
62303
60373
22109
78713
55051
60101
98179
283
7649
9949
44623
14411
77153
34649
24527
31531
90847
26881
42569
58313
4019
2791
49261
47623
64033
40973
87767
74297
17623
8999
13997
5879
98081
81769
367
32839
22993
43613
41357
76673
52121
83437
58271
89057
69991
16931
31667
28631
311
2707
45541
14983
1307
76403
15907
67103
45821
28793
77761
42797
39979
81971
86929
18059
48371
49043
31253
91639
21557
82031
25261
96353
47309
21503
15193
48259
18947
9931
13789
44221
3067
72689
10399
15377
96731
28393
39799
20261
97879
9059
51349
89459
8963
33461
78643
74573
40751
8171
47497
32621
45823
4049
28867
11719
1237
22123
61363
69859
79309
30851
86297
5659
79031
89227
80963
3989
32917
20879
57853
21407
30851
85577
39863
39631
61091
9281
89753
85453
47807
20483
46309
18229
65267
80279
92033
27817
67853
4999
36913
44111
58417
18661
71161
29983
25229
83267
95989
98711
62003
3613
71333
89513
89909
14923
12107
66221
46237
23059
39371
95231
98627
67777
29851
14519
66499
17581
14447
42457
54577
38083
8363
9941
74413
98323
29287
81041
70199
33769
25939
80221
99559
61933
12653
88019
18517
73849
99907
5827
14887
3767
47353
99233
44893
72559
21851
42557
18911
71699
16477
74531
63247
4051
28463
43801
8053
70123
23633
24677
27259
44983
99497
34513
617
37799
94889
77743
37199
9851
29531
35747
37397
84131
50513
8663
7253
1759
25873
66467
94949
70979
83773
78979
65521
97021
61331
93893
61871
13829
18013
29567
76367
7549
74509
53657
32687
93563
16829
70981
39233
44087
74143
1231
13903
11213
95789
50047
45841
87977
36607
40813
93997
18839
28979
38321
39623
47809
47569
80923
36931
76913
51449
67411
77977
96059
23741
65809
4519
24407
77267
29669
89939
67391
63541
92893
24359
65729
23167
79319
14431
137
62137
13007
9431
75161
50207
47911
50599
1283
69163
37217
83383
66089
71867
21397
65837
3169
12659
60937
73417
48371
47977
37199
20357
43963
41281
93329
88721
34649
49277
62477
94597
70849
42683
98737
42953
50581
97787
47659
9857
2591
87589
16223
6359
58661
58733
43913
33349
92189
36161
90437
69233
4219
51419
12983
35117
16759
4507
13709
91387
13127
79087
91513
15877
54151
63703
60029
4549
1103
45077
73571
43913
57653
72337
63577
2437
53003
83983
16481
58453
33923
63667
11239
223
21001
59473
63031
37483
10529
733
9041
73699
71809
95093
307
7757
40819
21149
3797
62581
47809
62507
28867
79811
68279
71971
2161
36931
68209
32687
80651
38299
66041
93637
17107
54101
46451
2671
13469
98939
45319
11177
75353
23027
31907
37361
54869
78781
26183
22003
57727
47339
13759
79601
14771
76159
32987
5179
24197
40697
81637
75967
79139
53813
56891
52883
35069
89671
71483
91369
35899
40519
86627
47119
84313
11093
6197
43789
65381
36929
59809
75133
8387
14029
5813
76949
12161
68473
79181
49547
14951
72689
46327
13147
28579
32911
4297
30089
60089
3343
37189
45337
7829
96289
15331
25819
13963
97379
33589
12911
77417
79063
19973
33223
52957
64033
22039
89681
37463
43753
4363
20563
96769
82421
61991
93637
56569
9479
80233
65257
10597
87151
13109
42701
80747
4019
15101
54049
53623
77029
54539
90353
49697
49939
77521
99137
66643
42589
82721
66107
12097
15731
47491
18839
8663
22067
32531
61813
73907
64877
30367
77569
4591
17929
54617
70841
21841
40127
47419
11527
65141
58427
89767
79657
96497
46679
74149
81041
67427
24359
85933
87961
71671
67931
35317
8669
45433
86083
5297
53147
81199
32063
26177
63409
69859
98347
80287
3559
87887
39397
55717
94841
47533
39383
50503
25243
46829
98479
65119
32789
991
84223
96443
71741
3533
75743
92243
96179
28697
95443
18757
4271
37813
10159
75629
78157
39251
33353
71387
6781
12163
49667
89231
37879
35803
34499
61519
1451
9341
49481
22147
39047
2089
17989
55457
77569
52631
90403
4483
29527
30181
439
84143
47681
19961
66553
49339
5521
8861
63499
37181
55889
76207
73351
313
59797
53129
96337
30307
77369
74933
66947
91163
82757
76697
727
84857
26759
49223
71881
75389
95189
30937
7547
96149
27847
8101
40637
51239
31387
47743
48383
65789
28429
7283
39323
66973
22511
9293
2903
79939
37507
93983
58679
35491
69457
61981
43889
19163
17569
9649
31391
88643
59107
62003
9643
48407
78977
94343
14303
95479
86143
32633
43397
50077
49663
55213
32503
13063
14827
10067
45389
48821
29567
8837
85237
62467
42571
44071
83117
39623
39733
47639
61717
86729
37991
50599
41983
85037
84857
76771
57089
26713
75181
46811
98101
20929
37013
73607
37201
2897
37963
99017
40357
94463
20983
34159
77743
32779
12043
5503
18919
11351
11447
25589
33721
50423
75323
46261
15817
31699
26959
22369
7459
461
82699
25943
68023
76753
74687
61933
70051
1019
39551
7547
33391
14879
16273
47387
14143
83969
25849
8087
42571
89431
1279
79427
61493
4337
52313
27527
85411
58613
30253
96221
42589
7129
54011
26423
59879
12487
71333
6007
46757
58921
55799
8693
14071
22349
12967
6143
90017
67733
71153
52727
45553
87649
64969
94951
21499
79301
82067
62683
34123
12601
15787
53201
19081
26017
76753
32141
60727
45751
94169
73433
1951
62539
99409
50777
18307
3697
72997
14029
46457
53359
98533
75833
29837
88667
65981
81197
7219
84719
5
22937
72701
56503
42751
88523
69257
89797
57973
52223
3361
15443
30367
80681
16657
79777
80803
5279
69959
23167
26759
54713
25033
69221
65309
53609
67021
71119
9283
40253
16273
4637
20897
82847
92203
28579
82067
43067
23957
27077
63611
46757
19141
25847
87553
33961
49253
87539
65981
34511
40531
89459
68447
85469
64621
44789
99103
39631
66653
22147
13103
11057
82039
95483
92203
1327
66413
66533
193
80341
32353
62731
34273
50821
85607
30029
80933
61609
82013
96461
71719
61949
37397
71359
32887
91229
65981
20389
75511
63499
92867
68171
41893
26833
94219
61559
10039
12277
52861
99877
96787
21773
6337
93047
56923
34213
59
60029
13679
54547
27061
1087
50893
7703
67079
29347
4547
48157
3347
87991
19379
5651
55127
55313
48193
56123
7963
87557
26927
69143
39409
83269
5153
11839
93253
20947
86137
73421
14939
38977
53327
29629
30467
75403
46027
34583
79367
47521
38891
43891
28711
27653
94109
61757
1583
15727
20483
797
96893
81943
85531
86117
93377
23801
5147
55589
72901
97609
50929
31771
81119
23981
7001
51217
38729
53113
84229
22937
65407
56873
39451
8387
52813
13309
94837
60223
46307
38317
87961
12659
77659
87041
16223
48533
64037
80651
81331
4813
8081
22573
91921
52837
91813
19853
73363
90203
98953
81299
36137
47581
31183
28631
31627
74717
49663
80809
4133
37489
6569
8803
78341
74903
25321
44041
6971
74471
2633
58193
44617
20353
41179
40507
43889
73433
45139
66617
74167
34061
72103
13807
22277
89293
98641
2003
9377
75227
96043
47543
76757
41953
98213
97241
2027
88861
71429
51683
28843
80803
67607
84521
10781
24781
37117
50513
87721
52639
28627
43049
17839
64483
39503
78233
54709
65993
6211
64793
79903
11173
9817
17239
11593
63823
77813
95191
27779
3331
94291
77171
1093
19429
23117
1873
96289
91097
53849
42863
10667
56807
27107
41549
557
60617
58937
88721
52837
25229
51239
59239
22013
64783
5683
42859
2467
98717
45817
55103
4261
53719
9239
72161
8269
9677
33503
72031
26459
89119
81869
56773
67843
38273
10103
9749
15559
62191
89563
80863
4289
76847
149
44371
45827
28309
13291
47507
4751
63697
50231
60493
61627
32843
11261
43853
30949
1861
23369
82997
14249
88651
96323
47797
22727
11987
16567
81203
2657
66137
49417
3323
30529
8377
74941
3049
9901
17183
31601
55967
389
12589
48337
69539
98251
42487
8719
8677
95467
31153
60457
94889
64489
24877
21569
6379
1193
30851
19237
97
16901
66373
17981
39079
32299
71
77647
93281
25633
83719
91573
5153
77093
58453
17599
19069
37693
73583
77713
17387
47869
12541
15349
21481
60041
75869
68639
30241
41141
69379
76463
29881
71347
16981
30689
25343
86183
9467
61879
3673
769
54347
3929
13337
86029
72227
79997
22543
34367
7583
73471
98327
10987
53993
8929
7411
40591
39541
32713
94723
5107
12781
51061
46309
35509
62687
9239
38993
25747
79039
1823
66533
62903
91493
36997
53927
58217
46591
24481
463
33413
51769
71011
82939
64109
53323
69317
1061
18313
27733
38321
50033
71719
41351
21911
17491
16103
79769
55667
6091
1049
49363
91283
25057
21673
16103
49993
46219
38693
5381
62467
46511
80149
63649
15679
45247
31873
99611
71233
26713
74287
93251
5827
92401
64231
88129
36319
78517
89413
65101
13127
30347
15299
24019
22907
7841
98947
11689
11131
21467
28813
463
55229
61519
70237
52879
20753
83221
96667
85087
29867
5231
55763
85843
63997
72559
28697
7793
61861
43189
30893
1619
35053
8501
71359
30367
84017
63559
20161
32203
38629
87473
8297
88411
67759
7331
43649
16447
37273
15299
63067
36497
38273
8689
89671
68683
35597
69401
67421
65323
48661
32029
90053
12391
85531
88037
92627
87833
36137
68927
70573
98929
5381
18307
98473
31891
78163
99431
48197
82469
54277
43987
11
31051
76519
23459
39679
18593
59387
98459
15373
6653
58099
34159
61091
55967
9127
69263
22619
24137
72931
11171
13751
94049
18059
86389
32297
97367
35809
47699
27211
15017
37139
89689
29023
77699
79997
10061
19751
30197
80681
25997
1433
24083
93383
92959
55373
82493
33587
2477
93979
75983
42299
26921
33457
61483
45337
29063
34369
92831
29221
107
4657
2411
47431
2029
35993
8699
7853
9649
32633
97583
641
4931
52973
99439
69859
23833
5749
35671
99667
46919
10069
28789
10861
13649
97259
30187
91097
21683
50767
1667
52981
19429
21269
81953
59921
32443
92647
87473
51341
18191
68059
28351
62971
68501
4943
3527
4447
44647
23399
30187
79777
14347
48271
35803
95279
23773
2659
92459
66089
10627
7547
73351
71143
22307
92791
92893
73859
54833
59009
43067
31489
41143
31
86069
48533
6043
88397
80407
34361
66383
90547
73529
29917
86939
25657
47513
6131
25343
83137
54727
2971
56821
34631
83857
98047
13009
26573
22973
8819
74521
41771
56893
4679
29101
65011
40693
7639
54941
48311
80909
46549
69877
75707
42019
74203
35983
44771
34781
61757
61657
40177
41113
57041
85303
98041
48383
29759
76511
57809
77047
65617
37573
59351
68947
41593
9433
44029
24677
21599
12739
66343
69151
37567
12841
43411
59723
90911
25171
13903
94547
51949
78203
66949
76717
9209
79691
5381
49529
2341
14821
23909
20411
61027
22937
11801
83407
35159
49103
74707
9463
63629
76379
13697
61717
58909
95531
94447
44257
25913
5527
76463
7877
75401
78553
449
87299
17387
35339
50587
88463
29123
61717
87211
19993
48109
61603
69677
44893
56393
45817
16103
18047
28759
54269
92033
12919
89909
97829
76537
14737
17471
14419
1553
3803
77573
77573
43427
2027
73121
84521
93179
84751
34231
53819
98257
3373
92927
65173
8297
93703
2423
48823
7951
86209
89491
75217
4073
9187
91097
12409
2689
76243
37021
32503
11897
29363
95603
65239
34381
27179
46811
11491
12373
38231
91573
17989
3511
24317
8623
57467
39679
3119
6451
17599
98873
179
757
82721
79139
24071
39541
49843
1723
36107
52237
83207
83267
23167
97073
3407
78713
26693
38959
48619
47609
3853
61991
40927
25601
9791
15541
19183
47339
3623
45677
22273
2161
81619
80849
96763
30223
14821
3251
3209
64171
49433
81283
49871
88811
43207
97607
37
97607
18701
97843
23081
51001
5309
24071
56633
55171
7333
87121
38791
22037
67751
48479
36857
87743
43391
64187
35603
33409
89809
42737
25693
10597
99139
90373
24179
95483
22619
18757
46061
2239
31189
48397
31513
25057
52453
373
68501
67829
89413
23059
37223
11251
14741
24001
42487
64709
53201
20611
81163
37813
3947
2833
25097
27967
60539
35149
93239
9011
28751
38459
14303
40961
13513
17389
25537
8231
16453
71209
76123
72089
62119
65413
80863
91921
251
59141
98731
67939
28001
8011
19069
29033
47837
65269
57923
55439
41
91033
31177
36263
59119
80279
28657
88411
56393
18097
86509
56167
74719
30493
48163
75511
32257
62969
6961
5507
71081
24229
23911
84761
9461
66601
43891
35977
14759
93187
65213
42689
96587
2467
66809
44269
22777
34807
98597
37223
23879
61283
56929
45503
22859
92233
53377
9137
45337
95801
48109
28643
97841
80449
9733
87337
65599
49739
83233
1759
66721
22739
4003
91199
10037
46199
73189
68567
73721
8821
32611
57809
66713
67699
39239
70951
29399
29611
53783
52321
7603
91691
21491
20857
87253
27737
75289
75013
92717
52757
31079
68879
47059
63689
53327
48119
911
41233
16693
86711
67369
63367
45389
28211
11383
17989
23761
83891
4001
57037
41491
63799
30187
60083
5011
33647
83537
83579
72739
37123
98419
27617
13709
90647
1237
509
91283
85093
57901
20807
87887
7867
3923
64489
77323
40241
38149
87631
71147
47533
63463
82981
13001
12653
36943
27701
3529
72931
67411
36871
13337
92959
77383
46489
61043
41381
14771
51871
2843
23431
91159
59021
39191
77377
41413
41023
25867
44773
14033
12911
1871
13879
48073
58441
53377
39667
68909
56893
24151
66877
21851
26113
13873
99961
271
89371
93463
8543
77747
54163
86197
84223
62213
81421
27827
27739
751
34549
85843
35977
25013
46957
23917
50591
14461
36217
59693
24251
20201
97327
16619
92347
71993
14843
44017
48281
13063
17791
27961
76099
61487
90019
97369
64403
21737
9199
37529
18413
67121
1033
46141
61637
18379
12253
38321
44519
16223
39709
12149
67181
47881
85381
6599
34403
39679
12517
23327
35449
85213
5399
81343
47491
69491
81299
86389
57713
26339
70079
46349
5531
75193
48049
5281
40231
25169
71263
68489
673
83093
17291
15559
86017
1931
61637
47623
12251
26731
47713
59567
73243
78191
47521
503
62683
62303
30269
67181
91369
31121
42839
57457
86993
28387
23357
26041
57653
73043
10391
6029
47521
57901
17707
97073
10457
8429
40693
64747
65617
30491
36017
23869
4637
35027
55243
79843
56983
23327
88951
2713
74687
65089
99053
16943
83003
65393
55163
18679
74093
15919
1049
79399
47659
95621
23531
2837
48157
41719
42071
63949
28703
80627
54979
2803
7901
81703
51479
31687
74747
62459
86341
53611
52859
10937
94099
82561
18251
61151
81023
11971
22619
4003
29389
21881
24571
15937
60041
35543
93937
49739
2143
51439
19891
53069
20509
94573
97613
44221
93529
36847
45053
4019
16657
62683
84011
32497
59441
16649
14009
6869
92333
35879
28687
65003
9791
5399
69809
83873
32843
56093
82759
4603
29587
62099
20047
56711
9587
36389
75289
55103
2087
2749
15971
2909
54331
98669
86533
2239
6599
32941
94441
80963
46831
68449
78277
10631
94033
88661
19381
42689
19031
56687
32413
68141
37589
53611
39511
33569
43991
47513
63761
59149
80231
58603
88883
21169
66533
69239
48313
83737
17789
43943
9929
19433
7417
16267
37781
13613
69959
68737
6079
41257
97787
47309
28541
2251
45823
1861
51637
12743
86111
29423
8117
24923
64877
34123
25243
43487
14867
26317
67399
26189
60889
4993
47137
2423
34757
62791
53381
28111
19681
98981
86179
32069
30689
41651
36131
17683
93983
63131
68087
81649
66763
62549
11399
65479
95441
11579
48857
12653
62171
43543
38431
32299
5197
29311
66533
82141
52697
95101
34297
69191
31267
39089
87833
85297
81457
97613
19867
45827
85903
659
61343
82997
56663
25903
51899
72763
6211
4951
95801
99523
39097
48119
31379
12101
383
50497
12211
68141
68227
4597
86353
90547
22447
26423
48091
773
33377
41579
88463
13171
23081
6211
9437
83617
68171
23977
72223
7547
14369
50789
30817
38231
96979
21569
61603
88513
56611
56269
27427
98017
3593
20897
4547
88499
79813
30307
32003
20287
85691
22433
41213
21269
42461
90659
65839
74527
25999
36857
97829
5897
92627
1033
86323
63667
56393
39839
18143
68771
40031
5227
73277
47581
19069
69539
47057
36277
94273
29527
40577
74381
63197
22727
13417
5011
75539
14759
46187
2293
3797
65479
36293
3917
9371
95009
47911
53201
93889
68071
27653
51347
71821
68611
62039
22091
57709
22063
38333
45013
44483
86587
19181
83449
10847
31033
81569
55001
26833
61339
1951
72341
9883
99367
1499
32999
17027
33889
95507
22093
9479
44699
79903
15671
53113
36713
45389
95479
14591
75437
23297
17257
71527
90067
1823
15683
90407
29287
80819
12163
13241
31247
56951
23911
22079
77339
7573
23899
24527
74731
28573
53069
30517
53527
57349
87317
94441
11801
58337
421
8689
86137
34501
38803
98009
64187
4751
11027
12343
32933
31907
63367
90439
80713
21379
95483
34159
3061
67891
90481
19381
44201
92959
47659
49339
43691
88117
85829
53611
98299
67153
13723
81899
51419
79657
98213
92431
50159
57991
92107
39709
77719
42409
63629
6113
66701
60703
18089
27883
93001
9109
95267
56041
55163
13751
10861
77479
71329
2273
97073
2741
97381
33757
56467
37643
55511
52783
1973
56527
79337
7103
36677
72353
43411
28649
62017
50221
68597
86587
42703
69257
4909
92033
18149
95191
2857
42227
11471
46351
61511
99371
79159
20879
24359
86767
37537
26399
35993
22721
12373
27457
61843
33703
46663
35527
22003
29983
3943
70309
20753
98641
11831
58111
72421
82393
71983
17839
49253
19927
52363
20899
9239
32843
1901
33797
31583
78121
21613
269
7027
55337
93967
14423
29837
43853
88807
55343
41051
38377
74717
71699
29483
49459
92867
46771
30493
2003
88469
28201
9199
88657
67129
81199
13109
401
9491
13417
73331
88211
59723
87251
52501
68687
73379
5927
84089
49481
34483
97547
10253
32359
51503
2719
12007
7459
44171
36467
71527
55927
34897
58309
9431
68161
62983
67883
29209
43261
2851
60139
35677
84349
35251
8861
38923
3877
87743
40883
43189
89051
54371
73547
4391
36067
14591
54917
97861
77761
3559
39041
88883
7577
85733
62189
30313
69263
19583
84673
19927
9601
13729
59119
89413
10111
97547
67607
45767
37357
5119
83497
37123
38767
94603
63703
20663
5821
86257
77491
79531
17207
74587
34841
35993
31393
79861
50581
43691
16811
56531
1303
94331
64969
75169
25073
45887
93113
8263
70199
44927
70571
6781
3659
58453
28547
82129
50849
85793
93239
75941
56417
22273
25153
2647
81727
55049
91373
50119
94007
80863
15439
11393
9769
80473
96557
76367
82469
2767
84131
59471
13921
58217
91711
2423
64849
69833
44507
32839
16657
32537
14389
44579
56489
18289
22063
83537
40499
15887
24203
41659
43669
6079
88547
67777
16253
10099
64969
44381
22943
41539
85571
2659
33073
12583
4679
36913
25873
56039
48677
59221
94781
94111
11827
51287
61519
63743
73039
33851
30781
28297
9931
30757
90031
23677
2543
30671
12959
23431
25373
40949
25457
34591
1571
69233
38851
41519
40699
91771
79043
88469
52973
661
59753
59263
9631
75403
55163
76243
82559
16963
41761
62273
78553
92569
49529
51257
73757
88667
6701
75521
17569
20129
68443
61469
91121
61031
4013
56737
36109
5081
21577
72893
50101
52027
45233
63059
61519
20323
67757
17027
53633
8741
6569
3329
29629
75329
12109
29599
68209
79111
3643
42083
89069
8353
64969
90217
25087
39293
69203
43951
47527
32051
78203
89381
42853
64499
36293
98419
193
58657
49531
72053
34033
2659
29683
84211
26399
22369
9187
26459
2843
90073
16183
23917
57847
91139
96797
83719
74861
56249
7877
13553
547
99347
90911
12641
18043
79193
3583
70501
59123
93979
50777
22447
73237
2999
62723
12473
75869
94771
47143
2141
31723
14327
20113
66569
33769
569
77621
54713
81101
64591
46141
55837
43753
41539
71209
9967
86969
50587
71537
563
41051
1063
64679
46703
467
73471
72421
12791
13063
93251
49409
14827
7529
74531
41953
94399
45751
39719
17957
55681
21211
22901
41801
5689
23003
6563
77587
23293
21851
95731
35569
78721
9851
97303
69163
73973
30949
95701
27763
22441
39461
35677
23741
91253
18481
87403
37123
25013
9733
61967
20219
81047
27397
33569
9901
28793
21863
11213
12497
61511
10289
63977
43457
2459
83357
57503
35053
68209
29761
9733
68597
29137
96001
78853
18229
91151
32531
51343
64399
91381
70439
72889
50989
90511
23879
56443
61723
82499
6803
6247
46273
80567
5801
48383
87641
55049
48527
47939
68227
71971
94463
37003
44087
42131
2699
82237
82393
21727
61469
43117
68791
83341
78553
4051
79259
57571
3511
24109
23371
8521
45767
2999
56393
43313
70051
49201
18251
87649
65111
94349
22639
80747
49157
31397
21851
13931
67547
71333
18617
8731
44983
78191
49999
15173
57427
43067
17231
2741
86869
5501
1579
72701
10903
6257
97301
77171
39107
28979
3947
55763
45293
37589
70229
97387
73673
2293
3797
11149
70753
9547
12647
47623
6841
593
16619
71389
43651
23087
84181
78839
93529
73133
18131
76003
54601
56443
9649
12541
42667
84919
76801
49253
89209
59
74653
54121
44789
44519
76511
65419
63697
2843
83023
45767
98429
75223
3517
30431
37493
7577
26053
68099
47161
24809
96893
83267
25523
51871
14449
92593
39239
5573
26561
90821
87481
12343
38201
3449
34327
24977
96931
87281
9181
83737
49667
51563
33413
18899
1471
33029
92623
12979
30119
46051
3863
79939
4259
1093
96979
85517
8059
24551
63389
10301
60917
34381
35491
12799
50273
22613
39041
16411
99721
76031
70891
58789
18457
50497
11969
7867
57089
58147
15551
35053
39043
62297
68371
19073
9199
20411
96097
75323
80809
36083
22283
3121
38671
67751
26237
13877
51721
26309
58997
12107
60149
31231
78893
14423
26099
62311
4273
58211
32713
28723
24229
587
13309
53279
40129
64969
65539
89627
19273
86369
91163
47041
65993
25819
90227
23753
92567
40099
86239
6011
38611
86441
191
76159
95597
49463
17377
32297
89153
46327
76777
15107
56113
85517
81223
26459
17749
86161
70123
43427
28277
25561
4789
45181
59567
40471
22817
55733
75209
58481
14143
95737
32069
59333
79043
94111
71471
15629
91141
35803
52837
16927
57803
28813
96233
91921
81769
54421
84551
22807
23887
9857
85021
70853
40009
17033
3037
64283
72893
30493
57731
63997
38449
30089
6637
21179
37463
359
77017
49669
5443
71963
42227
84809
7687
99317
8599
86477
77171
89513
17491
82759
43579
74093
84731
33619
90067
12853
74561
6121
56737
68041
54287
61813
46307
15559
47939
45293
18803
59447
72091
25339
25349
57347
39227
95189
86993
7993
2711
83389
20327
76537
52747
71261
68227
30347
29819
57587
48847
50989
25171
40583
97367
26513
58453
22247
63389
34841
16487
3529
87931
95083
27779
5099
53831
19927
66041
15263
94009
7717
89867
6653
91397
39503
19157
8641
58151
36871
13249
9043
2633
72047
65761
88471
72689
49831
13577
69827
95597
10303
54869
2503
30643
70009
56263
73
4409
25439
8839
38903
46489
67141
63703
65327
92569
48353
89069
94033
241
79193
82219
19997
75883
48821
95027
67409
39887
82889
11491
47681
37853
39227
1471
36709
5417
61909
61253
95549
19219
33287
50077
99577
59263
80077
43319
68531
76777
33487
11579
53923
14957
4937
78979
93523
81233
97609
85081
70919
15749
17707
13807
2423
32323
54151
97103
21377
82153
29863
31667
19457
79201
23899
68437
90971
74449
58741
68917
52807
60887
22907
97381
39163
80929
60373
68087
61291
30637
26833
76343
51263
91331
16567
68879
43607
97919
53051
58013
31013
32843
98473
38431
5531
99529
64709
35911
8443
18757
74779
99139
72503
14831
37997
24097
86477
79699
11677
69857
86171
32297
44647
26017
93971
89417
75037
98963
39791
50497
3221
43159
57527
25301
4951
62053
4967
39191
85303
6367
24223
16901
6841
61519
39679
57047
42743
3089
31489
63197
21317
30931
877
24421
1993
17239
57097
44687
44633
94309
4877
28711
22193
85717
41057
44129
27893
94439
75689
8081
53951
91199
23201
67679
98597
38557
70429
7757
97387
20789
73361
45161
1493
21407
11971
63949
89273
68531
83357
51047
75787
24419
75083
91703
22409
90313
34457
41243
84449
15859
86209
93983
80309
56039
39079
7537
60167
32423
641
68483
82613
59281
82163
88643
47407
65089
76147
83777
23663
8059
55997
77249
19139
44449
35569
83639
52999
70849
5113
17443
9551
929
82339
77551
44029
15991
81131
96979
65609
38993
56299
33601
23899
77263
56509
74159
95419
31397
17377
41651
76579
21377
19013
63419
30677
8101
96581
50311
45673
85363
43427
38303
51449
30109
21871
59023
42013
45673
5867
83701
62701
94793
45503
95273
30643
7309
84521
81649
45343
48799
29423
293
61543
26267
14633
20051
9473
8089
4801
83891
96557
72173
94291
19937
673
3631
73727
61487
91493
81671
61781
80251
68597
93337
17351
73939
51151
88261
82939
2297
563
347
68791
20507
5279
80173
86689
95393
16871
13241
87103
33223
48121
99023
57073
113
8923
32261
16633
73471
28307
79
90679
61291
43649
91193
44089
70729
12043
46141
52153
99397
21211
87323
11369
71261
6661
97171
37003
33937
71741
62969
94201
4253
38303
20297
4909
39929
17401
97583
61409
52457
90373
35543
52027
91033
3371
81727
42649
68491
11321
39521
8969
98807
75527
30113
15013
69829
41243
40699
75731
23173
4679
68611
66359
39863
34171
72911
61813
62129
50909
80683
87277
50647
84701
76697
20341
63421
58427
30817
99223
24239
52757
55661
95213
26699
55849
32843
97883
54181
61487
78277
2971
69767
53831
74929
69073
78539
52183
31799
39631
94961
21023
12941
38723
44773
6899
51631
32159
45433
55127
73613
587
88591
21841
59557
46831
34129
34651
22031
7369
57847
79973
66587
54787
50723
2609
18517
48029
23869
19861
47737
997
22343
14831
3709
67489
54421
52721
79531
15053
50671
71987
81013
37663
67447
63907
91757
85297
31259
62743
90437
37061
70877
72997
60343
76231
10831
87473
99017
67189
32969
54011
2141
59207
53633
76387
37223
93701
227
86269
13441
23813
32261
29297
619
1483
47741
937
34031
91771
73459
25847
82219
49409
20233
15187
21089
44741
64333
94399
58229
19139
89783
96157
67429
52999
93601
12161
88117
97561
23197
3347
5483
98641
92507
9689
7927
98419
33119
42101
3733
63977
67429
81853
6421
56249
22063
18773
17053
31817
5189
49927
88259
99767
73417
28409
81359
32143
79367
20809
20719
44887
42227
31121
60289
95267
82301
5209
56039
12071
76207
66593
50111
43
87151
73309
70783
19441
3343
88873
16097
64171
60091
93901
12251
82799
151
83047
1549
25183
24533
34897
35393
91081
64747
87013
5113
499
27793
17851
7823
67211
15473
6949
42349
30529
73243
1531
86353
11789
1993
20071
60017
36109
16703
97841
82633
41843
14207
97441
15269
12689
37097
24317
47137
16987
87539
36779
10163
35363
42131
44939
94201
56039
61673
33199
26647
67447
28867
22229
4933
69403
28961
76873
59833
81769
68329
67523
84559
38239
87281
95153
35573
1303
64921
11197
35159
25013
82421
58963
98717
52529
23887
17579
56467
2671
2999
12413
46523
48731
53093
94709
58889
69809
4603
22751
2851
8999
96337
77513
3259
50707
72229
83639
33563
56041
38737
92791
36857
30941
36241
40867
9043
36353
3461
21407
733
65827
75521
72739
56597
8039
21143
50291
80777
65843
28579
87407
2137
29173
86011
81671
2237
85999
58909
57179
68171
86927
21143
77659
1657
62617
45667
99611
92801
51449
53899
21767
2417
65539
6571
31729
4787
45659
51043
18919
2741
90191
28771
63199
79873
4723
83939
59
76907
45403
26437
24473
85661
15287
62639
6301
47389
93479
3251
54829
40693
49123
66109
1487
62099
41617
1867
29581
58031
91541
96769
84443
14293
92357
77101
30491
11801
21517
56531
77491
33113
89459
85333
11131
3457
40471
7829
99289
70141
94999
45971
90217
40039
9697
65063
54193
75403
25219
88237
38231
11047
42961
45503
59663
88093
10247
78877
16369
80279
15373
52363
19139
89909
33713
34267
67399
47293
53939
60029
61751
32237
76157
84391
12269
49811
8087
4019
17321
61603
89899
67867
43093
87277
30187
18637
75629
21001
709
79801
26251
4421
76123
56663
63521
89393
91631
8867
83449
76961
61357
46889
30577
79631
36433
85027
71633
55291
92627
68879
97711
8539
89627
31063
18353
49957
3457
89083
31981
20981
35603
73351
15937
93427
46489
82031
25301
87403
84631
45569
13799
27697
66697
41357
84673
17609
88799
5659
66697
3361
75149
7577
94441
14029
88037
75227
86083
71147
40039
52201
65029
14057
20177
62219
227
96289
94727
75253
11617
28961
76099
673
71933
91411
16453
57059
33547
59707
6047
36319
44987
11621
78623
19373
89759
79699
20089
48661
38833
6737
61757
73303
28933
14717
28183
74551
25867
45263
52639
67247
83339
89213
85513
94727
67763
4229
48247
33767
23087
2243
45139
74093
96731
10651
70997
94789
4909
48757
24623
96137
16547
33211
88843
64171
81233
35059
56891
8093
63697
76847
33329
53987
89521
27943
21107
21821
5839
86561
53377
68633
60343
64081
76913
72101
25261
76679
99839
70309
29027
27743
63113
73417
7727
28657
99929
94261
66751
19763
22303
77431
10909
1487
57251
43201
53117
86539
49711
53377
93179
7841
31249
79907
20879
36137
26701
23159
30403
11579
56747
82913
42403
34919
44119
67927
86029
50821
15773
77041
80347
22901
32533
88327
73943
28597
24007
22157
13487
4723
20107
66463
50821
74759
10711
38299
77611
37537
35543
67511
15439
15823
42487
36013
67801
26891
29269
8923
9533
39839
37871
73951
95089
33637
4177
43457
53681
47237
91459
20149
69539
97931
86341
63313
47777
37957
73609
44189
14303
20599
51719
60139
73823
26561
54721
90731
13309
1931
64453
94583
82571
41117
95083
19079
22697
42863
22003
59377
72467
86399
23663
64553
25951
55217
23447
39373
98011
28517
19531
7907
62383
58603
5557
6581
95279
27733
89237
18583
99559
21757
13477
75557
73351
59077
17467
35069
71671
23251
30971
38167
55469
18313
32917
48221
41351
52697
33713
24473
84263
87559
27277
64013
36187
97547
15199
21751
51421
63409
83227
35677
29833
73039
94603
45319
17377
89753
84053
7417
4673
12377
26713
1091
86357
93559
10559
49109
59051
90947
71167
31481
76631
21613
93257
36137
97847
70123
31321
80051
15287
86627
42349
95917
99923
30109
5827
64067
8971
24371
3329
7451
3253
20483
78509
74197
15361
40151
547
31091
89209
54323
2131
11981
2383
14321
32779
60149
40193
56891
94693
25679
64433
49223
87119
29959
32507
33791
92381
36319
46747
55621
56333
8627
2383
83717
61027
33773
37861
64601
98867
37003
51437
62869
9421
83437
55337
42589
92809
88513
89393
44129
10009
51329
58193
71861
61729
33931
50891
8081
21247
99607
66347
47501
39503
82729
73939
74797
33521
73867
67181
17321
4111
54917
61559
41947
61493
87293
50101
80923
61409
38113
20593
48541
66851
49991
63179
37889
58979
99259
24611
62303
3361
6229
7297
93827
701
48571
6571
28837
34961
89867
26783
21839
49823
12227
69821
49597
66541
64877
20929
809
27691
70549
60457
74149
45691
93199
53279
43793
72253
40609
22717
56711
61757
70537
39313
30181
31091
79861
39163
41851
48799
69661
27751
74747
27179
24889
28661
10039
21143
33329
8467
99989
13259
8867
38321
42391
20047
21341
54881
51511
227
96851
58043
4201
74131
86399
49297
46273
39161
56993
62143
59621
2381
15683
54773
22433
20183
27337
51481
8447
43891
62213
40847
49811
68819
84713
4229
94483
79621
26711
37273
65167
89899
34963
83459
8803
98321
56807
8719
26029
23201
48091
35899
36973
5867
69191
50839
24631
74381
32803
69149
76777
1259
62801
95191
85313
11579
90907
65407
47947
26953
94079
82997
40849
80147
89371
71551
33469
21187
88589
79231
93047
29363
60427
43313
80149
80989
16141
5651
31741
52177
24239
4447
66343
1381
97561
16561
3643
48383
87187
62483
21139
19961
11491
4931
27697
80831
42397
84673
11699
54293
59929
6449
3083
64747
41263
16831
26423
17851
16519
68329
19087
70249
74177
24379
7477
65851
68993
67
18401
23977
73771
79829
63841
35107
12343
51659
50153
25579
45959
16943
16607
66047
55313
4643
88741
71437
38299
79973
27427
17123
57077
54419
2213
23159
15641
99761
96581
41681
51343
51407
75527
53129
56713
95801
75703
91541
281
5107
839
73597
24851
90499
90197
16127
96517
38669
13841
67003
34981
6451
5501
96221
24121
43969
12421
22549
24499
96137
88423
49109
15937
17827
15787
77471
30931
79147
13463
45389
84181
75773
96827
48091
61463
19861
57679
4723
24533
6823
74297
99317
83869
71471
35257
19051
6481
12799
65119
47293
92119
42737
86599
3343
91513
43159
94541
88937
47353
68443
44123
84011
9643
20959
55927
63541
35363
32611
50513
9923
8123
67153
21577
10589
53267
18481
8933
50969
87877
62383
41549
91309
66343
40169
50053
60101
41189
48751
66721
34549
40829
62731
12689
89591
743
63709
58477
92369
86711
18493
36847
28517
81671
79187
74047
62383
25667
49043
73757
32051
66221
2417
48649
34421
95959
99377
43013
25463
23677
44537
83063
93949
37691
14347
3733
45821
2503
56501
46327
25771
64921
71671
51581
2801
28109
95783
91493
25097
35339
63353
76963
45737
29101
5839
12433
34763
82811
80167
95467
55889
30467
18401
89387
30271
64553
20663
28687
13159
31091
49697
547
13477
32381
9439
33809
64499
46691
353
58481
2221
29989
13331
75979
69149
80173
72733
7873
47237
17123
19423
45751
67073
73823
41413
43457
67499
5431
90527
14479
66377
13913
58321
12373
61121
34273
6449
49547
12619
89119
96851
10091
35149
70039
5437
13913
50069
33829
9157
48029
12967
88609
23561
5749
63439
50383
6317
72959
63863
73613
4091
65419
81883
32059
20963
36161
643
92693
73009
83
25439
23741
5717
67741
2459
23197
53819
86357
67033
55009
45587
36587
15013
74101
22501
6571
17807
21613
99191
65921
65413
69259
68209
13669
18311
13877
68669
68891
30269
99961
36691
40759
33587
49711
56489
70009
44893
37339
617
93827
48271
74201
91997
31151
19309
99571
55579
193
76471
83003
57727
78259
45569
65519
49009
12263
50971
25087
14747
40609
24181
63103
58147
53923
50207
90031
90263
73651
72649
1213
16223
557
13757
29027
76649
18269
92401
42901
93407
91139
87683
35363
16007
85513
32579
37049
74021
74449
41357
80603
51341
21863
9161
86083
80863
68639
57803
25903
99833
92789
30971
15131
37657
44809
54673
27527
35899
61441
59747
48079
93683
24137
30347
7001
67433
87683
80309
35533
25439
4951
2699
90617
68669
22157
40867
32257
83813
11677
17519
73363
48673
19141
77369
50587
38039
47681
62861
35677
19333
20947
30557
99401
48787
60611
52147
40759
39241
10303
1493
17491
35597
79757
20047
75227
88729
19603
66701
85333
49481
60293
90067
72469
42989
41771
89977
11083
88609
17509
6529
7069
87589
75689
21773
55819
20089
20023
67619
53939
71069
43669
92419
72383
37243
8069
6599
70079
64937
15733
26183
92681
38149
38333
55291
70687
13759
24631
58937
28921
97673
74293
39251
89563
92893
71023
28057
32497
97607
77783
33829
7589
71719
99623
96749
29209
47653
95651
48593
85793
99109
10169
30467
59351
31907
7151
32987
94873
47051
27701
36013
84199
2239
5167
24781
82699
79769
86783
839
63281
80387
83903
42331
1439
74959
1601
35317
17987
77171
92951
35839
13033
66821
76561
41203
57649
30271
40169
81197
3719
25601
43451
17807
25013
87403
53173
39563
38167
1627
41203
42221
89459
3889
81299
51283
38083
55931
2213
85711
85667
16067
50989
17257
39667
59149
95651
2707
12329
62989
76819
59863
18047
99571
87149
76259
10079
39341
21773
5939
89269
41357
68161
86077
90547
8963
65609
20663
59471
16703
70793
39821
20399
9697
42571
21001
12923
31799
21673
79111
41381
52267
15809
14249
2657
99367
94529
87671
10973
50929
84047
6529
74861
46567
40129
85991
19079
18859
58913
67261
31153
42929
80491
34361
811
88657
89009
6673
65119
93251
83653
27197
21569
64081
99611
15731
18119
79103
23603
36943
78919
15923
76837
78041
46867
87961
84869
95701
32999
12347
43711
14737
38281
75389
71999
79627
18127
14753
48109
12097
71473
92699
43597
15497
20663
9743
7121
49193
94849
73651
52817
38351
3691
6089
70783
32833
28843
41077
30211
21727
36241
92753
87149
73529
13441
28463
48869
68713
7681
99607
83689
36943
77383
90437
26729
67801
93383
10691
56093
24109
77339
19891
58901
44029
42473
38333
28867
35591
56857
77689
71563
10987
54983
84181
42569
96587
53951
24421
97787
34667
74509
31019
6131
49681
36709
71329
97397
61637
65827
12143
26249
19751
29101
7727
57221
99929
74771
94993
11593
23789
89939
5101
7949
39323
73771
14713
45553
37379
56993
28759
60101
99623
25013
66377
39359
66047
75169
38959
1669
50123
11321
21767
21347
8093
69899
96329
53759
91309
8821
70003
87221
93887
229
20521
42577
44351
89779
21139
84653
11923
40903
5581
1499
51749
97187
99839
34351
12757
22541
41513
49199
36083
18917
66191
211
75821
8839
61051
71419
49747
45377
12451
6977
98129
78427
63799
78803
21517
98321
50131
34319
11699
85147
5807
17471
81509
307
48481
22307
1301
35449
30703
11273
80341
13697
70843
96907
82219
48859
5507
22441
29333
67499
52517
11813
49537
25583
11839
33791
53897
19387
90187
52783
53569
88883
3271
37039
19141
73477
17971
28573
31817
54319
45319
93083
17383
72797
68683
74707
51893
5003
97463
23029
33851
84121
57803
92899
21317
4657
14251
9719
54049
29663
82609
24571
86861
35291
97003
31397
6271
29501
27509
55051
14153
80191
66361
82457
69457
51767
80627
83597
27449
38839
86357
58789
4457
45139
67979
38767
88867
87931
86249
80749
52369
58757
9733
4639
66413
47143
36677
45061
2003
96263
82067
82837
84163
74897
1867
8807
70249
42257
70853
53069
59629
33151
51829
35617
50789
75511
72911
99761
419
74453
56681
6551
10853
9277
70793
79201
84629
45631
39163
82237
3517
8821
5107
89153
1973
94847
6577
92927
75659
16223
36343
74209
46271
41467
22349
77773
39103
47129
1031
33461
23813
67
48523
19079
86131
27397
68813
42461
1531
54917
90617
39937
41777
30529
22973
7331
26801
78121
81971
76507
12239
54779
92219
21383
77557
44987
18181
97187
64627
90373
96167
42391
33289
9479
10739
1193
76243
17599
59183
72211
14723
92431
77723
72953
90709
44041
25471
59879
27487
65327
6053
66029
38873
13697
88643
61121
30133
22769
95483
53699
49409
29101
89
14153
50441
17957
80231
26959
1607
90023
74653
9623
50497
32003
24329
6067
88019
34819
35419
77983
55763
72047
49331
12953
71879
13127
75571
28871
93739
91229
43291
91019
30677
10247
23567
85037
39227
10399
98939
88897
44809
76651
13729
85009
66457
36643
71993
18371
71941
49943
32423
70289
71849
27691
31151
1741
89983
63719
99733
69073
3931
35141
2791
29137
90199
14489
64853
45319
99017
83177
19997
19157
77591
65579
62591
17189
24281
42953
11903
15199
35537
96731
63499
3371
99529
86111
277
73973
32911
919
90731
69313
54829
829
19717
19867
80369
6619
45943
47149
54499
99721
12601
73757
5897
62297
33083
85831
21727
19709
96097
99053
48809
32587
92821
46811
33091
92899
51941
24371
17117
30937
10889
58451
1039
23833
31039
69257
11317
10453
48049
33359
1627
67121
76081
90823
28927
8539
52859
72923
97241
87107
22481
51287
86161
92551
27941
3769
6737
71563
33893
18181
92111
48371
18661
78839
17827
93241
40387
27823
31177
82469
18583
75337
34319
92311
78437
91673
12301
46499
66293
42359
55529
71647
43973
1627
4561
98299
57587
28513
49223
22613
48907
9091
12487
95071
77929
84811
59611
96989
23399
62801
71411
12487
8443
72287
14831
35677
12101
23173
92581
6719
50833
33773
57899
44879
4457
46867
45853
31357
79193
99257
9161
353
73643
8971
99241
56527
57709
63079
31991
82021
25999
38653
76963
67043
84317
2633
27763
66889
82307
79481
77153
76403
54959
66791
64919
14029
10867
87221
97879
63211
10141
2081
87683
89069
97373
64633
78839
61613
33013
22133
82883
43319
40163
19141
24023
46619
11777
32371
74197
24413
11701
14221
5839
40429
62507
68389
59611
6263
46349
63127
76733
69877
5659
83459
9181
65371
31237
63533
38669
26497
3769
50087
59723
51691
98299
20707
34729
99013
58169
3137
23719
28559
79811
673
52069
16741
69763
57947
77557
80819
79907
68141
47431
23293
75323
36931
58403
23827
72673
35569
89189
84467
63031
43283
7307
32369
36017
8117
86843
3863
86753
25621
2647
99487
20011
35969
32467
61027
93911
59077
83921
46271
22651
6101
60689
2711
87881
62303
76387
66343
41759
54167
35069
26839
42953
26693
64613
2447
74797
44983
99109
96851
21991
92461
14431
20347
57287
61333
1013
72907
1699
18119
68399
49697
96953
29303
20393
25589
61051
87743
82759
51871
46769
21061
55807
37643
43793
69859
10939
97711
2671
70877
81223
26431
59417
6577
14401
49223
31687
30817
46639
50021
42437
9791
39023
29959
53719
52951
26267
85523
28411
23767
30467
98807
19181
50359
9743
55933
42953
39293
21587
56629
60659
67141
95087
20129
8663
52727
53453
62819
65839
17321
44839
31769
29153
9403
74531
20719
58979
10039
32377
75503
25121
38933
66491
67153
83219
34703
94823
10627
15161
10781
42013
51407
78797
18911
5003
13841
4801
49207
59221
60623
83471
4817
46727
43441
18119
6067
10139
99719
76379
8641
80407
99041
3433
96281
24763
17189
39821
49117
11489
21569
5689
60089
74047
89989
85847
22283
51229
21107
27409
44699
14627
58367
23671
83383
63277
26107
39191
13513
1823
82261
85991
93553
23971
49669
42227
95273
54547
3853
50461
56377
76079
2477
79411
15173
86011
51869
87701
3271
99241
5519
65239
54377
95213
41761
58207
13297
90641
20029
31513
12487
99277
83423
65179
21737
32089
56713
26993
17231
71671
74509
72613
16729
16223
88789
88799
15061
19163
25679
81727
99497
60899
4637
34403
53731
81629
73849
24197
31891
13093
87643
8263
2693
68611
61043
16981
9931
52067
36529
16433
71993
27239
23663
36551
82009
18691
76837
36529
5179
7927
32233
95479
32327
60521
13043
661
32363
44701
96671
79867
50159
36353
41771
26399
63367
32603
16699
60127
30269
42473
16987
69457
18041
96661
13009
92753
4789
31601
8243
11003
85121
48073
81299
6247
94727
21401
77573
76379
65563
55249
84121
22709
55691
25633
53639
54083
36563
41149
17911
50753
59069
45013
2137
43573
67867
75347
353
77023
33811
43177
19403
64811
27043
61981
83869
55337
33461
99391
69847
56957
90191
99989
58763
25097
79901
1117
13619
41243
81569
14437
9341
941
96931
53281
76259
26111
97649
86239
55021
25541
25679
42293
18743
73973
38713
43627
72649
26699
60161
60101
66377
21587
78139
31981
58013
16741
13789
35221
77929
63079
84047
67141
50087
47419
36061
64109
37537
7559
7549
91591
14177
82457
45631
23339
39161
13103
49019
73043
65657
49019
56993
15889
45377
16843
38723
74077
2711
18143
56779
4451
94823
36241
76883
78317
75731
86083
53629
36671
13907
64747
99409
62701
75793
15217
39251
60343
59393
6101
82037
46633
90841
22079
21737
17959
76781
4357
52249
1277
23431
91753
78427
31051
50227
9587
3929
51893
76511
30869
12583
61861
10891
47701
23677
58937
2161
93229
65203
90527
3803
59263
35201
69257
21859
2423
34159
85213
32693
31159
90947
2143
93913
12391
52517
14293
66499
39511
67883
41641
18367
37957
34033
113
76649
72907
17971
98849
33023
44101
37589
48883
19421
31517
29863
30197
37997
27917
84449
46061
58741
46889
47279
50263
82531
6271
70999
54163
56893
80077
74159
43093
83059
33629
99439
40361
47251
17029
67523
13879
61057
27407
38197
83869
18461
59009
33871
44917
80803
98543
43609
25639
80309
18047
38321
50989
40387
61261
1151
84127
6397
49669
70459
23671
84247
9949
17
36319
5573
55897
89363
30871
36583
69539
70573
16603
98321
9439
65899
50873
42197
79423
44701
14653
6389
81547
58147
92107
28573
94331
47911
4831
53323
75731
80917
82163
50093
19531
35869
58049
60161
18701
39023
47911
41999
82981
80819
50021
55259
83137
27283
26801
31601
77983
69941
42533
90007
20063
36293
751
13229
94009
53419
3943
10301
78541
76333
34273
69203
31397
82619
5399
50527
68111
74197
69931
6949
79601
22817
38933
31319
27737
40193
30091
13417
22481
14897
4549
59887
86413
95429
58229
91453
40577
24989
37159
35159
8537
89899
57977
35677
29179
64781
54013
9803
59369
34429
41603
27893
47653
92219
8423
18047
14897
98947
18433
25579
52999
91753
62233
8837
23173
49009
77527
8753
91459
22807
63113
38791
49043
67709
63499
29429
27791
68053
51563
41227
6551
179
85751
45767
76303
81551
35753
14197
95461
99571
54941
9011
56131
35533
14029
75571
35923
16139
75767
22937
23689
63197
87443
33073
51581
41947
68993
88001
2437
8543
7643
87881
99487
52999
20393
24317
27179
11027
28909
60449
52973
78781
2087
1583
51893
73091
65719
16001
99497
83933
8863
70571
95801
39097
34519
20849
30661
78571
85313
64663
21467
91457
69119
76441
28087
56681
2711
8117
73589
739
39341
85297
35099
87553
11311
40123
14549
88819
95231
65003
87421
87743
68639
72923
86371
6907
61603
44119
75431
58889
90731
9829
96973
6481
1009
80209
31193
23143
14327
79973
12413
20443
49727
73181
13469
487
72101
57493
9157
571
1109
85081
17333
443
89603
6803
80929
19183
58111
48437
28549
2671
85889
81749
8819
74297
71387
77951
59159
49663
39971
46559
55763
15473
25763
94229
35053
29207
18301
43579
43579
2417
65423
68209
21211
53681
39343
81647
27631
17327
743
38977
9767
3191
93307
29443
6491
64019
95783
14251
14401
58631
53003
2179
467
48823
54469
67619
83089
87833
57331
94823
75653
77261
45139
50387
9461
68351
74897
72341
52543
92347
94321
20549
80473
98641
85621
51407
28051
66541
15173
33503
23227
18517
42169
587
29027
43457
431
4933
23117
47297
88813
1367
70991
38329
46399
12253
1373
96167
30869
58787
93809
66697
64453
94547
35339
3767
1201
19507
46349
67601
77563
60961
45707
15277
18523
57709
52883
22367
64271
39989
8527
26267
87541
66337
80039
53381
5923
17443
29027
81349
50833
43913
95791
62131
80489
2131
17419
20147
84991
45841
17989
78241
8719
35593
54941
35591
23227
71483
7687
1009
65371
1987
35617
70571
97687
41647
66569
51673
23269
15013
25183
35251
45007
67429
34747
73037
57349
3917
98269
19231
5323
7879
12379
98057
30253
78467
48539
99971
48409
22397
36551
27271
55889
81901
27211
41597
20809
74903
62351
21683
44699
11483
56299
62497
85853
61603
65101
56401
26263
46993
14821
30089
49307
39769
21871
67139
67231
76667
50929
95063
97613
34519
37217
15583
2903
6427
50287
96589
99289
59833
131
52567
72421
16633
44201
99581
53813
6451
72701
83399
90523
55439
61961
547
44983
17417
36307
67189
49481
14321
5107
62723
29581
70003
8609
38047
83257
39317
12497
42841
32003
69151
48779
19121
76387
51047
21737
90793
8423
60913
37693
26737
88177
11321
87539
98143
72493
14503
74357
6563
22291
6287
29723
36107
97387
29723
35089
7457
90247
13217
15641
82349
60413
75521
53899
89599
83341
19289
96581
83869
48539
28433
78121
61253
19961
76231
58337
66109
70717
33529
93131
5413
2393
30497
23333
64157
35461
67481
66977
31181
557
16811
80929
97973
52501
14723
21163
28439
71983
74051
66109
39293
7151
74551
53639
12043
46441
17623
23197
71317
66343
61991
4139
84967
79283
70537
39769
70439
32183
58243
22037
12553
50159
40961
19961
96223
28387
45439
93487
50971
57287
46073
56911
54503
9613
83563
78901
13711
58321
1609
19181
70981
30727
28729
96581
65551
53611
33353
49009
60679
28307
28547
69821
18131
55829
43403
74923
17093
48491
44221
74891
23743
10957
22613
54727
20341
86929
83761
47713
67057
12487
50273
27763
20411
1931
17939
58393
51991
74471
34511
68399
47149
70001
36373
4517
1889
86587
33493
16729
56983
14489
43541
14753
79349
16843
65543
86113
92647
58453
4967
59513
82457
68881
73043
12823
67987
45361
23971
86501
93997
60917
82471
85531
32443
28687
43691
24691
48871
5701
27361
76099
92959
21517
64151
15767
60527
30497
77417
6247
42013
47807
19793
77101
11113
92041
11831
37501
8009
47419
40361
16091
78311
30197
4801
89567
62467
38543
32251
22349
36073
68501
49639
44201
9463
18097
43271
80621
67139
59887
26449
41609
93493
50993
8353
18169
77681
35983
32411
47969
91141
80701
58537
41813
13
5413
87751
58313
41851
38011
33161
96097
36833
5081
11311
67699
20507
53401
45979
86869
87149
58031
96137
61553
6569
57847
911
157
15581
6491
51859
45707
14831
14657
1907
99251
55931
66883
2677
24179
31307
63853
58129
8537
91139
98443
74311
30517
70999
39209
93997
33679
46103
5167
55799
25673
89071
79063
19541
99761
30517
59771
1997
63521
36469
68567
27031
97301
70921
32713
49939
12329
65963
98837
37021
6329
23663
98887
38971
39863
66347
50461
21599
67211
617
14341
50821
11447
54541
36833
5297
85669
8209
91583
50989
31643
75731
53327
51001
35933
66191
53239
5449
57781
8951
673
67217
75149
36571
88873
51229
7237
17659
18859
46051
77191
86771
85469
19423
86171
24509
41011
80809
2617
9649
88997
71551
1229
30307
10861
34543
62927
15329
46807
30269
98801
46619
37607
99257
15643
23929
95713
9091
46511
17359
73291
37571
38153
61519
40597
84649
9533
98269
91909
2857
97879
63977
91841
40849
5119
22093
16487
521
4481
71987
43391
157
73063
93911
9239
15551
83227
79367
52837
37549
70177
87751
67777
27947
60647
43159
5009
10093
14753
97883
78437
32887
49739
42239
89603
983
23143
29101
19949
18041
59743
56611
63281
71399
17203
45233
70289
42403
70381
45077
61151
41201
52967
74017
94583
82471
22279
34033
87119
81647
21121
19141
1597
67391
22307
33071
94111
4493
53437
26479
10789
37223
38287
8971
49801
51721
97367
37879
99191
58787
18427
653
37813
87931
63629
60679
15859
27017
83563
51683
77549
35083
38737
82237
24623
29423
10111
87251
73127
28283
88843
45953
34267
37369
45361
31793
42157
69233
3001
30911
5197
27947
13187
71147
18313
21401
46757
41597
53597
87811
10987
79903
4621
24481
39163
69259
14669
16033
56197
98057
79867
11617
42223
8693
19993
17257
34883
36479
72101
2243
83257
26849
67231
63473
79531
93251
45833
62189
46061
34603
8161
61153
11681
29569
75403
46649
36979
82073
27529
12899
85691
76403
85517
6323
55343
70621
52301
5003
75017
37699
65089
12113
25609
12743
10343
12329
11059
78007
44533
6871
57503
16223
46439
14827
66713
44959
34259
63773
51031
54437
6529
95153
95603
1451
21997
63691
92461
78791
43037
51329
51197
90793
269
92779
97169
21107
2339
49531
98389
12539
73291
70141
11617
79531
42281
82613
93383
90127
75079
20693
58603
23509
49919
6079
48341
33857
74489
24889
62047
85061
53267
85091
23227
92251
30389
32363
2837
50513
16703
56711
14867
61813
63577
88001
33191
13229
21031
1051
33641
30253
24407
31267
81727
16649
43801
48073
54833
56509
4801
61043
84793
92707
47743
24533
26881
91331
81199
6551
62597
29641
78511
60761
87011
197
57493
64033
76519
50587
47569
26921
97157
14813
73013
36677
83117
74779
67121
33359
42701
24019
31817
11801
95869
47051
40169
39241
36671
37747
16901
69931
53959
34963
92143
49109
55817
37717
53239
77659
99559
40277
51673
60127
79
23189
91541
65867
8713
66179
81163
81307
63841
34913
64301
75583
67723
57667
18439
58679
50441
95143
1901
30911
67057
2711
37243
56531
45439
42953
2843
77969
85243
97459
60727
32141
84143
12967
78691
35267
5827
45853
40487
27581
42131
45979
1019
72053
20333
83437
5227
48619
21499
66763
11471
13441
641
31219
68113
57901
69779
10753
3079
15787
73189
99661
16651
94007
96199
69929
92507
44041
23563
42767
28921
17047
34327
92033
70667
34949
64019
13151
51479
24499
22699
91811
12511
10039
76943
49559
44893
96931
239
57349
3643
45953
32009
47317
78497
44501
71867
39113
42293
28813
18143
12421
34123
72871
15373
11981
56543
54721
34651
82307
23869
33199
1871
80317
30529
72739
37987
607
77023
12511
93059
25117
60733
28081
52541
45263
84589
30427
47809
43283
84223
88241
82721
96497
18661
85243
43783
151
3299
24029
81527
95369
45557
33829
76871
93871
46021
49991
37171
81119
28813
9133
97511
99581
6011
10691
80449
15217
76231
38069
55511
66851
97283
68099
27067
93047
84421
74699
9811
95989
97561
41357
57973
50893
22247
14563
97919
34897
73897
74197
29683
97771
63211
1613
72719
38861
73859
48673
52313
78511
80111
95617
19891
30931
2579
71389
21881
36017
3917
76081
83911
65173
62081
93851
2591
1601
4931
57173
18041
1093
37309
74383
28229
53717
71413
33211
60937
62347
1231
17291
82013
8089
46703
55291
48371
18059
87133
86269
22277
73849
30467
97687
87917
51343
11047
32783
42223
15527
3529
4253
9419
51043
45893
30893
74287
54721
71881
32213
58363
10939
71333
10099
17077
95279
43003
85201
29527
18131
44753
38039
79769
33469
13691
89387
7589
3527
51431
48661
36131
66413
1427
51613
2131
17099
15083
9239
22943
18199
26293
13721
15329
47911
75781
75989
99707
75937
95027
46889
92119
34487
85781
13537
13339
78643
73243
491
62731
72823
3079
21059
79943
66089
2531
89983
60779
4787
73571
10799
49613
82813
47017
73699
10093
80221
52813
83137
96451
2539
55051
22901
70853
97081
25301
69473
74411
2927
4271
93491
13477
58693
98621
91369
78307
41813
14821
49547
79301
74257
69481
43753
71143
96661
14561
95531
64217
8167
3271
33457
88177
53611
32717
60589
73651
46811
98689
66721
47147
97
7841
92683
97283
87589
47711
99667
29629
4457
523
54121
9811
54361
81203
92683
52177
77267
44189
30467
93887
57829
94441
54601
72649
34877
70969
79301
4547
34501
44273
51481
19961
80657
96079
27367
77773
63367
14177
37307
57413
96053
33581
85639
24749
8291
79693
81017
13007
32063
15307
33487
92003
87119
29819
14407
6653
84307
49807
92459
23251
58687
50153
75577
23417
77731
24379
50849
90907
15661
42901
49057
93637
83933
50051
28619
14407
75521
35899
17761
13411
23677
55621
38561
30773
85909
32707
6359
82471
6037
40853
5821
87223
15889
19853
87649
48397
93911
38371
67003
50131
26513
23929
94117
11923
58613
66841
21377
2963
55201
19763
5477
22699
95027
59621
86993
92551
17401
72719
46147
22079
12437
11839
65449
15083
30763
27851
5813
41113
50273
38803
37253
72547
31321
9811
38903
1861
39217
92489
25307
55871
82279
32353
23011
76249
28031
30059
28619
90371
72739
98257
80449
52249
85081
89759
71023
66571
56533
29581
71359
4817
71761
86753
61027
12979
36341
48491
34607
9011
78839
37313
59029
41351
72701
28837
40519
96703
91159
76847
83401
65651
23831
33413
78511
82903
32749
6449
56687
31327
86711
71881
70241
56813
463
45971
54133
61057
67853
1163
90053
12007
65407
37339
72103
30469
99877
87071
62299
68351
75239
10331
18301
90067
77929
63311
19031
83639
38153
15913
95569
49339
8627
93763
47681
63409
43237
96527
82207
56809
52807
51059
55987
29129
75991
34141
47653
77431
13451
9349
97919
50273
11807
2777
42061
68171
82997
10847
79691
72139
2393
30367
70621
46099
66083
68687
51031
41737
38053
65831
9817
15619
83243
72169
57601
15749
60103
12553
34877
65423
49409
87383
85717
88169
90469
20521
5791
17681
36341
47903
97003
91909
44293
72139
35809
24571
51607
73291
809
17623
94723
51071
34739
67577
57751
29429
40459
24439
41863
76781
3613
82633
95461
23767
6007
75037
21221
50153
33113
48679
70157
17839
48973
84467
46271
16087
6793
37363
94559
90659
89519
61949
15803
45853
1289
99103
77999
91121
77773
56393
23677
14897
44987
65393
90731
37619
6451
2027
46099
26041
94529
97187
67961
59809
66571
49787
31153
81647
72763
57329
79193
37397
5653
73699
7457
89387
17807
39443
96851
99971
14411
71249
24847
5443
8059
7487
32633
97561
52511
89041
12421
73939
19477
38393
50051
50989
78977
5683
49043
97861
34273
92251
65929
89153
20143
99719
49037
22483
6833
95959
65657
73607
26161
97883
84719
78191
33487
70841
3361
81649
78157
601
34499
82307
40127
79379
81343
70481
13619
93901
4211
94747
59929
19889
80309
64217
45307
75401
35963
54001
50503
5197
48397
49057
38693
1291
63311
39829
74887
34583
89387
37409
44383
9227
92153
85021
15683
32587
3929
14153
49411
6553
63863
2749
12409
75773
45589
16127
2029
89087
13883
8093
58153
22739
70991
97177
74891
26107
84787
181
90053
65963
16651
93187
44953
86587
95479
81931
12473
7393
19069
12239
98849
21997
26177
59083
9851
9811
95881
15391
42223
81953
94513
81031
881
45569
97547
37663
19603
41023
71867
5821
67967
30539
2053
93151
56197
59219
96601
6899
92173
95947
82073
55411
16061
8669
29131
71317
49033
44839
46133
17971
99761
57847
32803
96479
59069
25579
82031
27017
94063
10667
56911
43321
85817
13633
62627
21841
4217
63607
95747
93581
19861
74597
68683
51899
22397
25307
77713
20201
17401
27697
76369
50773
69661
39079
39317
72091
49499
62141
77237
35879
20443
68927
25741
98779
65881
72139
91243
50767
63997
6373
30427
9241
15269
32323
59699
36767
72383
14243
97919
33427
74699
9319
57697
79967
74747
271
38069
12251
27409
67003
49481
54673
87641
65449
2543
60917
61141
65353
4211
64577
26489
12703
43889
84731
63667
95233
72893
58309
56989
66529
48091
96013
86813
28729
41627
90697
80191
45673
61603
80681
56087
21107
29581
9013
46751
94201
66107
2963
94951
1291
25933
99971
74203
4273
22259
71347
84163
77023
96329
21599
27791
74381
32611
76871
2833
68879
70589
2281
83443
4903
66643
87443
20887
99347
44543
47903
84787
52253
10739
35227
16033
56737
1093
95311
46499
23957
61151
67967
32533
46181
6679
8563
43661
26737
15361
2377
98837
18311
39229
33049
95819
34213
78893
11321
95153
80933
13469
99923
93239
23767
41047
4547
80309
73471
24527
96587
70099
61681
46649
6491
82799
93887
21757
33581
12239
58073
93563
94597
63367
21757
31237
91153
34583
1811
15773
87539
14969
83449
92753
99767
10733
40939
52757
61603
31397
59419
47791
7307
74717
74573
86029
90679
66593
65617
23173
11617
15773
99137
6551
42499
33871
49009
61961
82469
34253
41387
64579
60383
42299
69401
80107
53359
13103
20441
94057
2521
17977
66973
64817
78721
93787
97561
79901
2203
33769
6301
50581
41333
9221
29741
94621
70487
33851
52583
51109
21937
27793
81331
16421
8093
63299
56359
269
73553
78439
78877
97231
72091
93851
44171
33703
69257
81611
21383
71039
89567
71933
94543
69191
48757
48869
59629
87517
14923
37273
28109
91841
22961
49633
51869
21589
4787
60413
17681
14033
61991
86783
557
50329
18149
64373
41549
92143
56711
79559
16363
5279
97073
90359
42793
28843
30593
81773
77783
28807
35053
5749
81847
13417
1423
43577
81563
87853
16823
56501
76543
70951
51991
3739
91459
46703
31649
45343
56131
45121
74699
42793
88681
39877
88327
36629
6053
62873
23929
13619
71327
80761
74761
28351
6983
72901
98407
8779
5
94531
79907
59359
45667
95327
57131
44207
79537
21559
91577
72367
22391
74219
10687
3617
91997
48857
32377
33757
85691
21481
77377
99581
97561
6991
8039
31393
79357
59467
38669
13103
65761
70039
67511
12979
83137
51691
19427
67057
92557
5437
17203
93901
26339
43013
40787
43889
88129
3461
13399
41759
78853
57781
12569
24671
29789
57131
53401
54133
32401
9013
39251
11813
89669
9661
56101
29761
87833
98993
10399
51343
1871
20231
94327
36293
70843
25463
44657
31151
92489
28571
6803
93463
55487
27017
90313
76679
11483
31153
4373
21943
96043
66457
70589
8893
55051
47507
32467
46601
77323
3413
2591
373
31079
51853
53093
19577
39971
45533
31573
19753
24859
5569
11257
42451
82757
70991
86243
29383
39163
67433
38287
14683
25889
85889
15259
34337
41413
13523
1543
76673
19391
56237
11003
5039
63419
97787
99793
2003
13523
79279
61381
51059
27967
91291
68611
48799
35081
80603
89371
6883
83641
2179
82301
17957
76333
34511
66653
4789
32569
45971
38671
22441
63103
16787
76603
73727
24121
7757
69821
47303
54469
20903
16127
23909
94397
88883
47743
39209
93979
19861
86771
38767
71719
77023
52433
38449
30091
13931
32609
60539
60859
51263
90089
17377
42737
41849
92993
85331
12659
86287
66361
64567
11119
23099
24763
5743
80803
827
55931
97613
7573
92357
65731
21587
38237
82223
53377
47513
41513
63313
33479
29761
34031
74861
6277
461
71933
25373
93377
3259
69197
37699
89491
21031
88379
87337
52981
77999
91837
59617
74219
26881
34129
80177
93131
83663
6257
37861
571
99259
10091
90803
491
10711
857
8429
95747
5471
67967
4943
24091
23623
5441
43457
31469
46093
73363
30029
96211
47819
58027
85751
85829
28019
62869
37997
71837
97879
18749
69247
79087
88427
98543
14939
73613
97127
1697
20431
56599
60539
86179
65071
99119
80513
22397
2143
35279
86539
84977
39563
31567
71287
95629
94951
43049
61603
5381
79043
26321
55219
74383
78569
20333
88411
1237
11813
57073
54091
80701
463
94261
80933
51383
36083
35977
45337
28097
40283
91393
22721
4523
941
11827
47933
71039
7817
60149
24481
45377
70501
67129
50647
69767
84239
54361
86083
5749
62753
37189
24847
85303
88607
81973
27397
74077
12101
60017
23297
36479
96763
1949
58771
34369
61643
76651
76163
51421
62581
63823
17351
45307
43787
33479
5881
22943
59219
83791
71429
60427
25033
57853
10567
71789
31531
57917
20663
95773
68161
65867
65839
51839
9277
3761
45053
5779
77489
96589
67399
84307
57917
14759
49169
31333
57943
43649
43651
23131
69593
19687
68351
2593
12347
52267
93179
65393
52223
95783
2843
59753
733
84919
67043
75029
263
44389
73237
7001
69779
5273
43651
12329
61991
97429
36929
18553
70901
70583
46957
71563
42967
42943
47659
3041
89669
54413
74597
19421
59797
54559
971
52667
66347
61909
22691
81869
19301
283
7393
33107
55589
29531
95027
35759
86491
81773
32917
4957
86509
27427
61687
30467
33343
65843
90533
93787
32831
22643
14869
45667
54727
37691
61519
30011
81463
15581
18379
36919
48221
87277
56681
65729
2141
41969
60869
17909
31249
11171
31147
56053
87743
14251
38069
44953
4339
1129
62683
56681
81899
81409
71119
90473
40111
32029
57791
81281
79193
19157
5653
99349
11279
70177
51859
89989
41389
40771
8971
81769
47629
85853
39239
3361
61723
60103
58199
65729
85453
72497
27743
91541
38377
71647
26833
53617
67537
61717
64853
96167
80447
34759
42709
64439
7603
5849
36833
45137
86959
62801
9631
22921
90677
71741
23767
77713
68713
90631
4493
98377
5827
87013
91591
50993
53281
19751
45697
35591
65029
7187
5099
40771
83873
77191
58243
86813
36979
65789
653
58943
46147
23509
18481
20399
91943
40189
23671
80111
31481
24203
33521
6917
11897
67931
88819
25741
41863
59399
1201
77543
32941
48781
14029
94529
43403
12703
86861
45737
55439
93139
92459
13721
25409
95003
35831
20353
79301
19051
22247
311
54217
31883
7253
66347
69941
98717
39229
29723
58537
1427
83009
19961
92957
19447
82007
91997
20399
75781
86369
22817
28657
13513
569
15889
44579
3917
51673
10853
88211
82469
59183
45533
2083
36277
45319
52291
92671
613
71339
69929
48119
98017
1613
82883
88211
64109
71039
67651
59
64781
90679
85781
55949
21871
88547
53617
49169
15329
16349
91099
94849
41681
49891
22349
5261
71039
30469
57559
10667
92143
19661
79433
72223
62581
94547
36877
49433
11251
38593
74257
97583
88339
9049
61417
92767
99089
84127
91781
24223
4091
593
12211
19249
99017
9941
75391
92461
38723
41843
82457
41999
5407
84947
22093
41809
9973
86729
99577
77621
74101
5557
42737
2999
95063
41149
51383
65731
41141
51853
36479
6911
29629
24229
2237
99923
76831
16823
31039
91711
80149
10937
3413
78781
87037
39181
45127
2269
1733
36451
58997
21601
26993
63907
95093
54709
82013
89821
82021
23399
36523
34679
6301
11551
80833
69463
11261
15887
71843
57173
4397
91459
5669
40507
36929
8731
89
6571
69383
78571
40169
94121
32321
98479
93337
63719
51421
88463
35081
47
36191
42073
8689
36781
75211
15787
22013
97583
79337
21163
18043
90149
547
24281
77081
57641
67217
74861
6833
31139
82351
20593
98143
65179
3581
83341
2777
87679
54269
36277
72661
5531
79349
91121
52667
12653
58393
19073
98519
58043
93893
34129
76213
19739
45427
14107
54949
5851
11113
127
43403
3461
60617
41543
99497
3919
40939
31231
70429
63277
70823
91837
3163
75403
94343
18041
17789
73951
31397
75743
46993
77813
27941
11261
81667
66463
29311
14629
19801
7789
44621
61559
18401
25841
9323
30661
35597
28753
43223
42569
71503
92893
32443
49393
63113
59467
12043
76801
70571
2273
15439
62903
45361
64601
99409
1789
491
617
77359
73303
21713
13513
5987
88261
13421
45361
29641
3463
91753
47381
8713
34631
69497
77587
61837
30497
33191
22639
48571
63241
14251
72379
63649
96479
81611
2333
46237
12829
16811
76441
43951
49009
20287
52967
8737
26053
56533
29327
2161
32183
46307
3923
2803
20389
23677
37693
61099
14821
77269
67073
54751
62047
3923
19447
27527
33353
5801
36919
37957
22109
23549
11783
4679
40771
64013
22511
32059
49871
80911
18457
88721
91967
3911
85597
89897
1601
41269
26263
13967
91249
77933
81013
57781
5581
17863
61927
41641
38333
20719
6053
39719
12647
41131
33403
40973
24413
52457
90197
26647
17957
73063
70879
30091
22691
1129
22079
19469
40493
86029
57923
1319
7537
57679
36683
82349
54371
85259
32057
41201
47591
37549
56681
83357
1231
35291
61519
78791
72469
17419
79399
82037
63781
6449
66191
47497
51071
21187
24043
32491
98809
89477
67061
45181
50329
28111
63587
1669
47137
71861
1699
63299
34217
35081
81203
17959
67187
63331
62071
58367
61483
19237
65119
2753
13099
33223
74831
27509
19183
50221
69829
20369
37663
15443
18253
66739
44623
44909
58913
39821
14851
39979
24481
70489
44281
92107
60139
25121
38153
21851
41947
8821
92681
61417
7417
49613
2099
21001
88589
66271
80221
96059
76249
69163
55079
65677
39019
95747
88327
88883
13997
81001
90971
229
11059
59029
79349
24809
63649
95467
19577
1951
1151
46993
58337
6803
34381
14741
2677
91703
92681
48221
4973
82997
74021
53759
18457
90527
96731
51829
42433
22153
25819
46073
90089
88411
2729
16811
28219
1033
24551
9907
50111
59887
33493
55619
263
1663
36653
17539
21523
50539
48413
37699
90403
82469
18143
157
17761
14759
4457
6131
77479
77611
9649
25163
94873
39023
24709
32117
97003
67589
72883
60103
32707
92179
9421
97301
50993
33529
78901
17377
4447
63773
14891
38569
3823
62603
22063
20521
4799
87587
6469
36721
82721
78367
59617
57373
90533
38917
20747
81761
98849
53717
9923
74047
49663
53407
56209
89003
15559
45863
82463
37507
83641
19013
79687
99523
32653
60527
27361
83273
63577
92227
98369
36107
37861
52609
12647
53093
35507
23029
64951
8269
37307
90887
84431
47791
91631
88469
1427
42989
48437
29131
44927
10093
42571
14983
26863
23039
49459
3919
87869
27733
4723
20981
2593
1831
96959
33469
6473
75367
9227
72053
62627
17839
98737
7457
1129
55381
98873
33469
32579
54673
5981
41357
37547
10459
15313
80923
19181
239
78191
55049
1861
41131
70687
16823
21881
55933
19553
53717
39727
39499
51899
95869
10141
24481
59509
76343
3049
78853
47701
15199
57923
72739
12071
48341
62617
86423
53857
10847
67427
85817
48187
74419
73951
10739
45403
65173
6791
91997
54617
4349
44633
22531
61819
49297
81839
6857
96739
17903
79159
22247
68473
24877
26297
32029
39791
90511
59333
15391
34019
9521
79813
85049
1913
37171
7411
54437
84463
86353
55621
84871
41957
29753
83077
64921
21227
63841
6779
32401
82037
1567
25981
29669
35437
83137
20743
92233
14149
95107
58229
43451
13759
89293
90289
52697
13163
12953
13291
25679
6991
28351
70199
80783
347
53171
69233
50363
17401
52879
62297
34607
85363
37397
17891
99251
73849
38851
85711
44867
71347
7927
54367
3191
14557
11969
1709
52561
97571
81559
41603
90403
56713
76289
52453
75269
26861
15667
83621
17449
63727
81173
16741
81049
1499
31663
6781
31253
51817
54983
97673
37717
19441
49639
81157
54833
24023
72613
63691
81563
34679
65699
20359
79697
91823
86573
84481
5309
7247
11329
97117
75539
5471
11807
50857
50333
49201
84223
45433
11257
36383
60041
72383
37897
25057
33289
21001
55439
17573
17417
93407
90499
22063
27077
12251
27739
23227
31481
4241
59663
15973
24781
1543
20047
62213
74159
92657
74027
84533
79687
18253
39563
6449
59791
13093
20249
91303
47491
20483
40949
60077
79973
29383
40993
40357
85049
20533
51637
81869
54623
51787
80221
18913
34667
66643
96331
78233
61403
91951
42209
81727
65609
87961
45979
99347
32381
16661
33023
45707
4363
10531
27059
15823
62191
93601
79697
5297
24113
8831
7127
32381
62327
84731
74197
36293
439
87251
72953
22727
21391
19759
65357
71597
37181
23053
51679
86627
40903
59377
7129
56599
87037
44953
53569
28657
29483
77471
76883
91121
55411
73961
3547
27107
77017
59621
26591
30697
56663
40111
35153
26189
49459
5879
12479
70481
21977
53401
10111
81919
45587
31517
37369
89653
46049
78623
55529
53861
97687
48733
95441
72337
2339
80527
99377
92467
27893
12491
94543
56929
61153
21377
30539
30113
38729
21991
33073
2441
12601
68023
85517
42181
45827
40169
64007
24109
98411
53939
58889
8443
99367
86131
82241
79531
72707
86753
7459
68669
6521
54917
60953
96469
56533
7937
48413
58217
33083
37463
63499
46061
38177
54049
88661
28027
14251
31649
18731
93241
99907
1481
15391
75013
68543
74843
42437
57467
9829
50423
35107
37511
80111
37139
41467
51169
38707
31627
10753
31237
14731
41189
91867
72053
61343
15263
76079
84673
3253
67651
22447
35597
13627
293
72461
36833
81943
29137
64591
84137
11243
6359
15017
67493
8707
76819
37097
36587
46619
47741
2143
44971
82493
26687
29347
47981
70589
19301
56479
31019
90499
67129
54497
35069
31957
74771
36493
54679
29879
85087
38167
43201
52727
79423
17231
409
24877
61223
1571
59771
95869
94949
72379
13007
58631
38287
55603
40009
26183
64661
68633
55337
69193
65357
24413
13873
27299
15959
67537
36083
89759
9739
90403
40093
31177
21799
15319
35753
46507
89393
73013
83009
4831
48857
26591
72931
28403
62477
33409
76207
32467
14629
90007
83833
84467
34763
79861
57467
887
65687
96493
11171
38177
19469
1741
69859
42061
1697
78497
56417
22447
52951
85333
10987
80929
77167
96763
83423
89839
66617
94009
24421
9689
60961
18131
30517
44111
70289
58699
73757
28387
64997
87257
77863
87623
19157
8641
31013
52667
35923
19381
8849
75721
76673
92767
85087
55213
48847
65563
1087
92927
34183
5581
46687
16087
56783
26317
95383
74567
63809
93479
58937
66293
27767
81031
39679
27487
3391
30493
61961
30553
16691
20051
14011
34511
20359
2003
32077
88129
53891
4957
94109
29483
49597
47881
33851
32077
77641
6247
34939
64237
92593
89303
67987
74279
58579
83437
89413
27281
54347
17989
9413
45869
17489
557
81509
16553
50839
42751
92951
73951
91291
42641
67217
80429
59233
37087
7879
6967
77279
57149
36011
17851
49787
42437
35809
72469
52237
103
701
2477
82531
11897
10691
7207
19841
96907
6991
64969
17203
9013
47309
26783
28219
56671
19853
7159
35051
47407
7873
139
89387
52153
88001
39139
93307
10357
19913
28351
32839
12757
58901
88547
16349
87071
68053
7669
30059
37199
99469
94049
75401
62299
33769
20393
2549
15971
70919
40961
27103
51109
99929
71089
74929
15647
35353
28921
94207
49697
89759
94561
88093
64489
85513
94573
43961
88609
27527
34667
7027
53731
35963
70457
17443
99901
8669
20431
60521
463
33679
38677
50261
24317
56821
89101
37013
4523
24107
58403
53959
40123
34549
22157
80737
29989
78941
42737
58391
39847
56659
6869
88471
36749
53401
46103
10331
63103
76913
14557
55823
44453
1117
67901
48409
16649
70099
66509
27947
59209
2833
15667
8009
10627
55837
89399
36761
79493
46639
11131
1949
12203
4339
857
31181
9403
92699
63317
10061
16741
67943
36433
20731
61967
58511
5399
30949
997
69379
22277
14639
31583
6977
72139
10093
82129
88771
63353
63589
40507
443
821
1297
55487
71089
48131
59023
70573
95723
52387
11681
25657
52721
98939
33851
34231
44633
34297
97549
58771
74021
14747
46831
15227
98849
40897
64153
87959
5683
38447
24847
64567
62633
70951
82483
93131
9697
66173
54917
79433
9103
34253
53089
44389
66701
14747
41687
71551
15923
58963
277
90163
70079
49009
52237
38281
61981
97073
54083
6197
16657
50777
41959
50593
1291
55469
57859
88667
69497
9839
709
78179
58109
21863
29611
1831
38699
953
68819
94399
67801
74959
94819
1607
3169
20183
80677
32321
56453
81463
26813
32569
29059
73063
11971
97463
82847
17977
18121
18973
68443
5693
16067
94447
31469
62473
47417
38959
38921
65213
31721
91939
95731
613
27581
72101
13229
54323
84509
92399
45337
4261
93239
1523
89203
36749
20873
18013
56437
80677
13679
1453
80449
11887
72461
13159
56171
11057
1439
39671
25951
81283
8089
45853
96731
5503
41957
12959
67579
72937
14327
80611
11171
19697
593
92639
16417
97967
15641
16369
12763
83089
55807
14683
61261
37159
17971
23629
87337
84047
5801
50053
31769
7177
38153
63697
77743
60943
23339
62533
12497
9803
25471
87133
13723
18691
35531
23059
56501
22787
62099
42557
59693
67307
91571
22669
58567
26683
86183
48371
86981
18289
92899
75521
23671
42391
86117
90821
63703
11657
26261
53101
6949
53239
75329
59
92173
87133
98717
34313
42223
34253
27611
8363
23497
81163
47659
2969
51803
85517
6299
97577
22679
20507
57773
30091
5869
53359
33287
8111
34819
37997
21839
95003
31513
82463
38329
49811
66221
71171
42571
57973
36643
2221
70657
99989
5563
7757
41389
46499
19727
14969
34381
54251
43019
60041
50503
61909
68917
48487
81901
24851
45403
10391
11369
25163
59243
91961
79259
61613
58699
56009
63799
56999
28771
30259
44507
62773
63611
11351
11833
13469
56093
13093
12763
44491
52879
79907
74567
18427
84421
1493
38851
7079
47629
91129
43759
88801
32479
69739
52999
75853
72047
47797
36161
31391
12821
57503
1723
87491
38177
26627
70079
46589
31223
18397
21487
3187
95143
52127
70439
71261
46349
88069
51637
48781
7867
45491
98981
47969
57973
64951
26723
98129
73459
28433
62653
97861
9697
49891
76387
73331
15289
63781
8461
44549
32377
8111
83459
72901
51803
2423
93001
49853
62497
7759
72959
84793
99559
87833
78283
73061
30763
2081
18251
78307
41981
93097
23053
7039
44893
77713
78163
29327
28657
21859
92693
82421
96043
66383
4861
929
54403
15091
69119
80911
56383
74707
46523
57413
98459
91939
91249
13997
21059
1031
15877
85061
22699
95737
72869
54751
76819
44563
86843
38749
82067
82811
55439
15581
49639
64499
6947
49877
64499
98323
12983
36389
31123
2897
10781
40829
91019
27779
62939
2999
76667
37307
32189
36877
7151
94849
21391
56737
61909
2689
53699
81883
26681
71171
62047
87623
55333
8761
15427
89917
13679
83987
71789
40087
78707
33457
42043
9587
98323
99137
24077
15569
40597
55229
77747
28729
6451
17807
20117
95737
719
89959
13907
82129
59359
77339
94613
8933
37847
48593
64661
85009
27179
12251
32429
8693
46559
85523
30119
10667
79817
36943
32647
93151
80819
757
11777
28069
75017
92461
4139
26683
80347
11777
11383
29173
63737
10357
43987
4513
5309
5783
86857
58733
61223
3853
94273
13093
36787
92237
11317
50893
17891
53161
65599
39703
92177
16603
35591
20681
32713
92387
65609
35281
3677
91811
17881
19973
19963
72073
73351
25999
2861
28111
70949
1193
41953
98123
52999
57179
48197
21977
82549
99377
57899
15199
88819
52673
74903
17021
16903
74719
56857
51461
19489
733
74219
70793
17489
93701
80677
64577
18979
84719
38069
16943
28703
74821
39367
35051
4877
92251
22367
79907
45247
65699
65731
7307
47513
93739
63487
31177
56519
74287
60169
77591
22483
60167
83891
1583
16001
37799
89459
74167
75539
49261
76651
95747
41719
54601
74077
54133
439
75883
571
67699
29021
55333
20717
10771
25243
91297
93763
78041
31019
90947
6547
75211
1637
86837
56989
26717
8237
4507
15073
55411
94543
64333
42787
2903
17207
90217
46309
53551
4001
2789
11083
92077
86029
93637
35129
18191
13999
22271
77153
93097
36061
74567
41801
52973
5813
9127
3469
8243
51803
91823
61001
17929
64717
29123
49177
45613
94709
11923
19429
72533
99767
64007
4973
66089
46679
69877
20089
48647
97397
49681
71171
75269
36931
53309
60083
10937
9041
53087
50651
95261
61153
42331
52981
28687
17489
82759
54409
48781
53693
38459
31081
17807
65599
18617
58693
81839
80863
61837
84391
95873
70199
68699
79609
45587
12289
92467
30113
84179
3391
3137
97859
6971
71963
2069
44711
58189
75937
29867
42853
12799
6101
42187
72341
96149
61409
82223
77383
33811
66413
81769
8623
82939
72643
277
77279
9781
88997
76543
631
21649
95629
43789
22543
97157
41189
14423
19219
67961
70877
17509
2711
59369
74197
36251
70157
78479
2579
96167
67289
92489
19841
91577
78607
23087
40759
90071
54917
5657
82067
13229
31981
62869
97187
50587
76831
33289
3823
77797
82183
55663
14071
46889
81071
20389
41969
29473
34211
11969
36109
6037
76159
66383
26683
2
5261
3803
5839
19759
57737
55609
71479
81031
70687
17609
76259
42701
5839
28499
94559
81077
28307
76753
18743
78823
43063
49037
29221
13903
69341
13751
67489
87917
43717
43541
77591
89867
30911
38593
39671
20443
33623
87881
37783
14737
15749
6067
88241
84059
95287
78367
92627
33587
74531
59539
48869
58057
11093
78623
23767
2689
79901
16421
19069
95467
95021
31963
31469
63127
23593
23873
48437
3727
83689
66977
79433
25931
72251
60449
67699
20747
42737
75781
31307
26849
83221
75641
5011
58211
37889
353
49391
57349
78017
95539
41203
79367
97771
8581
77093
82361
97961
92317
76289
59999
92143
1009
65053
30803
70271
97609
19477
66713
54581
25409
12211
99391
68777
34679
40693
1489
5641
11777
9733
18713
10529
60139
9137
51871
77171
20327
84443
98909
31469
37361
68819
32251
89891
84977
10243
85903
54001
6317
69539
92489
96181
38201
51637
62861
33353
38273
86117
56599
87523
41897
53479
85931
2543
56813
73063
25943
62861
33937
75169
157
6011
13249
64067
7823
87589
16063
81749
48487
72367
56531
77999
81689
82793
55487
79841
52363
84523
96479
26339
61129
41183
36319
6547
16369
78839
9689
5581
53381
47533
63367
907
4259
18757
94793
88259
2797
13763
1553
84299
23201
88379
49843
34457
60737
8963
28547
84503
26339
55711
17713
71263
66697
96263
26861
88897
64661
4091
88591
75787
32261
62213
95107
16061
66109
83003
3137
29131
2333
103
71119
75109
77797
9041
79631
48823
78173
6079
73951
3187
2221
78163
92623
70709
39323
41113
14407
47681
35543
69491
28867
99989
27271
49391
69371
3499
8293
95191
12503
3571
26903
81703
39733
4877
84947
25243
74713
51137
75041
95239
62473
44939
84761
92507
54917
30763
71879
15137
66457
35089
69019
74717
57503
14731
39239
50441
52321
80513
31667
63709
41651
74611
56533
77689
353
61169
33203
63199
72251
73387
92233
68501
6067
73037
64717
75431
52081
23201
20921
71777
67477
96769
29599
87403
28921
241
82529
5087
8059
46307
46477
87253
83093
17471
10061
65183
47701
36559
76871
53267
5807
51871
90127
33773
94597
36529
6761
65629
33767
21937
32327
83873
19259
76943
5209
67723
88741
71527
79031
87739
1031
81421
34171
51683
58169
47743
54829
24421
70457
6011
13127
6151
43607
18229
97577
41131
63901
24329
38317
47309
6197
56999
12479
54919
18731
70249
80107
61637
21379
54917
40829
9199
19559
71471
94793
95327
92077
60733
64403
8941
71419
4073
27581
73361
37573
72497
13469
40093
21601
86477
84059
92893
6473
77471
68053
68023
91837
81883
41227
1973
1493
89849
2281
33359
577
5507
18593
84809
71941
44537
20857
19463
80611
31741
69877
33347
70549
95569
96017
58061
63179
91423
21269
6491
54979
63863
10903
23029
22381
50767
35257
67993
1753
48023
22871
68171
21893
46439
30817
34537
71387
31567
85831
32341
37853
60821
74959
9421
69623
16993
85523
3121
37171
27847
74731
7823
46049
34259
37783
1697
70979
27901
15443
90403
92753
21101
39409
3187
92941
26041
16829
6547
29851
5081
10427
19267
81611
28813
92227
16979
38287
87583
45139
421
48781
43499
35129
87643
88427
10501
35839
69203
66697
5407
71741
36583
61547
23209
4409
70667
18523
22783
45757
78569
2819
26903
47657
81077
74317
76379
81071
6863
21433
79427
19861
58543
58171
98297
49277
24091
193
91621
22447
68863
28099
39979
74099
79699
65101
58403
65519
55351
59747
9391
577
60337
38461
77611
85259
27031
87539
3929
64717
15901
33923
61547
51001
25013
4483
77893
27767
99349
63073
27689
10687
46703
31177
19069
3373
46301
61283
21061
21487
80611
75997
48533
57389
83341
647
39227
16139
9551
18269
14797
18637
33359
78137
46639
45641
63929
1031
43753
52259
54037
83443
34483
74821
22907
72647
82223
26731
95731
76679
83737
53861
16451
827
58661
88427
86011
51973
58243
14153
5233
87613
92789
76487
1789
36353
75011
4817
24329
49481
6067
25309
63589
91367
68539
5059
19913
93719
95713
28771
72671
4637
58763
1213
78497
29311
43399
65011
8719
98227
98849
91961
47339
43661
6131
40163
35449
23297
89533
45523
359
30097
36007
32119
41809
48413
57241
19697
73583
58481
659
36587
82813
7993
63317
16787
14341
44519
49547
79811
88681
51767
13553
1913
1129
75367
20717
3863
8803
28643
75527
32009
82559
457
66571
58771
39509
14423
18439
7
8831
13781
86353
34033
37361
90481
27551
91141
46457
46633
39563
70351
89041
52177
51613
76673
13397
67399
82939
54559
16831
56501
44623
50497
51257
79589
84649
40771
31517
92009
58687
12457
7669
86929
8783
31139
60133
61363
50593
75833
19181
69739
10589
75577
15461
15959
8597
24133
31817
65927
33851
14323
34499
33083
76303
28867
83663
18313
35729
91813
55589
25997
28097
54101
52813
95203
32533
75209
83591
46507
84437
94687
40709
21169
68749
7673
25609
66923
65129
90803
49117
57427
1063
96703
38953
81031
41141
26177
48757
11173
78163
81047
20287
43403
14867
37537
58687
13457
54101
12071
54979
6133
80681
47143
56099
79861
96797
1447
3221
72883
6389
90469
64489
73091
77249
99181
13711
98251
83437
96931
30467
39047
24281
139
23339
30593
40609
4289
27691
16787
49891
57991
59539
17957
95911
44711
25261
69259
98887
63179
84053
28619
9293
40847
26839
30293
50321
49639
33119
72073
51769
67567
86171
37087
62827
35801
39667
10369
28279
98101
64223
94847
39041
64919
137
32569
12451
60091
84631
68399
20507
10601
57803
27961
18553
67139
45841
3967
12637
92867
93097
18049
11743
75223
24809
62633
21773
12011
8117
75689
83273
26209
77191
88169
78791
3083
92219
73477
42043
80021
45863
8237
24943
53149
47653
84317
5119
78121
29483
21023
28949
92959
4003
41413
45953
401
26893
93983
17443
34841
62323
64553
54779
34297
17791
2791
18899
51361
48907
1601
68501
25561
22817
2029
11117
58313
48679
89273
73553
22349
74933
19333
82571
89633
81157
39163
94847
76001
52249
21757
4871
80287
21799
44789
4999
18089
16937
26399
19477
13241
90887
743
22171
64579
75181
52813
70373
14389
65063
20161
1373
44201
23581
5897
26423
7027
47017
66463
55589
42953
8017
50111
27779
93407
75239
89533
6679
57571
26597
81901
58337
60077
45949
9161
97373
32237
87299
84811
77659
81973
74933
26171
47137
71867
33073
98479
55793
1783
15671
21107
73693
19309
71399
6143
44971
48647
52021
59797
18913
73757
14369
6043
3301
29569
49481
39209
1087
84871
53
45233
49121
38933
98347
17183
32707
35461
39217
2273
80627
31873
17207
54269
2339
181
23869
1427
58271
52313
41887
79823
353
84503
45673
359
54617
55639
8377
19447
30223
16369
97127
39937
42509
90437
32341
19993
63079
3329
27487
40093
77731
19087
593
809
18443
85411
97847
54877
63337
65327
93871
73309
92791
69263
64499
70139
38707
58363
44959
71549
4621
19163
69677
49009
25589
39841
84961
16693
38393
14437
26737
15083
52813
53149
75437
88591
65413
53047
29173
92657
99347
54419
74929
31531
40283
29437
35221
25373
70937
31307
93851
76387
94847
76519
79847
22003
20921
26947
97843
88657
70241
79841
40597
91909
63277
36979
19417
55399
72103
29399
31531
16937
9769
61141
31981
35281
17623
27583
18353
9941
68447
46663
57901
39241
36067
10891
62141
63901
41903
91411
33563
223
98323
93557
1789
65839
78649
41467
69481
47599
59473
17681
6143
72871
15077
3
65731
51829
18047
51973
29473
98993
6967
40933
1831
17807
25889
45553
50291
31657
79801
12547
31723
29383
3407
95429
73823
59729
90439
8573
82279
55967
65267
12893
67153
41243
58679
81667
56941
14153
389
75731
79697
26893
31391
68329
21157
95287
94379
2039
23761
65179
51349
12401
55343
82129
55079
57709
227
27773
35951
88289
40507
11807
51593
53609
24851
47111
94709
80671
59369
88463
61141
64399
27751
73189
66797
359
6301
38611
10589
92791
8803
21757
91297
49727
94351
18797
68543
35099
60811
95393
52529
36383
45827
91283
77681
86077
92413
92627
94573
26953
46853
17471
58393
60889
24919
89597
81199
69899
68903
86011
2053
94649
9829
62939
62723
55621
78941
19237
17669
14591
74779
5981
84421
48413
5657
52249
50587
5653
94153
28723
38569
26641
2141
58661
26309
64187
51787
58789
23909
59723
63857
52727
19121
13337
50647
27059
87481
2281
10009
55219
43867
57389
5399
93481
44017
4987
79903
57637
2269
94033
38201
91193
3793
22343
9133
51679
48247
37549
69109
44959
66733
36067
73673
55931
77447
70769
2683
92369
76961
12953
1699
53549
35759
22123
5701
33619
76597
86729
77983
64621
58427
49207
4903
34253
6607
11443
36293
94099
25457
69431
12541
4283
93383
64513
94541
13337
1061
32579
59921
92369
64451
39847
42689
18131
74293
21737
99559
467
2753
28181
52369
56209
47657
49711
78163
64667
38891
12781
73237
29153
90641
68449
11059
44089
59539
82241
67043
99793
85703
18719
53551
41809
85817
5279
34141
43867
39163
71237
66821
37493
45007
25367
2423
85669
44939
63199
1697
83203
11393
8069
57943
66553
63149
42337
4567
74821
16217
60773
1039
39863
82153
6143
78193
31379
56369
73819
23339
97373
55717
79063
9371
69263
74203
37889
12577
84533
85837
58153
67891
51329
95789
71059
74411
67181
51329
12263
37799
26041
3671
69491
29501
94111
36821
1499
7727
72481
14489
48781
7703
15349
67829
82067
94823
18503
6043
36677
50287
18121
57773
91951
89051
86357
81463
74161
20887
77081
67033
29423
5651
91229
28843
263
73757
43457
23911
8923
3593
92821
587
49991
43003
39733
52903
82487
25309
7927
71899
62549
45779
2633
7547
56893
36713
38803
53171
87943
95929
89213
40867
41969
2393
11393
43969
35051
47417
69143
18911
38261
69011
82487
35593
85661
49339
1543
67601
37993
67411
35591
11699
70853
26251
36389
49177
61223
911
54623
58109
82351
20051
17573
82787
52177
62467
61441
30223
53849
76423
43201
82279
22367
35363
94777
90977
47059
42767
95581
50587
1667
32341
82007
9397
24859
19571
64633
21841
86257
45863
38047
32063
32143
70201
57389
57751
91387
16763
72643
43291
82141
29333
48541
50329
1567
34763
56767
27901
65993
54121
35027
35069
8971
70111
25561
57349
21121
23539
61871
61961
27997
1889
57221
27191
22349
33577
84731
72647
17539
2557
29629
34381
3089
63601
2777
31177
19531
3677
89237
14431
80207
33409
72481
65519
37003
18181
31481
75431
44179
80153
56489
94873
39971
45853
89533
59209
21023
35729
14813
55819
7727
90863
56299
3931
41047
9601
48871
65323
26209
63073
35593
48731
90403
13597
65419
48731
75217
607
613
37663
57139
13099
92899
23057
92051
9293
21961
89603
76493
81817
95737
8887
68447
26723
16111
62659
13859
96281
81737
50261
68683
48649
96199
4337
89213
25763
5557
69677
61493
85607
4643
48383
71437
89989
99371
48809
25349
1999
27617
9629
60611
70823
56099
14407
54193
61129
65831
5197
99761
98731
14293
25931
11593
47629
41507
93559
27631
3911
27893
61927
34841
32803
68819
42299
7349
12457
95429
56149
71807
4933
81041
93199
27647
11689
62987
71671
29303
58243
12073
79133
58049
49121
13997
46439
97187
46817
36161
99877
16729
55921
51461
18593
95737
20681
94201
24799
45667
18773
94603
10141
92681
9949
87523
43541
72497
30517
71161
8779
56659
60763
12743
50549
17939
99761
56629
60443
7283
63313
78277
44129
6779
1889
73561
77509
27239
39133
27763
12149
67943
59239
74257
53269
14827
10639
3467
87383
97861
15053
61057
21557
22271
4643
23831
83093
46499
80783
2137
91127
33617
27917
1993
64891
91781
65629
76541
26177
69653
7993
26111
58073
26597
30223
59387
34603
35267
82913
51539
3571
9643
48989
70067
63317
99733
47207
70423
2663
97169
23893
3539
68501
79861
39373
39563
49451
70157
63317
20113
69473
96401
463
79423
51679
34483
49333
48647
83137
94291
67699
53639
17957
39103
85667
72613
52289
47699
15647
41771
42451
52967
39667
91387
60103
38767
48953
9719
69779
99877
14929
65707
61291
33629
16141
63853
42461
54037
25447
82781
56597
2441
57737
49891
68443
94151
68611
19927
32303
95507
6199
55799
15661
96013
37573
30971
34679
17207
42923
9391
81457
85091
14303
87149
6101
5743
18439
99191
99131
48193
69239
5861
181
60167
97927
27143
59957
47629
6287
23857
4657
47977
95989
78857
88993
64019
26777
5711
77291
49367
85201
40597
78487
17573
95219
47501
20129
49081
12401
63337
2999
60317
28283
30697
27919
31393
71119
79889
30977
89519
50333
30089
17383
91811
99397
8861
13553
69389
7417
75161
27329
92581
53327
19801
17341
36161
38047
96233
2707
73433
66863
55103
379
73547
44159
98641
45259
90659
70981
31271
94253
28279
27427
69463
83983
21557
19219
27529
44657
63671
55711
78857
8779
8713
74531
6323
80849
85621
16811
93607
61381
30161
49939
2633
99119
49783
30881
80107
56099
3803
45697
5659
45959
54443
84143
67139
14159
95987
2837
57467
55439
12853
48131
74761
72907
62473
62273
9689
14251
5081
25847
56503
64849
98321
35099
1609
82487
20357
10729
54767
62597
51971
16267
21397
6581
5569
95621
31729
81043
23473
66361
48479
96469
76631
24571
15749
92387
30763
10753
21569
19489
23041
37813
48449
7549
28711
51977
76991
68239
21341
8467
88607
59407
8647
82619
76913
3373
74509
12911
49597
92717
39799
35081
13441
97829
74717
26849
81197
52127
13009
17333
90247
4759
81083
38603
79889
93383
8461
54583
82591
69809
74219
27941
35053
17393
77101
24043
2467
21157
72367
75391
277
58109
3229
25183
94151
75707
6869
24623
56663
76597
12739
51899
16301
94169
9907
54401
80687
26251
41911
51131
21893
66529
86677
73133
49103
51283
86029
16673
19973
64333
67307
63737
46747
16903
46817
67003
58897
7583
82241
30313
43003
84967
42697
11317
65423
69737
26393
31153
72089
2549
74779
58147
86689
98663
35869
69143
233
86161
21011
29123
94427
25111
87559
96497
60149
6581
47501
95063
91781
1021
77731
67933
90599
23929
19717
11489
67757
1279
31121
56473
15377
6967
14771
98837
72053
8831
78539
92203
78713
66463
84653
58309
23687
34819
29311
77347
63727
91009
6203
82913
21841
13159
24071
53923
86113
39371
3767
89009
58921
13913
28547
30431
12967
6029
36739
30941
76673
90901
11699
101
2297
78857
85247
86627
26203
65119
967
27481
52627
14149
39821
18121
82529
35573
17729
12659
11621
89153
25243
6037
44843
75037
61613
51539
58313
93887
24527
86017
79111
97429
58189
32869
99989
31489
1627
42743
74507
57713
43003
47837
22807
97841
40699
307
1171
1297
74873
95929
52859
60077
98101
84431
14537
81853
31237
73421
62003
23981
13687
89959
2477
71191
12841
50147
21149
83477
11
6689
10723
87671
5059
31253
76771
3989
30557
90793
60611
56591
95527
12211
21701
401
2647
16057
49169
71479
55171
55541
28289
50909
98081
92357
8293
85669
11471
28057
9377
2957
17747
30977
36277
51679
16633
523
1303
47317
3229
54869
89819
57791
18043
70003
94399
48463
74219
13781
75389
40213
41519
24179
67411
14887
41911
46723
75707
331
49201
69109
90511
69431
71429
3677
83063
72859
20897
18869
14173
26861
87317
97649
79151
44111
88811
91621
34183
52517
90533
97841
77719
5309
94949
56431
68281
2131
35951
1319
51971
28643
65551
60793
7547
28517
85243
76667
15803
54751
72493
13877
5431
79757
49369
1987
19777
69737
21767
62563
84809
22247
15377
84631
81101
46751
66809
74441
27823
28817
89567
18289
41999
18803
641
42169
52249
87251
79691
89561
47417
72679
91757
6637
52583
22171
99523
26107
35863
37781
56443
53923
40693
1117
7603
30071
57991
79031
36721
92993
59567
40387
23197
31723
26921
44617
64081
36901
59021
9817
24971
24763
17239
88853
22651
26701
1423
96181
50377
89567
67987
22769
90847
8287
36097
62761
59729
32531
74017
17761
9049
51407
63241
40867
39971
59159
14543
4027
80911
89659
99131
98627
3119
7517
27823
63697
3257
2677
67429
34607
69263
25307
53197
36161
25033
57787
98081
31277
15391
26293
75731
87691
9689
94811
72287
36251
48193
7753
13831
44537
99103
71161
66751
7753
1423
63719
29587
28513
98807
29411
91309
28687
40813
85597
57793
88379
63103
82981
8059
25219
77383
28657
63907
97613
87083
38959
31267
73783
18133
85313
52967
89759
3863
75167
569
34781
42683
89917
56443
53951
77893
74923
8297
25057
1607
61667
22259
71347
71663
30649
25391
22811
21613
3041
19543
5737
95911
50753
75533
2243
42359
19853
43
63577
4793
56311
4481
84017
45413
71879
45827
9161
72277
24767
14303
68147
39569
62723
71551
15809
28219
96661
77191
75931
13591
59561
54319
38327
57331
52387
40577
44789
80449
62701
65407
36571
5849
47543
33863
71887
54409
39937
7607
46507
82963
28817
83459
42359
89689
87911
85733
15349
83477
13421
62401
98321
73387
47059
73783
10499
47147
87151
16529
32789
40009
8783
95327
89227
71443
44651
14891
95419
23447
65587
30047
23003
67943
82393
32993
49999
56813
9491
54347
27583
82471
81799
92119
26927
88379
96823
80209
56311
77383
9551
17987
3671
76493
89671
8951
86293
88793
38749
79609
34631
7561
93893
28109
95531
36781
77513
74687
40933
59441
53189
3779
65981
51577
10631
95071
49103
71327
35879
81283
41603
57689
16741
877
97039
66137
68219
63199
88771
67931
62827
62017
30223
58207
62539
70619
46477
82811
66739
57751
34747
22963
2671
52067
20873
61469
38459
78437
77291
97787
33023
19031
84179
44159
67477
10039
23327
86467
30593
60601
75533
80329
48649
22397
61861
98663
86389
52889
20719
43607
66221
1009
37049
63311
70583
93971
37547
36913
72091
77863
58603
54563
8647
33623
60373
53503
68099
48571
20707
55711
82153
48259
37223
90187
19237
29387
52517
17471
69379
60689
24953
90659
27043
32797
20807
94099
6287
22111
44269
11593
421
71143
60869
67247
48571
35461
78571
49711
47533
2503
8839
37649
76441
54469
61493
68071
64871
15809
34211
87701
79229
12007
50363
10321
55603
199
80447
69463
58441
89599
68059
82013
51349
53759
1879
48733
58991
47407
99563
84467
98899
62191
84163
49787
81799
4567
53591
33349
54727
48497
91873
77521
17471
95071
72871
9343
88951
22481
28409
43793
95143
37573
15649
90247
88007
74203
12239
48871
10099
20063
8543
48947
21673
65831
86249
69827
46279
3037
71329
87337
34301
37897
69317
38783
20327
29327
10651
75659
53407
45433
13567
93263
12101
33889
13877
42179
34679
11959
15473
20771
2383
7213
87557
44959
60029
98479
42863
41341
92567
10331
68669
62003
67343
70501
69313
65993
78059
71039
89
71389
89513
9547
85121
2383
98429
69073
74729
10987
26189
28949
79841
30137
22111
11197
28447
1637
43891
69379
83903
54539
80141
42499
12941
15427
45869
86341
93979
1801
25229
67961
2239
32327
87767
76249
23321
55333
24821
99623
17293
18143
74573
73867
78173
66841
66169
263
60107
78259
73529
92927
85037
6961
27457
773
82153
53419
62731
54377
63397
70201
56393
17597
95089
97649
46549
21419
47659
21893
4391
12211
37463
50101
94613
68743
15817
14419
12601
4943
96851
36821
77291
25657
73673
64439
18341
22901
90071
39163
9463
60617
35797
78853
62897
7933
62501
18919
27773
60737
99881
19699
78233
98597
2309
70589
83873
68489
38317
79181
73039
9349
6269
41149
72617
65519
1553
71287
82129
28843
99719
36307
27827
71789
20641
8803
2027
17419
92699
61129
63823
58147
4639
68449
17581
46727
80917
11113
81973
85201
43987
25933
15299
84559
45979
17123
50033
73673
19141
12239
85451
96331
9293
67867
54091
92317
68279
17807
70429
20063
77647
94421
12281
5923
14753
27767
32029
29131
87881
7591
17383
69127
74653
4679
46049
10639
3671
7027
43451
86287
95923
87407
46727
19853
81233
92041
90197
26339
50153
30223
75821
66169
4931
59351
46091
36467
94379
57859
23831
68767
87541
937
57773
33037
31
45389
62539
8219
19073
94079
2617
23369
49339
443
52859
13339
38839
35311
5273
27943
17551
68351
28393
34061
72719
90971
16567
27299
10253
93703
84629
3631
74779
81817
26407
40849
59467
11117
38371
73849
96451
16111
21521
5449
4127
32789
22277
30871
97943
85049
73571
30203
60317
59611
55127
81701
97609
69239
4049
64817
91873
75781
67231
83449
9311
67967
60659
10369
72169
20563
62171
65419
60923
39719
86477
54323
60169
3313
66239
48239
29339
63853
90371
80147
77543
51977
61843
82493
79531
32869
84673
94441
25153
95467
60103
56299
74231
40709
55411
60337
79111
66403
4447
93629
94573
36013
28933
88499
67489
66089
54293
23677
44771
76481
89083
10111
33937
74413
6007
13697
35729
2777
46171
15269
73847
47881
76471
45979
19891
94427
57829
88607
91243
16381
87671
2927
72173
15307
31277
43283
25693
25801
49499
47417
7027
49261
64189
83921
49757
97369
99257
8293
78259
40939
32909
15791
75079
98011
28759
12791
10531
77731
88321
1097
71593
25219
20113
2729
94541
9011
86017
23581
59
27191
26699
27551
86627
51563
89983
64327
54083
1427
76543
37243
70009
30763
56489
76667
22727
41519
76163
6691
3
37537
88789
24251
2411
55823
51521
94781
65203
33487
41149
19597
16691
32939
42467
84481
89963
99053
40709
80173
57149
46573
93097
79829
83983
28411
64171
10733
46027
72169
90527
72973
63499
35081
92789
73361
82559
69661
95783
16127
64969
90481
76543
40883
4211
76463
65981
42409
73823
80833
929
36529
76471
25847
90401
34981
61153
46091
52711
78367
46229
74149
56767
89963
50989
41849
97549
72091
30809
93323
67853
48079
87793
7883
8761
50023
48781
70663
86767
92993
68899
13883
37691
56543
82883
4091
82763
24061
68699
97423
57073
43801
11621
95723
9011
32957
47741
44189
37847
55259
181
25447
98327
92789
86201
16231
6121
18671
55103
39887
78173
40429
90001
45887
43961
12713
45481
79393
21277
68743
66029
91129
26993
3253
84191
14779
59207
3307
98459
9043
83563
75511
66809
58567
73883
73121
24179
16921
25603
15149
8669
5857
67829
3499
96557
22709
17551
35839
71849
1999
17579
11213
32059
30139
73291
82757
98779
34261
44383
15803
76579
45569
68111
25601
95419
9203
39541
42557
84503
32029
71719
98927
55049
96911
257
45959
36017
74287
5927
52861
13907
37529
64577
55933
65699
28123
6199
68539
45191
56951
54037
11471
34429
64327
78157
40499
9283
69317
42839
18329
479
16633
15583
77587
3121
4397
47251
36037
62869
85369
58451
5167
1307
49157
65551
99409
76157
29473
57131
77641
76961
25577
14947
77029
15643
2927
95783
26597
79817
77069
1931
74131
1039
41491
82469
47363
87877
11213
71707
53819
81703
26863
26839
59659
23327
32707
37861
16411
4729
83911
64891
66889
56891
6317
26947
8969
72073
69929
18523
78893
69143
21313
62873
54851
32341
69997
79901
63029
22247
95957
53569
83257
46441
11701
31727
76603
21323
52817
11047
84319
45979
22679
72089
19913
1933
92993
7681
58537
59281
73
58889
5737
67043
32653
76493
12569
72173
74201
7489
67421
2897
74099
87071
8243
1889
99709
36389
70121
66851
76463
7307
48409
84701
18773
48187
16927
44293
76733
91081
26729
11807
70657
44267
66877
14347
44269
76283
76103
27329
9091
20507
43577
14561
29587
34849
10739
62563
58243
87911
78791
61331
3433
98627
67759
86011
19697
45697
34337
11779
31643
93281
8627
79357
58913
36217
12653
31253
70949
87853
67477
65497
7603
70181
53453
26431
30971
82963
69467
4937
22853
75991
48163
46559
44267
65677
81023
78893
3019
9689
66373
38039
19559
39569
16889
52457
28319
70297
51839
68947
46691
86353
53881
27367
34961
90439
83617
5039
34183
94307
19597
29101
95419
38219
23279
47981
66569
269
40939
56087
32491
57917
11821
64439
38971
24547
29207
85781
68947
91453
60943
90599
79133
30113
94823
4567
8081
16889
13163
96259
99469
66041
84713
65129
13679
94819
43487
69457
77977
68483
38833
82757
98963
51631
50053
92003
85903
60107
1951
79337
30269
281
59567
24421
47491
99259
51521
72859
11777
86561
50123
79139
29761
47251
96893
81883
63649
27067
42283
92569
29437
28297
39293
74471
5557
10589
23887
45751
26119
29021
56207
49523
1039
78691
20719
31849
83617
93887
41777
42349
45667
42643
58909
51913
52363
28573
56239
42391
81293
51047
34703
81869
24971
90901
53639
4339
8369
95597
64579
76801
5531
86923
8963
92143
95317
7019
22777
33647
41593
22543
93287
80329
19681
71963
75797
16937
84179
12547
32719
32401
69677
63067
85303
56891
42197
83653
51487
53927
3911
66377
14009
20333
8233
52807
20533
42767
12203
41017
67699
1453
93257
11353
15671
31319
84457
89917
33119
23813
44741
2153
4651
71453
78901
89783
35323
35591
87641
22369
70079
31963
20269
28871
80819
37987
40849
56891
36269
28649
86029
10243
66337
60631
53419
93683
78517
38993
37159
41299
81727
98689
10711
3659
81197
67139
80141
71333
22699
39983
43189
26083
30983
3037
35437
89153
82163
26681
37253
20507
5783
80207
41513
30931
92699
92489
68669
22397
70639
1571
77081
86783
85081
27823
68539
29411
21163
77069
86477
14293
88397
26203
18959
62057
43003
10433
59333
21557
39503
73681
97987
6571
25471
13007
89633
47521
34981
56359
3019
85999
28661
72173
69941
60953
63781
24317
49681
65539
28463
30643
29327
88007
59063
99667
74357
233
25031
14537
48733
55147
80369
9343
27197
13009
29683
34501
56501
38977
18461
56857
91097
63463
98561
36319
4049
457
88741
65831
9437
33601
75289
82963
74729
74311
47951
42331
22447
17053
29423
5417
163
67427
32621
43787
60727
69877
46181
65183
2677
40697
80537
62297
94789
27893
47797
65899
33403
78167
82813
76757
68597
68597
18481
6089
39043
73961
98377
7027
31727
1559
86197
42209
18451
22307
3917
40153
19709
41233
18341
613
57881
72019
73699
35171
55373
75869
19001
96017
49201
5099
48889
18191
36779
86453
27737
63799
80273
88499
14653
59281
63799
53569
85109
70379
23633
4663
78259
74293
65071
82393
24977
95617
20359
90647
65677
43291
78607
80489
41143
21601
49697
33199
58369
36919
66569
4789
45863
29917
68261
57649
34351
50177
21649
50207
58151
95549
5393
63347
83233
17383
35969
1409
84859
53267
53299
93131
87403
8369
35149
4691
13291
46301
80251
80111
77813
48871
25561
34631
60223
57667
18289
64091
54979
91127
6827
68699
51241
21139
47819
60427
25453
69143
52237
85691
72613
94903
26879
37243
30391
8929
57089
27253
88223
44129
50549
40429
60679
7541
7219
83873
17921
23159
5903
11083
79627
44687
23719
54851
21851
23623
34457
32719
7841
48619
75227
45949
45197
70901
94343
93553
90917
16249
14797
1879
34487
38917
9677
98981
41263
60449
16339
25639
52783
82141
55997
72211
26423
47911
89897
45247
87083
30103
24967
14323
89137
27967
35771
4021
15233
1861
26849
60943
17657
49711
63397
98297
52813
97463
66587
88463
42611
20431
97
54059
64303
22303
18593
52177
43651
93949
39839
27397
971
87251
39161
34457
90373
14519
13151
89923
91099
31627
86689
64621
3947
74623
50651
98057
193
22993
2351
8719
89363
4889
93497
91369
7211
35509
99391
74381
619
34261
66889
73331
23993
70841
41479
76651
81331
45823
83813
29587
84631
51599
34673
77069
60271
54919
60611
58631
53173
45179
28879
26237
97883
5449
77351
9283
17491
647
32051
9137
75437
71987
82813
29429
58613
90371
50503
1361
77647
44971
5689
18451
49957
35977
98519
1871
53759
50077
35801
25873
68491
10273
23719
65257
12413
24659
1231
49031
17497
40819
77419
27617
59207
28513
14029
41479
21031
53087
92507
2729
44273
50053
70061
16069
45497
80669
75571
85199
68447
34679
37691
89
7477
71167
31181
9463
63857
98867
42859
75533
31541
51539
91969
61927
84859
17609
24527
61099
43943
167
3581
24733
77659
55331
74363
37463
15349
23801
77849
71933
53899
62851
67043
58417
2411
55681
61961
27239
11549
1549
42043
98129
52291
17807
68699
33247
7529
5827
59863
44543
71647
88327
24421
68531
42467
89689
82609
36473
53239
51517
72227
61417
94253
8011
1297
35897
97973
29443
34759
83663
54101
38459
95071
7297
67993
2131
24407
76091
59651
88903
74623
68141
95231
67349
59149
21391
50971
47059
67993
22279
46171
49121
35099
72949
77801
4337
42373
77167
60457
83407
38119
45971
19759
211
62299
33757
43397
59753
23827
11273
40123
8831
35363
37277
829
32411
73721
33487
36691
69779
49801
87691
74167
15061
33191
93427
90263
30493
22901
53299
47059
93113
31393
36697
35437
77557
88547
64217
16339
4007
42071
14969
79687
82217
17497
58481
93329
39409
38281
1097
73613
62423
431
6421
42013
19301
743
20233
36389
1117
66629
25117
20347
82373
44699
46471
37087
33359
93463
92863
37571
76543
74761
19211
65287
15121
14327
49207
61007
52571
86693
52691
27689
11497
87943
95959
98669
3259
92459
30029
17029
59447
42193
15263
97943
20393
1667
21673
2239
10781
5333
92419
91867
82813
77237
85487
2887
24623
90703
94999
58537
39461
32099
51973
57301
49627
31957
74357
11953
76873
78649
30677
30059
61643
80657
40193
45763
91253
48677
37361
40853
12041
69401
34283
75541
4139
33191
34819
99709
9547
13327
23623
69341
30869
49939
44203
77471
88811
52051
86843
94057
8429
9533
42181
8741
883
42557
41213
88379
7577
73243
57709
81343
48787
59417
91381
58699
58271
21737
94529
37657
67631
1439
76561
8963
52183
24923
72883
53093
83459
81547
17827
13751
9781
6317
281
2003
33587
17489
87517
82903
37993
36671
45557
78017
98129
74527
32213
46867
37997
47237
8117
94747
81667
35933
90163
13633
30449
2
15809
51109
353
26633
48179
6761
30139
85027
6299
86197
95413
63709
2549
63499
87121
33461
67523
91811
99377
33829
99563
68087
6277
2207
37357
8009
86629
27799
38803
57269
8933
76091
64663
29147
17027
55469
20509
5519
2689
50969
12527
92311
78697
53857
42841
14057
43717
20543
96431
47287
10559
86693
76781
25801
71011
1553
90599
16301
51329
13001
37021
25321
19997
2357
98809
78839
92941
81343
64969
84509
98641
54377
68473
21019
37489
85711
379
3457
3637
64037
81509
61379
41611
41077
28961
90989
83431
99431
44777
47237
22189
55009
87869
17609
89153
98257
37339
3511
45523
24379
74201
64399
9403
54101
32911
43943
94291
79063
47137
71537
22669
90239
22111
77641
48647
17099
62929
93901
79867
83417
66643
51551
19889
8783
35969
31567
60649
23689
80897
54877
30893
8527
94427
75269
33931
81551
44711
91373
12889
38557
26647
37273
49843
74489
29033
17713
34651
86171
35597
60773
57373
86813
19463
42193
11681
91193
69119
66071
68239
57347
30643
57329
44041
72727
36299
57943
51941
92567
40759
70891
18269
82571
6863
75169
18379
48337
38333
40759
78893
78707
7919
78367
12907
52223
54601
74699
76913
46723
61357
33203
68239
74489
85147
18341
56857
10657
39043
31883
40387
94201
32779
3299
10163
43517
73013
2339
21401
32203
95219
41953
42017
69239
76303
62701
83561
1373
94777
11057
82051
63419
71413
42797
30671
45821
67489
38903
433
20981
30781
659
61099
20327
35617
78781
27763
97171
29
60659
2797
61949
73673
35159
88883
4957
32191
86573
11489
59659
81157
84509
83449
17977
44987
43943
2851
26161
50147
61667
70583
1123
79841
3203
10321
16421
76777
90679
12821
72649
65563
28429
16883
21319
70921
65563
16103
1129
50741
50581
37493
85201
70237
41183
69463
59357
26839
20341
12101
66863
23563
40093
96043
25913
46867
39709
99577
45599
6521
53233
6073
17519
5209
31139
98011
26249
56393
79537
23099
52691
45989
91811
16981
73607
22877
33647
67103
96479
42709
76231
31019
7853
67427
19181
34033
56659
30763
61673
20903
74071
36637
94049
10139
5569
16889
55259
75683
36931
55711
9497
42337
89867
91807
85049
37957
81563
12143
42821
90931
16231
11903
16127
40973
22433
54521
8209
10357
1621
75277
15607
40813
52541
9293
58579
63841
5237
80599
31321
85429
67261
29339
56671
46727
85469
99577
61151
89083
31729
78919
87587
29959
87427
82729
3761
8081
24631
72379
11941
4079
6763
1861
1481
32057
39877
30851
21163
31531
12659
75041
69061
36469
2689
32497
2677
55243
26783
42013
99709
1831
22067
44519
47417
45589
99877
7039
85091
28549
60901
52883
87443
109
14323
51839
88897
61933
17749
94789
8627
87739
93523
14533
91411
6827
70067
21221
46279
71849
89317
17791
23801
57047
26597
55721
97967
50593
95581
24443
98867
81919
53437
90163
66403
61253
15559
89767
17189
29599
86573
40583
32479
12347
74611
24281
21019
61441
8839
15413
40867
11437
13397
18913
50627
25013
66413
9293
76261
59863
2213
87931
59621
61553
2713
76001
2111
13829
93103
15101
68087
20147
14029
14669
19753
28547
67783
41999
24631
59957
38861
24989
59369
63281
44273
24671
72923
42829
22073
44273
20693
65393
77563
68437
55903
48673
4789
27943
83269
36479
47653
16763
69403
62969
389
47981
4549
32687
70271
17137
82799
21487
28069
63311
99191
83443
96079
17957
90617
5669
20747
35593
1409
62483
16477
19979
33703
40867
88079
75793
29389
18973
97613
71713
60607
70489
71317
68891
12347
90227
32077
33547
20983
59651
19841
28477
59359
77527
19801
49807
1697
89689
85193
54563
36097
99721
5693
53611
58369
42359
45613
26921
22679
81457
80447
52379
90107
37357
5839
25171
5471
92177
73369
2593
52733
5897
3911
39937
443
88843
63409
61027
59447
77699
24373
13691
29411
8819
25349
42457
72223
17291
74551
76441
7547
66629
98927
71081
44087
6491
95287
82037
23197
39983
91397
10639
93923
88427
62851
49681
29483
90641
26189
85991
86689
13411
55667
46639
20771
72497
56821
46751
48449
43159
16481
11923
38603
96763
76403
99793
12653
84391
74177
571
6469
97871
51217
75169
49261
48563
24049
93629
39607
98257
3709
83621
739
42397
80611
37097
43037
23581
62563
7369
36457
1709
42533
63977
10321
79601
83969
4751
51551
75793
69067
61333
15377
5927
79757
52009
5231
91141
79379
24533
64513
11789
8861
27767
52103
9209
20393
18959
15511
69899
66107
29303
84389
63929
60343
87943
25189
16103
55661
41221
61409
63377
87223
32189
3137
88843
20249
59971
14519
41179
6733
46061
58909
71549
42437
16553
96233
70481
86243
28687
12799
69697
56369
78901
18959
65809
79967
92173
29437
33641
62273
95791
32089
1129
44249
59333
9203
11261
40543
54679
44893
59443
87557
27367
20089
45659
63103
29063
73939
4337
38567
55603
95317
38671
28879
90583
87589
24671
49193
87187
42433
67481
94513
89003
12823
4493
1699
9227
37493
61339
56921
10939
56209
18461
17033
77689
13841
71411
80611
91423
32119
4621
15887
51341
24767
63719
34963
37253
2663
65777
1361
49429
79823
81101
1489
40031
36131
42017
69149
35317
41183
17341
28123
23633
797
97927
72719
92177
30367
56501
51691
33797
47269
22157
11213
23143
56941
18523
63863
34703
17107
12421
39023
35731
49253
56713
25471
21701
7487
51461
85619
30211
55217
9227
59419
50077
49529
15647
39157
15749
83843
19073
97973
53857
9281
87557
76147
51503
16763
51071
26227
15641
51517
43201
98453
45247
68947
18077
46747
41521
38569
71453
85793
33223
31379
1201
44179
32611
1181
71059
7129
93047
51257
54361
95153
57059
68687
17093
26237
99119
5851
96697
56597
80407
23029
63059
7477
6101
11959
38449
76207
46133
90437
4493
84299
14813
38543
20183
22709
82813
52223
8629
64891
60037
92683
19213
62617
92377
8741
16883
57853
53819
39293
14489
96199
88523
14723
36599
56701
95461
56591
34603
98387
90469
48767
39619
79537
15493
85237
72379
2657
16139
94109
40699
78203
22621
71473
60937
34687
73897
51691
29123
2347
49069
32423
84463
3169
17359
89627
46327
53419
35353
51487
74507
62189
42083
35569
99191
94273
38321
9539
277
51913
97007
18461
65323
4049
70921
21737
5077
53939
28729
97073
75707
14747
97771
86111
81817
53719
17099
94399
54941
86861
37529
73547
40591
91499
77029
92107
58889
53551
82891
81157
68521
63857
31267
69677
23117
14143
33151
44519
52673
76243
89153
16759
76919
57977
83341
38747
96059
34019
28549
59663
1193
52709
22697
24391
63467
63703
34763
92077
40813
16529
48049
787
95707
72503
11093
25373
92377
94049
5023
35671
54469
49033
45259
32839
92623
56377
48883
6113
99251
95101
12641
64579
6091
23333
67493
89519
29873
4751
65867
86743
14533
94777
89899
9049
11483
40853
91253
59743
96931
51473
23143
79087
12923
60923
11503
37369
27067
96671
80329
80567
19219
6131
14983
67537
8329
11497
3821
90659
93047
73363
30689
57503
20807
96079
46681
16547
53407
92641
2029
8429
65581
99079
98317
59197
74923
59473
22787
353
13487
7237
72503
43487
40709
70657
59797
5333
17231
27067
24611
18169
58699
30449
44491
68791
75629
8861
59747
52103
86011
99523
27631
68071
45677
50647
76303
29179
58237
84811
27481
67607
5009
60703
52859
263
2729
51977
29803
80749
59863
89657
10799
49169
48437
19777
65381
9547
23977
54049
40063
33577
89959
28439
80149
31259
73237
8719
98081
4733
89393
8363
79259
60923
5009
91397
81047
90121
4751
24841
15551
23741
67421
47591
42533
70549
10837
67121
24203
62347
16487
98801
31607
49069
7561
23321
96443
16127
30661
25847
28759
9803
29411
32933
4001
61441
25349
81097
24443
66271
26513
77447
69029
30677
39847
2473
51503
13009
5
68489
45343
74363
45533
72739
60659
87511
92153
49727
2683
51659
13913
13397
47147
98407
1381
68437
223
10301
66359
69779
2729
98873
75277
71143
61673
3109
75707
89303
41077
64283
61469
9623
8689
18313
46957
85447
15661
5867
25033
94949
98317
63709
74771
35521
55987
87553
83663
41051
14447
20149
80471
48649
62921
88807
17137
31151
52363
9151
26209
76129
99139
44483
31981
15233
35831
61987
26711
58897
72367
15467
36263
25603
4723
61987
78401
86069
68053
43403
52433
12401
2957
71917
7019
6871
14591
84211
76837
25889
95101
74441
89003
15013
373
17749
97459
12547
109
71237
20359
38713
39581
41911
78367
64171
10979
28643
65179
56533
80347
67049
78823
9883
7603
45853
34259
43961
80473
54163
54367
63079
94559
62653
52057
10859
95189
62801
31357
88813
83063
1213
75169
84629
95597
66541
90787
5659
27299
99259
11159
54167
13291
43991
58391
90481
56983
49177
64591
81919
36997
35201
2957
84263
93553
1823
47741
5167
47269
19267
71119
44641
47237
42829
30389
9491
1669
33049
2521
92657
79
34871
25643
77279
33931
61757
67807
15739
31337
97169
60521
14081
13781
38671
20773
75937
55541
16937
49123
80669
29339
79847
56087
709
7963
16063
15259
92639
93739
55201
13757
13147
21713
28403
72089
80621
4157
4127
87421
40169
41549
62827
45247
90089
22787
93323
69827
33223
80449
70121
27733
27943
88169
45197
77023
97381
23003
30643
16061
57271
57923
81181
49201
96893
6143
5009
92683
94261
51991
95731
85243
3671
49853
9629
4603
63853
58441
31477
50543
95111
88007
4643
31729
19001
75833
29959
27817
52501
76963
37861
62827
72101
76537
27647
22193
39503
80557
45823
75503
39983
62141
94007
55967
23561
92009
42853
80471
59387
66373
14387
3853
13691
87481
69001
99409
7369
67447
79043
63761
37607
5639
2423
31547
3631
75767
22697
20431
14347
84467
5059
41999
66947
25579
72167
41849
99817
29723
99721
96281
21499
26539
60607
14939
34327
11677
99377
92507
29009
67061
94379
51539
29983
2477
92347
38861
37691
35051
32909
23767
37217
85213
18617
81019
95257
82903
80953
85639
45329
66931
83219
21737
4909
53093
99721
56923
15739
28439
75659
57737
7877
35617
81943
27061
68881
43399
12157
18691
31727
16903
33757
47681
20563
99643
8783
59023
29921
81929
94777
85571
29453
307
1987
8237
62989
63719
15881
57791
797
13217
70573
87587
26293
98533
49801
72871
25577
98347
70249
95279
67843
40087
15173
31379
23747
77569
6337
33301
40037
27883
39043
44971
43543
19937
42709
99223
66109
96953
92459
88237
28493
46327
60887
51349
98213
48017
64919
31547
12853
37517
45293
9463
59063
86069
69821
1181
67819
81869
14159
50993
8429
65713
3347
59447
15731
61493
257
10687
35437
87541
13049
47581
75743
60737
98887
40697
30323
25693
47221
12473
61717
26539
67213
45503
89
44087
63601
85009
46861
13327
26107
72689
72229
42433
74827
11317
44711
82811
15859
81677
70913
75629
46141
47717
82561
62507
89107
68161
78437
68737
28921
61141
52553
18433
47189
60811
62191
379
4007
46751
33529
83791
883
80287
72503
3529
65629
26701
48593
22739
39821
44159
6449
34183
93427
15271
24691
89153
4049
42013
61153
4091
97001
1531
36529
6911
29423
31769
5441
20533
45233
5087
97231
82231
45433
27617
11519
13591
46591
4733
90901
64783
36793
61153
90863
12583
64747
87587
17483
62549
45197
49103
5323
12923
82913
2903
55073
26539
89273
46049
49139
46309
72883
16249
64901
90379
8363
17189
2293
42571
5879
88843
98713
14387
53171
4759
34457
26681
13339
67577
22133
94427
31657
67391
8291
26177
62539
53681
14563
79693
16843
99233
89977
8861
16231
68729
21419
49043
54499
25693
91127
79229
21433
11311
19717
33049
99109
59159
89513
39251
5413
25913
28289
79133
58771
77899
44683
71843
37567
35977
26003
54181
86927
43963
30517
14221
38447
49877
7669
40693
90149
28949
45361
16339
32027
24547
27653
40177
18661
35803
37309
69499
80447
74587
68399
84737
27073
17041
54251
24923
49669
8017
691
81019
81749
33851
66067
19423
31081
63599
20359
90703
92461
28663
80863
67493
85049
24709
35027
91711
26459
13913
7853
94109
85523
30047
31873
72047
97151
58963
86861
49739
53861
52861
97429
85601
63607
1117
98377
14057
50833
42461
4219
67651
33791
46477
33427
11243
3767
55997
14657
95791
20879
33863
39869
8353
52721
28517
78643
66889
64667
68399
73727
5347
9941
22027
10909
79087
5387
69067
93319
24133
23977
2837
15187
28151
12527
1097
19801
23459
48353
6577
12791
82903
87583
74167
56263
13627
58451
42953
41627
83563
43781
1063
38711
55201
33403
29833
5743
45751
21227
99023
2371
74177
95471
43933
26693
88747
68449
65071
13411
5669
8329
24517
97001
59023
81943
37339
5209
36313
11243
80783
56951
56503
36109
8863
78341
26777
46099
77279
2689
64763
19559
56401
81101
76163
30707
34403
6709
99643
94903
8581
11789
11287
34231
2339
55109
65423
16183
2351
41953
20029
8123
69467
32159
4973
91129
39869
94399
13463
92707
93559
55823
90023
53323
28753
44129
97673
82837
83903
81647
58481
3499
28019
59779
69073
1907
11681
54011
67231
8747
11483
23057
96223
52501
78241
67409
52883
80669
97327
95731
82837
41453
51421
7577
23857
66377
49363
21467
64891
3851
62701
20483
62003
12113
93739
65287
21227
51481
5503
18587
28559
91939
85091
73589
32717
82279
5099
31481
36973
73009
68749
51419
14087
65579
18043
11579
94253
67057
43579
22027
15149
22619
5519
39241
93199
75989
79133
56041
55439
85411
20063
23251
88469
42323
15791
40231
39157
58511
13807
51713
90907
56597
89491
62141
83813
40169
60223
83537
13007
30593
92849
13147
40577
24517
15601
15313
14621
4799
28229
39887
94153
64019
2731
13121
48571
65257
4603
97367
62971
37951
10831
70999
67891
84691
37217
86423
95317
21107
84319
50227
84377
75181
80911
87641
48871
26627
33037
95987
71563
14699
10313
23057
17623
12043
70199
23671
24109
86243
57709
45337
33797
13691
88771
38933
75743
62057
12107
48197
97549
39343
39541
65993
23057
3793
17807
41189
66617
30839
3361
54949
69491
16493
58049
29437
25147
72089
89533
10069
70289
19207
21221
92567
77201
94399
43783
81703
95087
14657
6247
2459
23071
48383
15803
75041
59077
29387
6089
22817
93113
12413
16811
63391
90263
8237
91733
33703
58967
78803
16843
67129
97369
78541
89087
58477
2027
95063
3253
44531
25013
9811
6823
57487
29761
72673
21799
68477
80701
15823
70667
3617
47857
92177
21407
30671
63799
24007
76387
33863
75743
85639
829
51749
70099
59
95803
67763
6047
38183
37987
6029
13313
13259
27673
98453
4967
89917
65543
19759
69761
66853
97
60703
94151
51133
57203
80177
55921
81929
68161
97117
63823
23
9733
83537
44453
61417
88663
79333
35963
57653
81203
35317
86959
77797
23827
66047
24623
97453
22039
18097
61141
643
25097
51283
81973
8039
90787
34543
39877
6991
33739
90547
9733
75431
17333
6781
10267
88663
87473
52727
67153
67339
15259
77783
88681
90803
95917
66533
27883
81847
34897
41227
13477
72229
83471
73471
94747
90107
69457
85009
21191
37273
34747
41513
40883
12973
40507
89767
35677
16273
77137
47431
2011
38833
45131
67931
43913
2543
72937
73303
26669
92377
27361
21247
75239
47017
58711
11317
51659
60779
30817
33347
6163
49433
69691
51131
66949
64567
29131
4013
1471
86257
4463
79939
23857
64901
34127
20231
86993
76303
1103
85513
70393
63527
68023
68771
72287
48491
34871
23977
90481
37517
15923
93901
28547
68041
99991
85669
89
21419
40459
19777
47309
57259
28433
7603
25919
18397
10429
34313
94903
98737
5507
12527
39799
89071
65831
79579
34759
80077
6007
2767
48533
78989
83389
67213
11131
53569
22943
34849
90001
40493
35771
5483
33503
73771
73897
13177
12721
98297
52967
30241
81463
63697
65831
66359
95369
5939
9949
41149
63587
25111
32173
50873
3919
78031
69197
49681
31817
78437
35803
48193
28229
1321
90401
6131
82981
9883
15461
5503
32117
74843
65353
93419
23743
67709
65657
5851
3449
94079
93151
89657
82757
83137
57773
42787
95327
47303
17359
4283
68791
54973
62143
74861
95651
55501
59879
85531
76579
43889
33029
1399
50051
15031
55967
59333
47087
24413
24103
85411
31573
5861
35353
84653
95087
60443
23603
17321
52627
79087
45497
39541
6679
33013
71399
21433
51517
20717
10789
15859
38933
4481
11779
38867
82813
76883
91639
90619
57331
3803
1091
10429
74381
85451
25117
17881
79549
28597
89189
2663
11779
90247
57347
9151
8179
50101
9239
50263
75403
33179
72623
56999
79817
58147
25171
91807
59159
91291
92387
17707
1511
11633
9871
99923
50951
34871
64007
24749
20939
263
54547
56503
10831
87281
17827
5009
60449
48593
76103
21587
19913
68713
51941
15349
39103
65449
56377
13693
36793
33997
59077
44683
2861
67523
22123
4283
90749
98011
43669
48023
43403
4999
4877
26959
69067
98213
36529
60331
12473
63419
2953
81043
2617
54499
93979
9157
9433
66037
63611
36599
92569
36671
99929
44741
5303
36469
36073
40037
22453
77723
96181
4817
17419
79693
6311
29137
82021
75109
42923
80777
35531
99563
32887
30113
25763
90803
31469
39209
63629
15137
229
43651
48523
2207
58901
44281
79601
61483
95401
70607
91873
66161
20101
70139
48953
5857
4481
64499
73277
32909
58231
39139
40459
89963
22549
33403
86441
18401
32561
2399
68863
45389
20627
63421
85999
27799
55147
29017
87973
30103
41117
64327
43201
87719
80051
21739
87881
75011
75211
23209
40813
90053
93763
6481
66863
79823
28627
49459
60631
64319
77731
76031
5743
61547
79133
5099
821
71419
82073
57269
97847
67751
78941
76471
52387
58771
78301
51521
76103
90473
18143
37363
62207
99083
56843
52183
30677
10937
39251
49057
90089
1051
92809
173
74101
87523
53147
449
90439
98207
21523
25939
98689
70001
75193
1543
2221
82561
36691
52363
75721
12823
93199
39503
31963
12919
47857
78307
56311
82559
72173
88379
59791
89849
84857
86297
72727
84737
8291
26209
47419
82279
87223
77551
75683
97169
47251
20639
6163
50527
1277
14563
76919
58073
85109
98407
81563
34369
87277
17909
84059
85607
97843
83969
25747
93581
81929
39107
87697
12911
28499
32467
56437
22993
58237
53719
94379
73091
15647
16993
50503
24023
51419
367
6733
66841
58129
739
17041
96289
30467
93887
67927
8311
56149
37
25693
33179
29723
98057
56359
89939
77213
42083
69257
70841
36319
12421
71719
1319
32609
55109
18481
68111
52783
1811
64033
58211
22067
51713
10691
75991
3617
27529
45233
21713
99397
93077
25639
39883
23293
99497
12497
6397
30949
41161
96799
93703
78697
26681
10391
42257
4373
70843
7687
97381
859
75391
30109
2039
1597
68501
70901
44203
97523
99137
887
60017
167
64399
35227
1901
42727
84871
42073
7573
97649
15077
75181
92353
75277
22769
35597
80407
10271
8543
44771
58693
75989
20047
31387
17791
63199
5333
3307
7687
83719
55663
20807
63587
66569
40189
60133
21839
87041
40099
76379
11467
66697
8737
29153
78241
22037
31541
92353
22643
26987
35801
2213
56633
39749
8753
15359
61091
1511
11863
31277
64109
27179
4813
75703
8761
22709
95789
26041
44381
67231
32533
31513
84137
25951
1823
81547
25577
84229
88129
95801
10979
81203
93701
65831
41047
5743
12479
58031
8573
26717
99371
15359
45191
25349
48757
88867
61781
53639
84551
6977
86857
72481
24953
65761
45779
20287
76673
80713
54251
2753
83701
27583
31033
84137
4517
22381
77933
27961
44939
53411
56629
90499
11257
24133
29567
1663
3251
14869
3943
49363
20543
99133
59707
56963
55661
18251
18731
15679
4409
31751
40867
73243
29669
27077
54631
55229
8431
32429
23669
77269
60077
41959
10007
45433
98467
98621
84299
57301
22259
727
12143
64453
98729
49057
61687
41617
29191
46877
81943
27919
12211
65929
92233
53693
35831
71429
25373
36901
77359
79147
46451
67033
95461
81707
62743
59753
33619
80779
15901
30817
57131
80329
81031
85909
46679
15263
61909
56929
30553
64063
82903
84137
1361
39607
27901
79151
44041
19801
9661
4019
34981
4967
85487
2467
17207
39679
48079
44651
56209
43321
24019
88079
61837
89977
39953
33967
90749
18523
9091
89533
36607
29959
4297
72271
49123
25679
99109
181
3529
90239
43399
22669
77641
14221
70451
13219
45523
53197
41903
8849
21193
73771
65101
47237
86629
8849
50707
3821
28517
75931
69263
24179
56509
80191
75557
7069
77867
55439
25763
22067
65677
14051
27043
5623
63667
12569
20269
41507
21751
52529
11903
87853
21991
293
32423
30307
68737
90631
7211
78721
74363
87509
79589
96479
36373
6959
97771
6659
17431
17257
52837
91463
73613
47459
18353
97073
89599
89203
76231
72031
26263
26591
93151
10613
79967
38153
353
67219
23017
72169
7331
20051
92767
15907
90163
26947
93113
39119
50411
85831
45361
96451
19403
33029
88993
61609
87797
16553
12149
77351
50551
15647
68639
44017
43313
20759
68903
99131
70379
27691
93637
66491
55399
1559
31379
10099
41809
8087
92779
193
31481
99611
87221
72497
9839
22921
20477
44917
62299
86311
83813
89387
84137
34939
57097
6173
84059
39229
58073
46021
95369
54833
44699
52259
81569
32441
49939
47417
42331
16553
25219
3547
39703
20707
55163
39241
38113
45503
1399
15107
12653
19157
45481
32323
33301
56731
35281
28069
38351
44087
81233
86029
75079
31333
93169
6563
38303
83471
21517
23609
821
27847
30977
95597
61091
90397
5849
98057
63913
2311
92179
89779
46633
97459
70793
32797
40289
33629
21419
5659
67751
26339
94117
103
18401
28081
25169
74623
50893
31247
7559
58111
59747
60899
66041
6761
77317
95093
22109
48179
99961
29137
56813
46181
57203
87511
98897
92003
67709
17569
29531
85531
12161
31891
42373
66359
24121
28549
71663
28547
30509
72533
10733
24247
90977
71353
43481
10789
60383
40471
32801
7901
94351
66959
41357
24809
7817
70589
62581
22003
9887
383
95177
78779
65957
23887
46727
81359
15901
50767
36299
77279
35731
94331
29633
78823
34367
59753
64063
66713
55411
28909
66643
57037
71527
37217
41687
97931
45403
35447
68879
54799
46411
76031
81223
45121
66361
57527
23831
36761
5683
39359
26893
78203
39163
60811
2251
25673
33637
71809
9337
78193
2161
55673
50411
63313
27983
78649
82561
2161
8999
59341
99397
40169
6271
52177
70667
72307
78341
58937
95947
6547
28643
87257
26183
92849
42491
12577
39727
81551
44017
44809
4349
62791
63841
77543
59473
66373
51157
84787
44701
31667
47143
61627
12653
55529
18913
36037
21701
23623
22481
45869
3613
11471
61637
7789
36997
27457
4937
11399
1559
4357
82339
36083
89449
50311
77689
51913
77557
57781
39983
18917
76651
55589
53897
91369
42257
8863
37781
56299
69463
75577
77549
36473
36713
51637
23801
65101
53681
63527
36293
37571
70457
65629
44249
52489
53003
25639
89293
88993
67033
98377
84121
80149
13669
94109
66301
37747
5231
4889
72823
80527
98411
31247
18307
49531
13009
25471
28627
89783
29207
65497
48731
65713
45233
16787
75869
95747
96763
69499
94111
77969
88643
24023
88397
7331
15791
19687
52967
6569
79669
1213
11251
61363
80849
95597
23879
35267
38431
49939
4001
6287
251
311
34039
16183
51517
3499
46021
65423
36529
83399
44087
36187
93131
67073
75557
9413
15797
50503
18401
23669
83773
6211
5869
86861
23689
97613
9547
31657
62939
5387
15767
48121
47363
92353
94709
93637
83497
7927
34361
32987
6899
75679
21089
13967
98929
92567
78649
90397
1013
29179
19423
77479
21647
36529
56767
98419
15569
89069
6709
92801
52009
68099
11087
16063
22817
17837
45641
47653
63541
66271
12149
22153
74573
65587
59453
20129
80177
8689
70663
14737
36697
51503
37379
83407
92761
79823
6959
74761
72379
35381
55967
56393
74923
56479
4483
86249
74567
91163
67033
94651
65357
5659
60923
41621
28571
54959
86743
40277
37633
23357
64513
39113
97919
81331
75937
23459
97429
55343
32717
15877
35537
25793
15017
73583
41051
60917
66821
21139
96137
39113
75353
47681
32801
61843
72383
63337
68737
20479
37379
32063
26731
8737
72077
2713
52727
52813
23321
98849
75017
99401
52363
11131
58603
42181
94463
45491
19993
21089
51613
93497
13043
15329
48193
51413
58451
23663
2351
94793
82529
15467
73751
64301
29191
28097
97073
31231
65089
42677
20807
78607
31121
46471
37813
32327
76343
63559
48353
78137
60251
95401
55663
719
72973
59141
5399
57637
32533
84449
36643
95461
77681
15451
64217
20393
53323
23773
71647
83833
86719
89459
7433
7949
94117
30509
15073
63691
39047
17737
8597
811
47639
12211
4073
37321
20483
91621
2287
68507
27751
75869
54673
24239
27823
61673
52163
17029
28949
74161
18919
6599
56827
47237
89591
22453
42787
75193
99497
79231
37217
96293
57587
3037
19913
60217
56659
20393
84787
87427
53923
26633
36979
76541
58901
43579
97441
92189
30493
35327
78163
23167
77339
25471
46229
37321
84349
75083
84737
23633
61091
49031
65167
47441
33023
92941
41263
6709
62207
77711
52541
14083
70589
24001
75169
59659
1061
72727
2099
31337
57731
60169
74201
45503
76579
17579
33427
54091
19553
85513
40609
1327
4621
63589
95021
16451
73637
4357
46271
33577
18691
86029
23071
35677
14177
23567
39769
39769
4093
29387
75149
32801
9811
5167
11497
25013
52301
42293
76243
65357
49663
20899
46687
38149
43019
19319
59123
99053
33721
12619
89821
52937
35311
46327
25339
6311
77447
9283
1699
65843
78737
29983
32371
41543
15787
61981
87977
49957
61933
74027
51941
2203
39227
19709
47743
36709
24953
84559
30631
25561
85223
3571
88463
7459
91961
81001
11813
12157
35099
97453
31541
59497
40169
49019
23663
88643
79829
32911
75913
34679
42323
39439
29837
26833
91691
25583
33547
59659
9059
23977
50513
87083
49627
52103
55793
17183
94307
89459
92251
53017
92111
61681
4639
13127
81439
26501
49871
56393
24023
72707
39799
43661
30259
81931
23159
52223
89599
25097
84551
29339
87943
94327
14549
69119
47609
9323
93871
4253
29723
97789
43649
50893
21961
907
94597
80537
54287
55163
63533
45707
31627
5003
83641
53917
14591
61861
28669
82883
89003
27883
53233
25237
9817
93059
19993
81343
47309
25867
63901
15527
87811
58111
73849
87631
9587
63199
31039
27481
773
95869
85247
5519
61547
38993
36599
33809
56393
77167
80669
70373
17959
47143
33191
57559
7459
49177
14537
80761
2333
5683
89513
1483
76441
43801
45541
23971
5581
33179
39229
97771
82307
181
30937
11909
11177
49811
76949
82351
80819
25171
97187
34337
83591
51329
33053
68389
30223
59671
1777
16603
76283
67121
17209
97841
86357
52837
59669
34253
50047
49627
52709
86851
12689
30781
72469
87683
36997
73277
2341
12577
6037
44953
93901
15307
86743
51169
91009
31723
23159
23189
4637
83969
25321
2887
25679
8641
33179
23279
14879
349
44179
47093
1459
2417
75541
49223
53377
36151
87877
9677
44519
59083
16649
41351
98459
91967
84589
41381
4789
46877
41011
9769
97711
14737
23899
82261
66931
66029
51539
60343
81353
96419
41959
48017
40751
96079
33769
93241
65761
86461
6691
10529
73721
82141
60149
29641
36791
59341
16871
7963
49109
18787
93059
59219
33773
15383
66821
12197
9767
32611
11617
49031
36083
16349
11261
91097
71209
36913
84589
13709
14767
23789
79397
80263
79337
2063
79801
28547
13249
75367
8753
40897
67757
62701
11579
19379
23197
49823
71011
1777
67453
68329
25747
3413
17551
4549
65729
11701
41
12959
78311
53773
83833
59167
81559
50581
19541
86939
61417
39679
79309
83737
47917
62071
20521
25841
3877
50333
82939
51133
78541
47779
7741
1777
9787
43159
14221
18253
54517
21871
6737
72977
15361
93703
34319
43649
78437
32569
70879
78877
61987
87683
27733
34819
37691
29333
77029
79201
42239
42391
31727
80273
69031
32939
70627
62467
86491
25999
95621
49277
83911
93809
49663
26017
81869
67679
2357
43651
22189
35747
16361
18839
94847
9629
21937
4523
38459
83737
82373
67033
40169
11047
1381
75437
82619
92153
43649
75983
9613
91163
26959
63841
50123
22189
66067
50321
78079
38431
76607
22943
51479
26839
57331
93703
75557
12097
2879
92203
48239
49081
92051
11117
68611
68743
23677
31079
53849
14341
52963
3299
61051
47
6113
38669
67783
34721
2371
40361
81049
36353
27793
28499
86969
46051
7307
23057
34819
64567
68389
61211
72937
90059
58411
27733
49211
32467
5197
16487
49481
30097
17471
5171
97673
62761
55213
75239
88261
32621
92237
61403
25469
17239
72997
14051
30427
6899
30103
54623
49957
67217
44483
19381
98621
95311
45631
21227
78487
65839
23603
97943
44867
43441
89083
39623
79939
6011
25471
91997
33161
20333
71471
55609
78977
58229
34763
97073
11903
78277
52021
94651
71429
23201
27407
98011
16903
90703
11057
10391
25321
90089
74699
45833
29167
41141
1999
17449
5303
86069
66403
26717
68443
36583
45439
10501
20177
90749
57793
84263
41221
99349
14561
16231
42943
25373
5347
27409
5209
3889
5333
33967
491
70117
61717
64997
97777
60259
56857
17359
67447
59443
38767
55021
81899
57413
73517
98323
14503
9601
88997
10799
77263
95287
42089
21503
5323
90641
54151
31729
30937
29989
91381
70853
30677
42283
52501
90703
7727
5557
13907
15493
79699
56209
20011
71437
47419
19379
91393
39623
90011
62981
77863
32803
14347
78691
43291
40529
37243
61961
53129
69337
24841
25903
12907
41
86297
34759
75689
61933
29399
41257
42061
88397
36277
9967
3911
28843
44549
26357
61
87119
62473
83207
99191
40903
4649
75833
79609
30643
37361
80677
6947
17987
59357
33049
3209
25097
94321
36899
59393
92051
92173
11549
5563
19531
19801
49363
49367
71837
68639
89983
70451
11903
28927
6781
20731
8783
10271
37607
98663
81761
2689
28901
439
79769
47623
55073
75521
52177
96323
51803
57601
63149
86161
20129
41903
37501
14699
77797
58549
50227
22303
62171
10193
48473
79399
63737
67537
65963
80233
2459
60727
42967
93257
15527
34261
56983
90067
10903
60029
9239
80627
88471
99017
85831
22441
39079
41413
40361
23687
17293
67829
223
66587
39217
30697
99181
6733
12979
2647
2791
45823
6637
65867
69859
33457
23021
41227
577
1609
25229
58231
20771
72307
37571
32569
80783
50543
3907
37201
61253
81371
9781
13219
98123
41911
10079
72379
52837
81637
28871
15083
96601
4013
1303
81041
26111
33827
18413
54421
67819
91631
5651
24329
9689
33317
54983
22769
29837
56687
89083
23159
40387
83299
72421
54437
82889
37507
51283
19211
32563
72031
51197
14629
6311
88721
29761
62119
55823
19121
39679
12689
4079
60611
39133
42223
29947
55843
29527
35977
2551
38803
23203
29717
37223
99679
52237
54679
71807
53453
11519
95369
48821
68711
55721
85439
57713
88937
26017
13399
21929
1181
1489
16883
83423
35461
29437
3469
43019
40031
6551
41681
68239
54319
61949
55057
2459
26339
65011
33811
8803
30677
9151
14447
2309
75853
96269
95989
38867
7589
30187
50833
44711
16063
33871
77801
55351
2791
38609
67049
22381
31543
67819
9461
81737
7717
827
94811
99371
67273
17123
30643
26539
12451
81017
28211
31
51241
70309
51383
43579
52541
7207
22277
52391
22639
88853
62473
58477
65371
18439
17749
5081
14221
89413
69119
8713
57149
91163
26041
8423
22283
68507
21661
35899
89051
50989
72481
87887
8779
54311
28537
43691
23719
26501
57899
9293
77849
98047
38711
11
87133
28289
17351
97777
20233
46997
4073
16333
60637
83
281
16231
61583
19891
88093
25841
78167
25391
48487
2297
35747
13177
97369
39971
72089
34487
65599
14563
56821
93307
6329
78347
48073
10729
38119
19571
449
71237
65357
62581
46301
14627
54949
2699
26437
7331
76343
27697
44371
29473
40897
15131
30643
9643
60901
17327
31817
36629
23911
92363
29147
11779
22571
51413
28513
3061
33037
71527
32917
40361
37189
69911
21647
3847
67033
29443
3049
78893
32749
26947
9781
383
48049
58043
95917
79813
5393
54409
76103
3907
35099
18587
9437
13159
70999
29989
18919
69257
83383
82939
32027
93913
13309
30241
8563
94343
74323
32653
85607
29009
17207
43651
4973
11833
9059
63823
65867
87613
59107
57389
76387
4799
3089
65827
32693
32569
56531
63029
58199
23747
24419
93553
16787
7187
87977
87877
22079
19813
97651
61363
4723
34273
81299
72379
44887
98887
78569
62731
49057
12763
73637
17783
64301
66373
25439
64513
24103
8689
503
11083
98999
28393
13967
47969
73847
19937
89
81359
65543
72089
9127
85577
35803
93559
78593
23029
84947
72617
99041
81839
401
49727
13691
2203
42349
92957
23879
18691
10867
67409
26701
94561
78137
4073
1783
90437
71011
35279
65183
74131
32069
50287
39341
2333
98017
75773
65851
44207
61871
41659
33353
83471
77263
25339
84533
28463
31481
77141
74231
31189
68581
42737
23893
38167
19597
89923
95479
27737
15727
35879
17881
3343
59771
78941
92849
59779
69263
21419
8363
9697
683
24083
15991
66137
56009
87211
43283
11027
80491
28723
47569
41893
61027
13163
14143
17299
54713
86441
41593
39709
9011
64301
31079
98179
86077
82139
1013
829
43319
87221
49481
28081
78517
18461
94999
28843
13597
7559
9371
74507
59063
70249
52571
74231
28921
56531
59929
23293
92821
21467
58189
80207
65309
33479
45121
2333
15439
32987
45827
23669
73459
60923
41771
52957
13009
51503
55621
19213
79561
58393
32621
78541
94079
64151
20759
22481
32717
74047
84247
17351
92993
35573
7789
7669
3511
93383
12539
14431
41897
46573
15149
62851
74149
44179
43177
18521
84629
94999
53897
57089
90073
75997
23971
13259
95177
44071
14419
31517
2053
7019
13463
81629
19471
57847
4637
31817
64901
97561
13219
75277
78259
60257
75367
30313
17029
4973
24859
74687
66509
54547
9767
4133
26701
50497
93329
25541
70619
15991
80369
76777
71233
72221
13693
33937
3163
75403
5521
82721
94789
80471
47497
88663
643
95959
96149
92237
97547
17291
50333
11593
38287
8297
69593
8681
77377
64433
4003
98869
73019
6131
19181
5741
52183
34471
16301
43427
23279
26669
17747
81203
83243
39619
25577
41897
40879
74687
22699
91573
35279
16661
60397
38261
93553
26029
94561
70207
89611
93337
1733
37463
94789
94331
97673
15649
36037
16741
8387
59617
40343
82171
42181
73379
22441
80471
82373
1409
1973
33049
1811
12577
61637
32533
91423
21187
59567
33893
45083
55871
15199
52727
85247
65827
93557
16033
49409
7759
65719
19121
43973
51383
10247
77783
54679
14533
32647
55333
18773
22343
41999
80309
95791
19157
31513
89153
4969
72997
5009
24517
57269
68501
88937
9533
18433
59167
75659
75377
49667
34963
25307
9817
43093
91139
71887
97373
20743
51449
66541
92867
30259
46489
42181
23357
50893
93419
2053
11699
20719
8963
2411
43997
70853
61627
227
39727
94169
11489
77167
7103
6379
59779
73459
24677
8221
24623
47563
42841
61717
10369
63391
31079
95191
51853
3967
63421
10799
25111
46261
56269
9283
61681
14011
36559
9203
69709
16567
25057
27361
69401
56249
40771
19681
32579
4457
62851
4813
26693
18443
92821
24103
67559
77621
52883
10859
5717
18839
70663
51307
83221
16657
86293
10993
44773
13033
56123
95737
67447
10781
92369
97931
6911
88339
58907
29021
62053
73061
55817
881
25219
17443
50513
79397
75227
55849
87511
76873
31231
33287
9187
65707
21937
89653
14251
97501
95549
55609
1039
77711
39779
42829
57467
41761
36761
14033
41213
44983
76697
89809
60289
69557
43067
82591
92551
65119
61001
26981
10093
71473
71593
27953
25033
96443
74609
82813
1759
10499
37547
65267
60397
16883
29383
82759
5333
24029
15319
70241
51637
8219
78593
32363
65437
5741
12689
55967
93979
9941
7481
9103
37871
54941
67247
92753
76471
56911
4177
11941
89753
41887
75679
96487
69457
17047
91499
4549
29761
75793
46183
29483
50123
14173
46649
35977
13687
70289
6469
23929
47581
67121
99571
1327
12653
38747
39839
31907
33403
85103
26021
71011
52183
53549
5237
14009
15671
10657
88657
86599
72173
26731
15823
19507
52673
79979
21383
7691
33049
75979
3539
77323
15391
88493
1907
11131
29059
53783
70877
27539
67481
7057
1019
5821
21937
82349
58657
35083
63353
12659
51907
3863
18371
15551
18401
61511
64661
9871
26171
46307
48131
3851
16187
29717
33581
43649
30403
30241
69763
64223
59659
65393
509
50221
2969
36251
283
5273
66029
21577
73561
27509
12919
30697
74873
14639
94273
73907
72367
18427
77839
8933
98369
31039
46153
4363
35809
45119
83399
83423
13249
53861
45083
94261
14281
4801
24329
62071
11117
66919
81203
44641
39161
23027
5197
98387
5407
63527
32299
97369
43399
84059
49391
1451
91573
69697
37201
15017
66587
81629
81359
20929
16481
86599
39293
10343
7829
59029
38329
73897
31849
48947
78779
68917
8779
5591
27457
56039
7841
78137
97579
30839
89123
66067
54517
26261
2593
46573
35401
82351
24841
13219
36083
65063
26573
62201
37049
68737
80657
79229
77323
69203
10837
90007
8237
67577
16759
82463
6287
49877
61297
39181
63493
46051
3469
72101
40529
61879
98081
51157
47441
48221
21247
29879
96989
3607
70969
29753
65033
98737
24697
96337
11171
72733
46351
127
61751
48299
61979
13757
31321
59581
45757
78707
90473
74093
95701
28289
52837
18583
8353
15187
30703
57413
57457
72229
4219
2437
50263
39569
24379
83389
96079
91369
11833
56479
33353
38273
67651
1693
47609
8803
8311
99133
60343
88741
82073
83833
31193
44519
42331
10889
41333
50683
72817
86729
5521
5179
63521
72421
75571
15473
3253
27241
16567
63409
28879
82129
73013
13171
3137
5323
52561
64747
44657
73013
65551
78653
7351
94873
46187
55217
47743
30839
22277
1453
10627
4423
26119
92921
64817
70507
68443
48179
20543
74573
3907
73421
28607
19081
36607
78781
45659
22721
24223
61151
91121
36929
26053
19927
45337
80621
41621
62617
4093
60889
7963
36523
5237
12893
61379
18679
20333
66523
3413
1451
47111
37019
24979
37607
76607
37537
4507
25087
57047
16763
23081
78479
6301
84977
37967
6823
97
59273
28687
7151
64853
52963
15319
47933
48409
40283
12497
70841
55313
6301
70381
14293
33029
6199
95071
37159
43411
36901
58511
57139
93559
81049
25867
51607
76387
71089
22027
49993
52967
8861
26669
62299
13337
64663
15149
43403
47417
7829
45827
15583
40939
13313
31991
3547
58603
82279
50321
82549
65269
43441
27509
96211
73709
37123
179
43579
2741
92753
2521
15233
90017
49633
36919
28559
37243
2393
29269
25999
47777
3541
10273
64091
26669
11027
61819
58237
75167
97397
17299
25603
25693
75703
22549
1693
11467
79153
50957
91081
3623
63587
47129
54541
33049
43961
379
45541
14347
30817
91309
48437
88499
17351
23027
78203
92311
3361
63389
17929
113
94433
89849
86179
75377
21061
19997
67429
27551
16889
74903
49807
66491
98627
28541
59119
71693
45589
62047
69019
51487
25169
16487
55217
93739
5003
99563
82529
85627
90227
56701
89689
15511
26251
43913
23399
67189
12277
79433
57719
77647
87107
40013
36761
50969
2459
14051
44701
63317
89153
33457
5507
84127
99259
26891
93553
73037
88721
89399
60521
76387
58391
76079
57847
44657
32719
73553
21379
65003
83873
47317
20639
30431
1759
84431
78487
10501
20983
11743
75329
28927
46889
32099
47059
77951
73643
68099
19073
12101
95443
44641
18691
36973
81899
19381
57719
86311
42463
45821
80929
73561
97081
51593
20443
2659
42139
25733
20443
35543
76511
21121
88667
15443
3121
65053
38153
61253
619
80263
61129
43597
33751
27739
80147
86381
69539
6421
76717
94583
49277
55697
13099
41813
38923
34337
13933
95603
6737
13337
75521
62477
25087
39631
97259
6763
94597
65551
5209
22147
30493
12227
313
43987
17053
84457
26737
8521
1997
823
1217
40031
7927
42179
1367
84191
22783
80831
4021
35281
79973
22709
70181
96001
95873
12541
36497
92557
71387
26297
50101
31963
12109
53773
1621
59671
30713
75583
40739
49823
70667
37253
90353
61261
92233
63149
21101
94351
95339
5167
2647
75793
6659
24971
54679
31973
79451
47057
11279
2393
68483
73973
38561
41659
88951
3491
70051
80173
50957
18289
26387
60353
93523
19913
24181
50497
83701
44263
77983
67481
24019
71909
71341
43661
75583
65809
55603
36013
75707
39371
28687
80273
68329
10799
73523
58603
4111
96289
16217
82013
46061
42403
29333
35899
19709
76961
8527
42751
9377
98257
74587
69259
4993
83341
32213
67213
84499
48397
15737
28901
60317
27967
1823
22447
27809
81203
92581
27329
95539
55217
88321
38729
58109
60527
87959
87739
3851
2017
8501
22907
71081
23459
21617
49433
19963
77509
56531
22067
19001
85999
60793
51631
25033
85081
419
65447
83921
69931
31649
94307
45319
12569
69739
67343
15787
22283
56443
11113
3167
29473
68483
42727
85451
21517
25999
66089
90989
11087
10567
93151
1237
39443
93239
75997
55621
99923
31333
55243
30139
17551
36341
9067
15313
38113
63929
43633
93851
9371
95219
15559
73523
56101
78311
3463
96997
84737
81701
15467
55541
13841
30637
251
4481
56209
3529
62617
64679
22853
17123
82633
12983
81119
99223
1493
80537
49603
5107
4793
58967
22783
22699
93491
25447
52609
27631
84401
96443
41597
63823
61331
55589
20549
62861
16453
6199
25763
39293
20549
95429
64151
1301
97463
73091
3163
42487
84589
26177
87553
40973
22093
28753
8929
73237
2843
69313
71153
54101
95213
73061
54679
87223
49109
95773
75289
69197
23371
50671
3191
32993
39563
24851
57149
1453
59333
97397
92593
44101
751
33619
15991
78283
37501
65993
5011
84457
43391
18973
99733
57367
11981
54151
30047
57107
53927
81839
35069
10069
4957
82657
21487
45293
71191
70123
92431
73643
199
3623
92593
73259
76303
5087
89561
80557
29537
66377
29633
98953
27919
17203
26891
8699
52783
80147
66523
61169
41669
40583
98429
92507
23767
25931
38609
11689
65183
4283
73417
36691
92153
97549
36671
48541
51283
63391
97571
56591
51767
44809
71993
29611
62971
34301
1801
67939
84047
887
83221
89231
49177
68521
17509
96997
99611
74383
94379
23629
12917
20921
57527
78193
65167
37003
2441
1693
31727
21157
28087
15349
2477
56311
23789
6197
61987
34439
86143
62323
42943
42641
75731
82279
68071
33403
91951
74929
84347
12907
16831
87509
55711
20347
36187
63577
60091
38239
54673
69149
83269
76343
50599
19219
13033
32497
43669
787
99391
24677
66697
1723
20107
23081
41617
4729
86743
10861
59473
94811
53309
2753
39157
90359
19501
38671
74551
90619
47951
86113
1621
45823
76679
10987
80363
17159
56767
83717
24499
80669
26539
85427
23981
4933
80387
38329
49411
31511
71437
8353
19699
88499
14461
15349
91033
89657
58537
29311
98887
4391
36209
65269
23509
81331
92419
42979
25741
94441
10559
26839
26209
73651
84811
39607
87697
72089
69821
57179
44851
93059
50153
32363
79159
73679
79903
22259
88867
76213
20809
43399
5147
22691
64579
25373
71837
74531
71419
33461
56783
97813
34039
17383
98999
13397
92041
15809
61441
62143
35597
76847
45137
38113
67939
52433
59629
84503
67187
91781
30829
36973
88607
54193
36307
27509
86291
40031
28627
5851
27763
56377
16927
20789
24103
36833
9239
13903
4729
28277
27449
58511
93629
79319
59707
86719
95603
74843
98887
18397
76631
4297
74219
97547
22277
89611
21517
45989
15467
18661
6421
88813
3541
83357
5839
92921
24133
70223
32369
29201
61751
22717
94709
89113
68927
58237
11527
56087
63277
16349
1697
52511
74449
54919
49157
21997
14281
10889
44207
66763
69389
12109
48413
26881
15731
63667
1733
13513
90641
72889
67343
38183
46757
5923
98689
38113
1559
12967
34739
35291
5869
8009
71473
86413
7517
89
54547
70823
46229
95177
35149
73609
33377
45779
63487
95531
55339
56941
79631
85487
61757
67033
57587
99089
27809
30593
2341
25583
76129
4127
33083
48119
103
21557
46273
83477
66221
92219
51257
9239
3203
17341
80657
81727
80153
9413
86263
50261
45007
12959
43331
64399
52127
45853
43177
28393
74929
80071
67979
34807
29641
33287
4391
2111
863
38237
13577
7451
35323
99643
27617
59747
78487
13967
29123
79823
22807
23399
25237
71081
54539
96587
95027
6907
68659
13337
45259
32609
3881
65707
72893
50087
18253
10847
29851
42451
76963
33023
85361
75167
54449
56207
57601
44867
71821
15227
21859
4007
15139
859
57077
79987
27143
56477
60271
46273
85703
94541
52163
47911
73721
701
90911
69073
16619
57559
54013
41737
53407
35117
86627
30631
38299
56053
15401
67489
5281
81299
50893
24851
67121
79561
77513
20063
55127
12647
85237
39541
26693
373
229
14461
88411
9277
27793
30557
25841
13037
26099
69991
59471
42187
2129
4153
28297
88861
89533
61781
20113
77999
44357
54269
20983
18913
96997
63689
69899
76481
77471
89449
31567
38303
613
95747
16567
8599
75611
77563
32491
93307
85247
36643
78427
93383
17443
69401
38561
91967
81181
51307
77659
89689
1129
52757
6737
76753
38317
81373
19373
87181
47087
8887
86389
52967
30047
41077
37243
90107
17359
3733
68903
31259
85889
83443
60443
74527
14731
64333
70381
22153
55051
96757
21767
99767
94433
58073
44203
77491
65053
41543
27107
33857
25577
61609
79811
55117
18691
93307
47777
7069
77849
78583
8713
79777
37607
56431
45083
62459
37699
73363
17327
44123
51479
34429
75133
78193
34273
85313
56807
86381
73547
6793
5153
61547
12433
68521
20887
35521
16091
53551
41621
50767
46021
64591
29789
33529
49547
38461
65101
15733
9587
14629
93329
59723
13121
17573
89293
58363
44101
61967
27259
95089
787
67453
79559
15073
193
31259
61331
93979
27673
23321
69073
15233
93281
74453
52057
3347
41579
14929
59611
18367
40507
29167
66959
3299
7393
57689
84421
953
6491
23801
44789
99439
39191
43003
25183
58909
76777
4483
38693
40813
54347
41603
87887
77153
33403
88037
69929
55927
54577
56531
86017
1759
18121
74521
4219
67217
34583
37217
10589
73859
83717
71987
16411
41057
76697
76949
40423
2381
11003
25601
54311
96601
57349
49369
69061
70099
43987
47419
79889
1987
53189
30773
34487
24683
61627
4057
95279
91921
54319
3511
24733
10987
29741
49639
37991
80681
5647
23173
20719
97501
98953
67807
28807
28573
1429
69827
3947
397
71707
95089
26903
26723
48337
93371
593
56779
16963
72901
42323
78259
14461
62869
3863
26459
27541
97511
99877
49529
26297
18133
56983
59273
45061
12241
42787
29303
85571
56773
2663
33757
4099
38783
25703
16481
96493
53653
71993
58937
89123
31541
25537
85999
97157
76129
85021
11351
643
61129
88423
62687
24509
90059
82223
55373
98779
17393
11243
28277
78737
38821
29209
11117
58379
61729
12323
39461
28949
80341
13093
14939
97849
40993
23873
12373
38861
70663
95971
88793
4649
46439
57301
73309
89563
50591
96973
9689
32237
80449
66721
23929
76561
1783
63521
66629
22859
82387
33931
44087
27827
5413
28579
97813
89227
51991
57059
30103
92143
12211
54167
72613
211
59107
94477
69259
38699
99829
32719
96377
98999
96851
92641
74177
55021
74027
41903
48163
2797
5119
79967
5519
87803
19979
9437
82031
99551
54983
6841
96233
54721
91837
97607
88069
19037
31177
90127
12941
32491
87011
56093
17033
49037
76123
87559
43319
25367
131
3697
92401
28837
29033
28403
73453
81689
49559
25771
50459
89021
74903
73277
56923
55373
19853
10091
33769
48889
85751
84503
82729
95701
31063
85469
91097
3863
17657
82757
56873
46141
51869
5689
59023
1597
29251
58687
269
1543
15161
10861
50383
42019
5839
17047
761
72901
99689
39103
8171
93683
83117
15749
84131
92779
34501
15361
39521
6599
31567
98419
64513
71347
29327
9661
47809
68389
29387
2557
83269
79823
42451
35999
25951
71293
77621
26951
93113
20183
19139
62801
32353
49199
45691
62311
89767
43867
71881
60821
37811
22447
22433
22003
18859
63809
45053
17231
97729
2347
75941
26681
10651
22171
1429
94463
26171
12757
90227
3719
1279
95617
89261
2551
28499
72253
8171
74861
28477
7027
1553
53993
19819
60649
24229
631
70891
31727
66337
31663
11443
71887
95233
18191
44351
14407
74071
50497
57881
21569
39541
45751
571
85903
65123
13477
61673
70141
31307
20879
56123
98627
101
58243
41221
44771
50647
62603
14369
5209
11003
43397
32369
9769
31849
21577
2293
14369
90247
38053
79559
3823
70823
12043
79259
99241
65551
66109
44279
54881
55207
2089
9013
96179
32441
63391
56383
83383
40973
78787
29587
17167
75337
99829
27527
2309
78497
81509
75629
31081
4547
74167
60793
72251
56249
55399
99689
32369
74471
6899
1999
8933
74209
38327
271
53077
40847
60293
75521
51563
90239
4441
547
6113
4409
887
3863
81281
61837
72649
70769
5987
449
83273
16433
72763
50971
67927
45751
13183
14653
44027
41759
28867
28949
25391
34033
50857
78241
42323
69011
79397
72497
4721
24109
14081
94421
33247
16741
85453
31699
5059
95731
90107
87631
41011
62971
80627
37181
81649
54767
38321
40493
61471
983
1459
74027
65647
36383
42923
49207
80783
41887
43627
2549
14533
58579
67411
52027
87049
78583
61979
10067
70951
13291
61471
16433
6007
20297
43151
87853
18253
76963
10303
11471
5521
77747
24623
36017
90821
22943
46589
13907
33037
60623
35671
45677
96137
99023
9739
44867
82031
92647
84059
20357
56807
82561
35401
56179
19069
34703
63719
15551
17327
93113
55411
12983
97927
17987
99839
46301
74797
53917
4793
66067
93553
86869
71411
49037
65357
25639
14387
2789
3853
52379
69203
2579
659
40609
24533
1429
28403
757
40177
47041
49597
30253
43781
36973
76829
9203
25423
71389
99581
40361
5651
43943
64579
12473
58189
43933
18911
83969
13477
38069
66797
59119
94207
28573
84947
93497
47057
85303
36097
22787
55849
9311
10321
95869
42023
99257
1061
96517
72959
42953
38783
37013
22013
29983
44819
63347
51439
76607
68879
30841
38791
82189
57571
58943
71453
39161
51769
7219
57467
99181
27997
96703
74827
25849
23893
18211
80021
12043
84503
6553
41809
62507
15061
50513
1667
17029
12251
14083
27673
36161
89839
98627
53129
16333
13877
32119
78517
74293
61363
68147
28439
79697
65447
30773
20347
42839
97039
5843
9907
20479
57859
55837
81943
6529
26881
84263
64483
76261
41183
101
1451
52069
57593
38671
3943
36791
90911
81937
12791
53281
52147
73771
58099
34351
3371
18443
94573
9311
95723
87403
40949
15031
28901
14033
13613
48017
99439
25117
30851
17749
48883
23003
62927
56393
28319
48449
19739
61657
47653
96763
20897
58979
74489
37123
72577
4703
16493
61583
4159
73607
59029
57527
54443
89449
82549
10957
6659
35281
10079
27791
24247
98411
73237
29723
22159
92413
79159
95383
58057
12583
32717
13037
62171
54869
50459
60133
23857
20693
44797
25621
92119
44987
54139
19183
99581
47969
50261
78721
53239
15173
43457
53857
53113
42821
46933
49639
12227
95971
3733
46147
7759
25621
58111
89689
18143
60077
89849
53549
31687
92189
2741
76487
12269
36341
81937
18691
57839
87683
1481
99581
66797
39541
24019
63347
40009
38723
55903
77747
5647
83497
57641
47057
2267
13049
6091
60623
66751
43313
79181
41453
2671
2143
4001
92233
45061
91243
11071
52433
67489
71483
57143
52369
44651
6791
72923
94823
99923
10253
97373
28879
90793
96461
98257
4831
67819
4751
99679
97973
48571
59729
29137
72221
98911
95929
6977
90847
82913
65089
85619
47137
19991
52259
83597
48473
4787
2113
42943
73757
55249
73939
21067
75709
19979
59743
50221
58169
50129
34337
53201
34439
87557
20707
75883
79867
10009
29717
57901
43103
8677
17791
8627
83737
75833
20959
58393
13921
70373
59407
40231
16033
13003
52249
77641
811
23623
80621
94583
86719
92927
35153
77447
3931
16249
49871
44893
23831
9857
20479
37139
74729
1999
81157
12329
67273
87613
95143
86743
28729
81931
68023
63719
44543
50093
68023
59669
10939
65449
89087
73013
55259
77647
76781
59207
38749
48563
51719
56479
21019
85109
16007
30047
4663
80489
48437
76159
51859
60661
26711
78277
72647
47309
51853
38993
7883
66593
38303
29741
43711
67579
72497
55259
33623
7589
76343
34351
73693
42397
1999
37861
22093
51679
36677
22051
76103
7369
2531
78487
31247
13883
27337
92077
44621
36973
9187
30113
60089
97787
88463
4999
1487
32507
62057
71861
94907
88379
15991
62603
37991
12011
8461
77743
53419
21773
49367
73037
34421
24133
75431
54367
3559
79777
84947
8537
7949
51361
72383
1877
23773
91921
66851
57059
22751
74093
56659
16901
29759
78163
94583
96757
82307
89153
48463
67819
13553
26321
56671
62921
25411
33287
7993
41351
32569
56993
77591
88117
60443
9883
55259
88427
74873
64303
76289
93913
36037
61141
23357
25307
44843
67493
95507
20809
92861
42961
20707
59359
86239
23167
28789
96469
72977
1307
79349
98041
48809
35951
35447
5309
46301
4999
3583
83833
48487
27779
26737
8893
50789
44773
1499
50767
51059
81199
89899
2273
98573
67307
16447
75793
83983
41999
59471
11941
75833
7681
10091
44021
46103
82261
27239
54503
73237
58027
28663
5573
45317
31541
72689
91813
44579
80657
46679
30139
23563
70181
50383
17203
66037
4019
72889
6947
16843
13669
86171
77269
82483
26861
41203
49117
8581
17839
94811
59219
99923
96997
91801
57899
29179
69739
56299
97369
82031
71671
93739
85793
10427
2699
4637
84191
34231
30293
20903
1327
64921
23203
6151
77641
39313
1531
613
12511
89189
14153
88237
84389
23599
86239
13381
50647
69197
30307
32303
26017
51971
33409
33457
54151
67121
97927
7213
68903
5813
47041
60443
94847
16979
50159
58403
96557
23957
89443
33053
6841
8117
36277
4013
95549
70223
94597
87221
41543
6949
32323
17851
29611
80833
15073
40213
29077
52081
1861
27947
93701
51481
79669
27281
75533
59219
683
68161
92489
38327
76369
96779
24533
74903
78487
51461
18433
99469
56437
73571
96259
74323
94573
34057
93761
33191
97381
56543
24509
62633
64793
95257
89983
48533
8429
911
44549
72823
94309
10501
80051
7789
44267
63559
81163
80909
66943
25453
1063
39043
10739
15619
91757
67883
99839
86743
21799
94961
96787
83983
24019
33413
41017
66239
65581
80317
9857
26633
21211
35053
53623
86993
98953
9883
54631
3413
47381
89563
36209
35327
26209
50497
18947
4919
34337
55589
1019
769
46411
49339
93263
49417
45817
82493
17401
42979
28703
46327
60209
96671
12967
3109
67057
26647
28109
90403
24071
3163
46727
77591
14087
9643
62801
16433
35911
99149
88969
47441
54193
8861
75767
92489
96269
17027
96179
24659
43609
15551
56659
69427
11779
37897
15107
27581
27947
45979
7901
88237
51803
9433
30853
12979
13537
12967
96269
81853
36067
2539
78713
29881
44269
84443
2579
33247
60937
42223
82531
75227
87473
75431
2503
45491
59561
39769
1759
33811
90989
57649
96263
43451
76147
2851
757
63487
71537
52571
6997
65497
3
33967
37313
1423
13859
61933
70529
38923
68279
35831
56093
54367
19381
233
7883
17377
92489
62501
23431
57251
80527
82981
40739
50387
38183
12409
3323
11003
6883
50527
94007
6659
47497
37847
12239
45673
63589
52489
811
58363
29021
18439
72617
27431
91493
107
85817
42043
78229
82549
48449
9281
10259
68351
83399
38609
15077
89269
88499
92479
2143
73351
46691
62687
79319
91397
10193
21067
19211
26993
83737
97001
61121
96479
51283
75983
39293
70451
37363
17333
83921
17417
44159
11821
95093
72673
80471
78941
11863
62347
12203
39779
25343
81181
30133
82457
75689
26947
15077
65171
83737
68041
3527
5449
3049
63839
9631
70507
94993
65827
17029
28621
71483
55667
92867
39619
58693
91801
72707
56737
55411
61609
34763
24517
38671
29399
1787
34607
96799
4093
443
80989
88003
14009
63541
62581
74047
76079
69899
11059
4261
53407
85597
51481
21557
37567
56477
62969
86029
97651
2357
75041
77489
81839
83399
58229
47857
58027
59083
13451
37573
7459
78101
37171
43159
45659
37951
59809
80527
95957
58699
38609
85717
98573
62873
14983
29101
55931
14029
28697
42193
95527
66191
84961
99487
66173
83579
74449
84631
73849
87049
23081
45691
89657
8101
71347
53899
65867
8527
76541
41981
96527
91837
33469
85999
66821
26627
72679
77323
45751
16253
31847
71761
1579
5717
6473
13523
71341
16981
75869
35993
82837
95239
90197
46997
97127
59617
99563
80491
4597
93557
53849
67607
93851
36599
92737
43951
76667
93553
39313
5623
42683
98893
21067
98101
19427
42937
55799
46027
79379
2749
48527
36739
68863
55021
92941
77543
97787
60647
13831
61051
56113
92251
44021
21817
11593
83969
18169
41863
99679
77839
73961
28603
29761
82301
17683
55639
39371
29059
18913
38461
44777
28499
51487
27779
8363
44267
44089
72673
82813
69593
5791
72679
16741
94307
76423
9661
84499
98911
50989
18719
85087
72649
28517
63601
28447
45763
24071
80671
44017
16607
67121
68279
73459
87323
23669
14869
56663
54013
6563
18059
51991
88819
95701
35083
4003
4261
6271
17159
90271
60209
52253
109
57773
89963
47581
36131
25309
15761
22153
38393
49031
36097
18787
36109
90281
2389
12689
39359
12433
84793
4973
49451
89891
83431
83557
27337
80749
53503
72937
51613
68713
56311
73679
80447
54037
54001
37369
65437
11971
16519
30431
72109
89009
49711
23059
73379
76733
75253
29863
51437
2617
78317
30757
97553
29017
70003
86533
43013
75787
94343
95531
68891
15809
65309
32833
54409
21713
25799
13
74843
30109
77659
35141
4007
84809
35401
13397
15809
33619
70979
9829
23603
38993
44633
34849
51431
41399
37997
72307
33967
7459
21787
2473
25819
28393
65539
14221
78007
2273
28349
74287
12379
54377
58543
56681
95191
30097
81331
59219
28927
24847
69073
73529
42293
88819
37517
46889
27527
90203
11083
47051
3433
85021
64123
5189
60761
62897
99571
47123
99223
56993
68161
30649
39901
39293
67801
82193
10753
79987
69427
29867
72893
95287
40787
33377
50231
85571
9311
51539
63671
89819
8111
74131
86929
96487
61363
96179
32999
95801
56993
68891
83219
12743
42157
58067
83267
98467
73847
24391
22787
84751
80177
911
37507
65267
56087
97499
82051
82223
4099
22621
64157
10501
66347
16553
78041
1613
64901
81707
75437
53359
83357
92849
80629
58997
7057
34847
97231
72719
51439
71069
83557
94261
28429
38713
33409
57367
59929
90703
13399
48157
38747
12743
5741
14629
72739
1723
41381
96443
73613
21557
76243
81019
74903
17749
29443
56941
97387
38083
17657
61403
15647
28537
8663
5869
59107
28277
71663
10499
96493
54787
30703
13007
57331
62011
28793
82757
14447
63727
66821
89917
55079
96823
72871
12149
9157
10457
74719
33863
40241
40771
66271
4463
94693
97511
86993
9803
35257
24317
42491
64271
7333
55849
34511
19417
51487
61441
6317
21739
41227
14423
24877
69239
14669
6311
32401
86351
50459
79997
5479
15749
77069
40903
24109
70481
90263
98947
26921
67763
12277
4987
30211
66173
4027
83207
37831
70451
28813
48131
71947
50857
35027
56611
79411
76441
74297
94693
31729
62983
92051
85661
137
70841
21107
96017
37201
15161
86711
82393
74297
92857
68437
75181
89083
75181
4111
70177
45247
97711
41399
56053
55487
48889
27647
5693
43223
17837
52223
78643
97973
5843
65323
49139
32059
29017
87421
88463
16187
77081
3083
28477
72341
2503
31883
86477
26681
77641
75109
78593
32159
46181
70237
79693
75223
91493
74821
86939
36529
12143
60413
47269
40897
31333
71867
97523
36739
42853
811
69859
41017
70309
31321
60821
39883
92987
49333
61657
42677
77563
3691
21433
22303
63799
62191
25849
2539
54101
80051
2659
89849
6491
74419
28307
81559
69593
93097
63697
56437
20411
23333
18397
10163
2803
42901
95257
80897
6101
90359
77291
89231
347
10687
54377
75767
11003
6827
13567
47441
1619
75407
22651
87697
64171
24979
89009
46687
77513
69109
21341
60923
82567
77509
21169
8693
38453
62791
68567
77719
84401
59167
69427
95651
65983
52967
6637
76837
94433
20249
63857
70249
163
45007
27211
70141
98323
63607
69473
70061
76919
37663
41131
6827
40037
92857
15737
96451
40213
93811
24113
1409
6637
83537
78929
26203
79301
83243
14533
39659
68713
15289
18149
21107
19301
61381
84401
54133
21397
9413
61333
17383
1381
26693
4397
36373
49927
70849
14831
78977
14489
91159
91691
29021
56417
26171
16073
8089
37991
18401
74873
48497
1549
91813
42407
7219
90677
24671
7027
82763
26839
87991
34613
23831
72383
31231
65287
98639
34231
64013
50591
34123
5009
29959
27091
20639
4643
54013
6491
31489
76873
29851
12697
60763
99317
2663
85817
5087
3821
27767
6217
30269
83843
63803
63277
48337
52571
82421
22409
71983
12641
48221
6329
4397
15761
37871
53507
40637
10651
80789
44389
9689
19861
75149
61609
18379
90149
63281
76991
87257
23773
31873
85159
70271
30109
43783
87697
52433
1621
69959
67247
5347
36877
64613
19697
59539
82571
9587
52583
40231
42727
23279
70549
75797
25741
20773
23873
13297
54181
96821
33179
66343
33409
14771
68567
17341
81083
80681
1657
77141
98737
54973
84701
52517
22573
71347
83891
92363
80803
17
31957
79817
99241
81647
19937
98011
81041
16073
61343
63649
89753
58243
62633
3271
59617
233
38593
82471
94331
72817
16411
72673
44071
19571
7331
47563
70949
66643
49393
90997
19913
77137
83939
40897
78311
85037
43049
57149
31039
11467
5407
46457
15667
94343
37423
53813
89203
83227
6563
61553
4561
69467
13921
62299
11743
83407
16603
76837
6779
39863
36979
33547
34501
76771
62327
19031
39103
92987
57287
36341
19211
90499
49223
49417
42487
79549
63737
91499
30323
36107
52691
78347
6067
10771
69401
21067
61967
55529
67589
42061
87553
50513
51631
21031
39551
80819
15923
47501
40751
11197
48823
94999
97151
6277
34843
77933
37361
66041
59107
90373
33893
15683
9743
70271
967
22811
6907
65647
81689
42589
45361
68227
24023
6089
81973
45433
62773
53129
3557
45641
42509
34871
62539
5987
9011
22669
20219
92503
33149
9547
45197
88951
37691
84589
83891
25057
11321
46853
93059
70163
58391
38669
64091
13441
47119
13297
63281
6581
38329
60757
40519
36073
6491
18041
97849
6823
87491
53089
20707
21061
75367
13249
41729
68501
56099
839
54833
11731
41947
20749
9851
46771
72089
26881
83459
56467
883
70573
57397
197
12421
95213
61091
95549
96493
8951
11593
20963
54133
50119
79229
66377
63331
53401
13103
79609
76511
59747
39623
45979
787
4229
72859
71479
15083
94421
97927
10223
6763
31081
34981
11587
72671
77587
62987
98939
81517
49297
25229
88937
29327
5851
59209
70717
35573
24113
75277
58031
90631
57331
22079
76943
11969
12899
57251
49333
829
64333
22279
57977
47881
78121
21893
7369
30113
14177
63391
55117
26729
67033
90007
72689
85847
82067
63473
57269
3491
87151
59443
80911
69767
51109
617
9631
29339
39251
87553
56519
62903
51631
4987
72367
81919
24623
19597
11047
89923
77839
18553
40813
47279
79279
78193
90863
91141
7649
7237
48563
24103
73607
52543
49613
17789
27617
57653
96233
96281
15473
43271
8233
32063
97777
94837
91691
16369
38737
96137
37691
12373
45341
80537
3343
32237
12373
26539
15307
38281
33811
44809
36473
17713
32749
95959
44371
80149
28433
68329
4507
87587
58789
10909
41411
57527
96377
24337
16567
1373
77047
12421
79153
42859
643
59879
17203
99401
17891
1861
13613
95441
5639
67289
3803
68669
35257
48479
36011
49391
45569
1103
40993
70123
12941
75167
96079
32353
79151
58763
6521
4327
67567
59149
57737
79451
18743
15647
17383
75721
65851
59233
86719
43951
28559
10729
33937
51137
2677
33533
55763
74027
90631
38333
48947
10501
76403
93827
6113
40487
4649
36109
47609
3167
59617
53129
2137
76031
44027
94351
59539
13687
61837
55921
91807
93941
68927
63377
3
79043
43943
5507
8779
55457
26407
77141
19447
80683
4759
99251
55331
84181
92413
54539
38321
44203
38593
64279
13873
45263
32833
62213
77041
69109
5471
84509
20983
76303
9013
48973
26717
3559
401
83987
63719
73859
45119
12917
96851
55817
99223
20807
24533
86113
54361
79697
75079
34057
57389
88789
2927
91771
6781
50321
64969
72763
3449
16787
1013
30593
62053
97283
11087
77983
31573
29327
5351
77867
25013
62683
68539
41113
39971
37573
9349
29077
77419
971
89819
6719
86369
67577
30307
71821
3931
20147
77849
47207
72139
45853
39113
59197
18701
30133
14323
70481
283
25013
73121
74707
85513
77029
15091
67411
22567
58049
82493
65881
85243
48409
36007
45613
53149
74903
14033
99721
3571
78977
6229
12889
94049
36607
77513
88427
98929
29387
22937
12101
85193
74747
3491
48221
9817
42373
7517
99881
13043
12517
82613
52313
7573
49787
49603
11003
69763
10331
21139
86501
38053
5653
15373
30631
70583
73387
32609
14341
96059
53279
20543
85717
60017
55057
90197
61211
31277
45319
43889
81727
33037
88411
32183
26777
80449
20341
66271
51439
10781
95801
51719
74827
32251
21817
27803
7193
80567
4679
19681
673
80167
3943
21929
19841
51283
81563
17657
64667
64849
17669
41443
89189
60317
42061
49823
87833
17093
11329
84229
59239
87739
35753
96587
7649
93187
12577
41603
48857
65539
71843
17047
46093
10861
11801
15749
95327
84869
65123
14947
12109
19937
1733
86311
89329
57413
36887
21401
32359
80933
14411
71867
41381
1657
25073
18701
43991
33767
83621
77699
87251
53759
76471
59009
18457
85147
70289
55927
54287
52553
3863
93811
54493
21013
27329
88817
52901
38737
63913
38699
66713
83203
74131
83203
44171
30871
14593
97523
75991
77491
25261
61861
47881
31513
73243
71329
19709
12487
44263
86263
91009
2377
88903
62233
12539
6521
41113
23293
54577
34703
63709
3733
51871
2677
61933
36383
30557
8269
29599
71347
63997
9319
96211
9697
49009
17891
53239
83399
48017
21647
3659
55487
54287
45823
17351
87869
82507
69653
90439
40099
27043
22133
3593
83653
67979
4339
35531
41947
65419
3433
21187
79633
79817
53113
69499
65327
66601
8467
79769
77167
39671
87517
92399
67807
87547
57107
41521
13121
90901
29131
72173
63247
38671
55931
24203
30727
36713
22871
40357
53849
69833
41617
33409
51749
34439
86923
15907
60209
44267
86627
29717
36137
73189
58109
90271
57727
48271
81533
47681
5477
6551
91033
83311
62347
81509
50671
6203
40853
77471
66973
79333
58411
72173
51487
14033
27767
31547
40639
40099
39841
75989
74747
93809
32971
96763
54779
27541
46451
30881
87151
77339
811
53693
82811
52379
24083
56993
92383
18637
63127
90011
75277
30047
73589
37799
44641
93809
62467
127
22481
17737
47951
37097
56533
22637
2467
78479
18461
64489
99767
74381
22067
57859
45821
16699
13921
6473
44017
76519
1327
89809
52609
91381
99431
41399
70853
24103
72953
12889
60521
54013
39041
30593
7937
35099
66529
25579
65537
86257
12613
89417
34537
66071
94613
92669
18719
15467
36899
53731
16487
26731
35933
92431
99523
8839
503
19553
70297
12487
2879
31607
33181
10949
56591
46919
23629
11941
44753
15139
97327
64019
14969
54217
91369
58771
40031
5851
28163
15259
27449
73009
4967
44087
49711
60029
4243
4523
63671
57973
41263
1451
30697
68737
73673
31817
94477
94547
1999
92479
74597
19469
84859
5923
89983
9161
89653
54767
81463
5779
41761
35879
87083
86249
8461
81239
89657
56093
91513
82781
32303
37201
29297
30553
31873
16001
10093
19531
70117
20771
47353
52321
77447
97367
76213
43
99767
71971
2539
75133
71317
18061
12433
6553
84437
1033
94349
1873
52999
92707
79873
25733
82727
6907
90793
79999
10453
84181
19471
79531
8627
18269
28859
96223
34211
3671
53993
51827
79151
31249
28123
72701
17359
41399
94819
22943
397
51647
38083
63527
179
29873
69493
68399
15661
37967
32443
29837
94441
13807
57829
4349
24551
7069
40013
84691
14011
57493
10531
3167
12323
46993
691
42797
4421
56713
13997
93133
41077
94207
50951
57163
68071
61723
48017
94219
71671
35339
66973
82163
71483
2671
7297
22709
64997
11057
77699
7753
68729
35059
3041
76961
76607
75937
20347
13669
93761
27631
59617
33749
81173
84457
99109
66361
2777
63281
18301
63839
42227
94651
32099
5869
96469
64271
86351
62099
64783
86729
47701
14153
6661
97301
33619
39317
76519
14143
5869
46633
37847
11719
90059
83579
39671
41333
39161
98689
2239
5297
50503
81629
84977
73303
86353
19421
60167
75883
33713
68639
95917
22961
73379
19949
92669
72091
41737
82237
37567
5413
50821
48823
65327
3347
58687
14827
95257
5387
3229
54167
89371
74287
41621
93263
77641
35531
6637
69539
84649
45247
98407
30059
69403
76487
24631
3547
34631
60257
50971
2791
29033
2131
85411
81649
46349
23143
50683
15773
94889
76231
61121
17987
797
38449
46829
28513
18061
59513
12743
91909
20549
10733
77933
30253
22699
32467
30223
443
49367
10477
7529
20149
22621
28753
24133
41771
89591
35099
16339
99401
12289
67219
93491
15749
92203
37123
73019
65629
33427
51439
69197
13999
70297
26501
69317
69197
31751
97789
57077
13417
99289
57413
81283
65579
94327
96221
89839
4111
18793
19211
8699
74587
51383
31873
3833
89413
40123
3919
1013
57899
90007
66853
37321
30853
28979
12923
26783
12097
83227
9209
1901
7901
52727
73637
67577
43427
12953
85717
25799
14009
32377
69857
64793
63391
31657
96953
29027
14669
14449
359
56383
64333
65843
37993
20411
761
22859
15461
85517
88259
41903
24113
19489
96799
14173
86599
80279
11831
26171
61981
36353
25639
99251
53591
56197
4513
7349
44549
19937
83257
76103
97841
47981
20029
40559
21803
81847
77369
54559
74377
72089
26891
86533
12037
91243
80599
77951
32309
23911
13457
19843
36997
9749
94433
40193
9403
27997
1051
6551
29819
593
19483
13109
77731
83449
67933
39241
62791
94873
56009
43291
19753
44491
66449
85331
61559
36899
89123
32537
27239
66161
53233
97397
57943
42979
72797
18839
98533
80701
7907
22153
76519
17573
10729
12613
59651
81031
26209
84121
94903
16063
30781
47917
42859
41141
56993
359
79757
70249
27109
13829
39041
80897
25919
60689
33937
63863
71327
64271
9221
40841
72431
22147
69497
80809
62549
56237
26839
49783
87443
31307
82183
85703
91529
32083
80221
77383
5407
76919
7393
52541
78173
86249
98729
13399
23909
50627
37441
31247
67961
16673
97283
70157
26951
33199
42767
97523
44963
47639
3559
63863
64499
21317
24989
16363
20947
9013
24671
83071
56437
46663
13147
12653
68437
46817
97849
19079
39317
68611
29207
55721
14843
33769
82567
74287
12197
27737
6607
17449
51481
36677
94351
99709
89449
42409
15619
24623
28729
72911
18803
92173
62219
5113
23677
94201
17041
61553
74297
23741
25819
88241
96527
38447
28571
7433
43607
96703
977
46309
54601
71389
92503
90403
46703
73291
79579
87877
40093
8167
91297
88523
33427
13841
59581
48397
70237
73529
59159
52951
10321
56731
90989
12899
82483
71899
47293
47339
2591
49331
44819
48661
4049
85021
43573
28703
59929
70003
13781
3041
13339
98939
89897
77201
30271
42139
46093
16649
73757
18367
48539
33479
44089
17987
49991
71339
59743
64223
8009
9791
79601
10567
92419
96931
87313
71671
2777
38567
23399
72883
82723
20483
541
50159
44987
93911
84059
34439
83701
15373
17971
51991
19427
56711
60317
69481
45893
85331
6793
89261
54413
17137
67411
77369
94477
18397
15823
68483
65809
25097
79601
17299
983
12527
17293
90019
96457
64483
70901
83219
1861
24439
84239
8447
84449
84659
40583
85303
12619
8573
41299
39409
45737
99829
83689
48383
58073
58067
86413
59951
11701
26297
84313
95629
39341
42979
26489
54443
40387
35839
57347
95443
92387
60917
30713
82847
57107
1049
69011
70717
76991
71171
659
75403
67723
2347
88301
42157
33647
33647
99317
25073
96661
69149
54181
82031
80557
70019
44501
23549
16063
83207
46261
11923
41443
69809
40009
28279
43003
21023
10457
151
60293
691
34981
31333
85411
24923
56747
97301
24407
50287
35593
30593
17599
86539
75989
60457
52951
16097
78887
70111
66179
43067
61637
32083
69257
7349
24841
22943
39671
71941
86029
38461
73141
53891
40123
25999
72923
78737
4463
93133
4159
13163
93083
98713
13249
67141
78539
36217
21061
52937
78857
61559
22271
2207
42989
67433
83221
54667
31189
93923
91673
93427
70481
13763
11887
1597
20747
6911
41941
75037
15551
72431
87251
49891
8209
81163
15241
36599
40427
42839
57389
12379
99109
93151
20509
37889
7703
45971
77479
40519
13901
13627
62987
47543
98621
97423
10987
7247
32141
89123
81331
5689
81553
36781
75037
53591
25349
82067
10691
25733
27529
40099
97613
73859
53899
85669
16931
79601
34511
49393
99401
98963
11161
2693
35449
51829
27191
61861
77243
33149
8867
88327
44533
83873
75707
44119
16691
42703
337
62851
96223
68213
84589
65719
59093
78509
87481
11159
57697
21187
12979
60631
66851
41257
32159
66947
11159
69011
31729
1913
3319
88397
74761
87481
20551
32491
43261
82601
8317
26203
59743
61643
58679
56443
62801
73751
53887
4751
9109
69031
60217
15497
1783
67537
34649
4093
76919
16339
78583
62473
97463
47903
35969
15461
33013
11927
15233
16981
9377
44207
22651
26557
26041
65309
95443
59581
90677
63703
479
92269
31387
87739
79259
82013
79811
13921
24851
33359
98323
25919
15277
71671
33601
10501
93809
93463
79337
937
2113
13597
73907
22973
89767
82013
60727
1303
8293
70163
92479
9941
73043
5807
1831
62501
19919
48049
79601
19403
40519
67021
10247
61043
65809
36551
55829
45247
2719
73459
38011
74021
17971
39733
74419
8819
84131
64621
23143
8861
51949
48091
1307
12377
30553
75541
35969
51563
15173
4391
10193
99131
23063
35251
8231
44579
87517
58031
32363
6073
54001
89137
73291
41333
52783
67187
4219
35227
22229
34183
32077
82493
97441
31771
85199
4423
77489
80627
93553
49613
12041
60293
38153
46237
28283
50131
53117
10789
8263
82039
277
42139
27941
74317
99397
48449
56113
59351
54541
36293
41269
90749
96799
51043
10993
67531
64901
70373
41761
63533
55249
51829
74731
27191
82997
35423
211
61781
9803
21061
12637
48799
64633
22109
72797
30529
12739
12037
67021
71147
79337
9173
99109
82571
44617
27481
48187
73013
29153
25373
73583
52631
7237
17047
45319
14947
64627
55837
12377
7717
3259
29347
78241
79813
40487
83243
35671
64951
76561
66491
79193
19973
87149
39749
7103
30557
47741
92381
4799
38861
87833
85201
3767
38011
88493
15787
25243
59779
1613
58153
49559
35677
25523
8461
20479
43609
90679
96667
3793
16091
38447
27361
31727
21611
34231
40423
12641
76081
44501
38461
33503
43283
14717
25447
10567
91459
32423
55457
65629
28151
24247
64793
27253
35281
33461
19219
44087
12343
79801
22567
17539
55127
19333
15061
81517
69127
10139
24659
2281
33893
93253
19699
19727
12239
93263
32083
53
98669
55819
94063
14827
66431
66763
70157
65993
17431
443
92707
69941
39521
70229
54629
88811
81233
19927
32467
1471
35521
1033
15401
87649
46273
17683
69427
88513
19181
18121
37339
52127
57301
32971
71527
15277
12377
99907
47819
62017
5639
61007
94397
51577
56269
93077
38219
98911
36913
36161
46327
91153
43037
79333
91099
25939
77431
52769
49739
9323
78857
63839
3863
95617
66383
35053
99563
90901
91283
33181
37273
63439
733
65701
13681
73673
67511
5233
269
66919
2503
73331
13967
52163
23563
29641
54323
24697
63607
49597
59069
15667
81157
8389
68171
48593
35831
79537
53087
95479
11801
75161
60017
39901
3067
3607
44927
89561
5387
13241
74887
84979
48119
3121
51283
21529
26099
43951
66697
86843
21587
8737
87721
19273
27581
17597
49783
71843
69499
77641
83641
56093
45319
8887
94837
41213
33791
81667
13841
60917
11701
47309
89431
1237
69001
2393
64453
50377
9103
77431
40123
61141
31223
35141
2371
42391
21143
37657
56773
14369
93131
10733
77249
72469
15919
20407
81013
9649
19717
761
13487
30313
77977
42019
46867
57349
52667
23879
70067
95803
84067
60331
66137
39439
13309
587
62189
86413
51419
7027
63589
55207
18253
30839
9511
9973
197
95101
47303
94841
16607
131
13841
32027
44963
21739
50591
17491
90511
26927
86017
61643
84017
95731
48437
63331
18311
74101
58613
283
90841
52027
30119
40063
20521
30773
26921
92707
7127
74311
69061
49843
36037
44029
52711
3257
42043
59663
1847
11119
74219
67453
14843
57947
21563
40277
75149
32531
46591
59797
33767
11117
54367
51679
44729
61253
5323
19577
89381
82301
36671
17209
68699
11969
49559
11657
64451
937
36929
63317
71359
32341
311
52973
81439
10463
37463
99787
59369
72227
68261
28099
41131
30707
70507
81353
52223
21397
60773
24151
81353
59021
45181
93493
35117
80657
9851
39779
33391
46171
89491
60821
50929
17489
31387
73529
11239
91961
35537
53017
57397
8209
40559
58907
59879
45343
41057
52571
14593
79657
4951
70729
32909
13477
75767
48907
99577
41269
29311
41243
6287
56773
44971
37313
5981
24733
47779
32119
43669
85523
19609
67967
70297
46279
13933
9817
53777
66373
84247
35963
46349
45191
41887
84181
57751
51343
51551
92921
70729
31139
683
95429
76039
18143
5393
76369
70297
59833
40357
20297
27259
36599
81563
68389
46327
39989
30203
75323
197
53629
96353
58207
48541
22063
93889
229
90499
39241
51133
92107
71963
26947
4943
75743
53617
69899
28669
44867
17903
33871
20399
81019
90599
62903
30029
41183
35839
26489
66713
41203
36527
6619
17749
53233
22039
91493
44351
37549
1693
26261
84437
49943
44563
49597
7759
2789
96731
3191
1663
41227
65657
34457
7069
69827
6113
14753
18461
70957
46751
683
6619
6043
67073
24781
35227
15919
7057
9323
35069
58657
439
97369
76757
15877
57367
37003
7523
67121
23719
98849
99929
4919
47681
5867
53593
90787
80233
24419
81457
11549
50951
67927
84127
29683
69761
17099
66071
5309
81677
13007
4759
33107
50153
21143
51001
54583
39509
2477
91939
80923
73951
87641
92657
67421
24473
1597
36209
12703
51407
74363
8431
90281
19417
8737
53939
25343
78839
41413
9239
63361
96959
85751
74027
45281
52081
541
36319
75217
1949
60901
98507
99833
90071
80537
87623
17359
16369
57557
27067
22511
33569
89293
5923
4909
67559
93787
61981
60457
56003
42727
35803
25309
1229
91463
73727
41603
9601
35141
44909
22133
74827
57737
99991
95581
88261
11467
23827
71983
14741
79111
92941
15679
17159
50951
47933
3217
7591
49033
2621
47129
9613
32159
95429
69341
21247
41801
96457
29207
14561
68567
41023
85361
92033
10159
18523
64997
35323
22787
91513
28723
90977
64333
22727
18127
14387
85199
34603
22783
3533
2879
69737
97771
81559
49523
94903
20639
27763
56519
58897
66721
46093
79187
96281
81817
53201
13877
65993
73693
20021
64151
73361
67153
1783
71
66467
71419
28927
15241
76873
86143
48649
94109
5449
23581
23251
53783
51427
67853
57179
84299
39161
5527
1931
97847
8111
90749
13669
87013
88079
75511
48449
40189
45841
69497
53299
5381
12611
15641
85793
89689
44501
43609
79283
48611
42463
58441
15083
5023
1153
17923
51137
85717
8117
9833
4793
85429
23873
23159
97829
86477
8963
39047
82811
77591
4283
84263
41443
37649
70117
64217
8209
86083
49433
54521
17921
92119
13007
25693
8779
53899
39199
21647
67211
32401
96589
25183
46591
19237
50077
79889
73999
11677
839
42491
59729
45413
3109
84509
42239
11867
2777
26083
17419
44843
59981
90823
37097
3803
28057
24631
81703
95143
20369
30313
97511
43261
50969
6089
71993
59077
74717
43951
21019
73
64283
35107
77743
69401
35153
46049
20981
54539
57853
99013
83383
75833
863
38501
76249
91019
1123
61343
84701
92041
11827
81883
3557
82141
16447
47869
88019
20441
24061
15919
15413
38609
98807
48187
38011
60923
22637
45667
78193
74189
25793
12659
86491
24179
82729
69379
11411
65239
72869
61357
96671
91583
81559
45887
52609
1481
56401
92347
26251
61483
1487
51673
44027
26927
34919
83833
12413
28751
58099
89819
5297
5279
28463
64301
66883
60317
39841
3697
34913
60601
84859
68639
89567
69691
56467
82153
56237
53813
58243
32141
76129
33091
25741
99817
8689
49957
86627
13907
16369
84991
919
53149
87881
86939
88811
59617
81097
60257
16553
16141
86113
63857
34589
96731
20341
78101
64187
26921
22859
18301
80783
58757
12107
74099
2459
34129
71249
40343
6481
86477
15031
37313
63199
62131
30431
64283
72497
44657
89849
72043
78121
31237
23159
33851
10667
32143
69491
80789
55469
29873
7867
60793
87433
6781
14563
44483
18133
47309
53267
82757
64301
39901
24733
16889
61687
41603
74923
46829
19309
33073
86771
94057
77041
53549
99053
31511
84631
60733
28163
10529
883
26347
86453
47543
89477
27143
37123
10181
41263
93053
12503
75527
62873
4937
35153
55163
75239
34843
76673
56237
27691
59239
74257
77377
58711
27791
88261
1879
47881
27487
91841
49993
13751
80933
93887
36307
32839
15107
34549
31151
65557
93913
21187
24049
93971
13963
71237
4481
9173
36251
47809
33503
75277
6529
98269
347
57367
55673
2477
28123
63029
36293
58049
90617
5669
19073
93253
75539
1249
25939
44987
28871
11519
42509
98297
27733
40013
54403
84793
45953
64081
57283
72169
16573
16447
22717
227
42293
22189
93383
96181
94777
5087
95369
29863
98953
6971
3391
48767
99713
593
89917
82591
36037
18797
74821
42677
17383
40543
27437
35159
98459
74413
35419
98179
1301
62423
77447
33757
97157
59723
98101
31573
25717
36997
57173
5081
19073
74377
13537
13457
19259
71437
25169
77003
48823
86719
16831
56377
15581
51827
92993
10133
28921
51413
85447
82487
647
49801
29527
68473
97367
73387
11527
75997
6907
12781
89269
49331
18329
31307
52069
26597
58543
19273
1847
41281
9623
20357
34127
65257
81967
77419
39419
28703
28723
1237
43573
6563
85439
29363
499
25969
92003
95131
75793
68281
32009
32183
62731
57097
35869
92033
19963
92737
90239
81649
54323
87013
73651
81349
43457
80527
33581
39133
63743
29147
76481
7951
74101
8543
50093
36697
41143
55147
17627
65777
43787
76631
89041
33911
40577
12251
91423
35951
24631
65099
6521
55469
97549
72973
571
45503
68311
73877
75323
48281
77969
94613
79193
56893
29879
79333
36187
58153
35221
24239
45959
32099
11677
52727
48413
24169
33181
33809
757
85103
13099
77029
71527
33851
55931
811
49253
47819
93979
26431
62639
11903
65423
76231
45887
4957
89213
45659
37181
39343
94261
13187
46439
32687
82189
47507
29389
31793
6781
77291
16427
98689
50119
46411
95087
17351
80363
78283
74561
617
71999
78167
29173
95701
35771
8893
74869
87869
53161
26417
31657
47527
72173
31
93971
47599
55609
10979
44257
167
57653
18049
45317
22091
76873
10513
35141
61031
58067
6619
3851
52529
23833
66047
74587
41669
28879
32839
73181
19973
60209
87991
8039
66457
80603
1459
11003
32467
41647
4397
89449
33479
65563
98573
40169
93307
48751
7411
74017
68023
43669
36097
27329
50543
89501
79427
5503
60353
55921
90619
23747
7793
95233
71143
1789
4547
36919
10369
19571
11069
21433
55799
72661
72893
75821
20173
9613
75721
8377
877
71161
25243
19993
92467
77141
30781
26203
80447
5827
31091
71143
28789
43451
13417
13883
17159
79103
4013
42359
64433
22531
90023
34897
78569
42737
58897
9397
13901
50891
31183
53239
89659
5281
26171
61729
93263
49871
52627
11159
13259
55903
75937
74101
45953
66107
93811
6983
16963
58733
66067
20269
17359
63689
30557
32309
90053
61987
54779
11783
83987
3181
66653
75029
85829
25463
23753
77711
56473
12547
5987
51329
67957
59051
50153
5011
35677
77339
90971
24571
67489
32531
74861
35059
10079
61169
10771
33503
13367
26711
35393
59617
52967
63691
20549
40129
9199
35023
38803
65687
52859
89849
50707
26053
92593
90011
47741
7583
63761
56663
6829
88793
58603
55681
11831
39581
1193
32933
54413
84979
11251
3911
74021
13463
39023
38933
90031
52769
15773
5591
42499
38197
74279
89867
80471
99497
89119
30211
20899
52999
15373
22811
27299
15923
797
22543
39679
71947
47129
51287
33587
31319
95569
48409
18307
34537
17209
1601
29027
66239
56099
75709
14563
20639
54311
43487
2423
45317
57283
81629
99257
31991
58061
15013
32321
71237
62131
63667
28463
10903
48299
84089
8161
44621
77167
27767
2099
83443
13127
62801
29101
63211
75011
34283
62467
6397
51043
25733
4703
52301
1877
59149
62459
48527
71741
48649
86711
76031
4021
21937
81031
71419
26209
40387
8629
43973
37811
61153
37783
12619
20899
33529
61681
34319
97231
23311
17923
10861
87559
43889
85061
45763
10993
83117
13219
21739
33479
16187
3527
4373
367
30269
19919
92941
47717
18899
48767
18307
42157
84697
94349
90917
82219
23227
19963
84673
73643
92269
78511
3803
15773
84239
41597
24533
2311
31321
821
1493
62597
13121
91019
1129
20341
48259
82039
26713
1471
89563
15649
14411
68447
4889
94229
7369
95747
75557
13799
46601
10343
48611
66943
47713
24821
6329
57709
48131
3163
19531
27581
51949
6151
46477
63913
76991
11867
5387
63853
41647
71881
19403
22639
63059
50459
88379
94687
5683
71347
22067
55343
17509
15391
35107
98407
25121
76837
25367
67757
17419
62047
82811
21649
42863
1301
35023
51929
19979
91969
76943
42359
70969
48733
7039
88853
80777
24371
52267
46301
44741
47389
30869
34759
60101
91997
2647
28183
70537
3583
89753
79669
83299
57223
2711
88301
51203
43987
14087
81233
17627
81559
87877
73
63131
56249
90217
15817
70589
8719
22709
19891
21433
28019
62207
31489
31193
72949
60289
19889
62201
51977
70949
49697
3011
64663
67933
9137
46861
88397
32057
79687
44651
56891
13693
14489
34283
52747
95891
61673
23971
26959
44201
70487
10883
9949
2467
3037
21701
16903
99571
50741
47717
87553
88397
19031
12143
14713
27823
75821
14887
25841
1291
47363
13633
16187
66431
48341
80929
85229
449
86719
8219
45497
34327
331
22567
3701
35753
42719
91969
46807
3701
31607
127
89561
39157
86587
94621
90997
85889
15373
89381
45641
14159
56383
70879
42043
76907
66959
6367
72313
73699
45013
44123
64271
14033
30187
83003
18301
23173
47417
86077
39709
19081
93479
89363
34123
19433
72613
17467
4423
83639
52901
56179
43759
42437
96059
47221
22159
12619
83383
38327
62327
66739
24169
37463
48353
32999
95789
18757
79151
1193
859
79427
70537
13093
81677
30553
62311
34261
77269
52453
41593
94327
14891
96289
41651
593
56989
48857
9283
36899
41203
30169
82787
39929
1669
27767
5821
6581
83233
36671
4679
21247
4201
33359
19421
3323
33461
75217
53549
16729
28057
80077
16057
37889
81817
46633
84137
16067
16703
72053
56093
20147
4219
40883
97157
49999
12347
8179
45121
78401
75367
64879
89443
7351
40471
8893
99131
8167
5743
41969
36013
43573
32713
36599
93427
70501
93559
25717
38149
53089
13711
94427
78191
2237
11927
78401
94309
87767
51059
54919
17021
28759
36791
50273
12889
60103
7297
75277
50207
58169
52511
34781
21893
53899
95597
12799
71593
16231
9817
27941
85159
1999
17449
75773
36017
3463
57571
71693
86813
35951
35083
67843
53441
62851
57601
46567
73609
22709
25741
82567
67763
82793
83273
37369
25939
71719
26993
85193
17957
59053
76387
12799
82237
46181
4871
75619
72251
67853
94781
23117
1667
39631
1511
45751
1291
72493
15511
11701
6833
69379
29287
25153
33487
17483
35323
5923
80221
99497
69431
54829
46199
32381
96779
16333
56941
39367
32353
7121
18661
87881
78823
86857
38851
77317
68633
79349
99053
4219
61211
67
33599
18979
51347
51839
42283
79823
47951
97787
84979
61637
10313
1543
24907
43177
23087
7219
22697
87739
81299
26111
66629
60689
59617
64919
58237
96221
5471
39791
54269
23753
52289
2203
45013
97081
24443
75683
269
83009
49139
85091
30931
54583
6173
13337
19441
13151
94441
67607
89909
79319
17977
20011
89009
70079
60083
35491
75709
40841
88289
80917
14419
59581
70157
55219
96167
55171
83383
41681
37607
43951
84011
43541
49367
97511
87683
80309
21089
69371
17791
88919
30319
49831
10987
82529
2579
57847
9887
641
41777
83873
48157
44771
67189
22907
69073
46477
92717
66457
24767
90403
48197
37369
34981
67057
19583
43411
94793
94961
61637
95971
16427
72973
22051
51257
89599
31039
5351
74363
54323
31607
863
1019
98129
19213
33767
41941
62773
36269
17207
84431
44819
49043
11003
5483
37957
52313
22699
49193
20063
57427
63419
23623
37589
48751
74587
48733
45757
62921
36749
14827
89459
99497
45823
37871
51427
78193
21647
28961
63737
2917
14057
77069
47051
5059
77101
37633
75227
52301
11621
38011
9109
30557
7841
75629
1499
93491
8573
92683
77017
70121
56009
42283
7853
35461
33923
22091
63097
3389
17863
82067
4817
46687
75707
53987
5743
16139
43397
78041
21569
36847
52627
8387
37853
42473
23899
4373
24659
2437
61967
56209
84053
11833
54437
37537
719
67429
42073
36691
28687
92333
82073
13
89477
92927
45077
55259
34607
22441
3371
12473
50683
11273
56453
50159
66373
7919
78889
33353
26371
77687
45763
51719
6329
73529
23623
5479
82499
5843
98047
98269
20047
77899
85607
12043
54163
67307
54751
6397
89137
9311
85021
12511
61357
38183
5711
39163
8423
21023
84827
96329
58313
74857
11903
25577
60733
65617
439
11299
62129
67189
42569
62501
6689
8089
22157
11987
58199
55117
22679
64577
81083
26717
82613
51769
76733
2621
74717
23767
97789
14683
35911
96737
55609
64793
8719
92801
14423
32561
45161
33211
92867
75307
13463
14449
79979
84307
15461
61331
89273
6491
77047
9349
45361
98953
15359
71987
27061
54851
4219
69259
28351
67343
23497
20443
35801
84811
827
89393
24847
53113
82021
17321
739
13877
45751
87557
5749
96053
30941
19031
36131
77723
5879
85429
11329
92867
44851
79601
75407
53831
983
61469
18401
1933
84299
70139
83773
61463
60209
22619
18493
13127
37853
71569
39569
15761
35617
641
19037
5591
39343
58411
5471
56131
66083
20759
25589
98807
50177
44839
11519
1741
95539
54377
59221
91229
16231
33617
9781
1429
28493
32233
11743
23539
26591
35593
1433
29569
7207
55469
65677
76757
69593
98407
85889
97649
69557
48383
85639
27061
99733
67967
7559
32887
35381
18503
37159
70321
39619
19819
19949
5009
87313
78317
57943
34589
63029
54437
64693
2857
31849
13537
39367
67021
42727
233
80681
84307
57527
76667
93151
23459
13291
373
71249
50647
41051
57991
523
22741
32297
80231
56531
87181
94343
10559
80783
2663
84181
6247
55541
79337
95429
66733
76003
1321
77713
60133
8779
99277
57709
14029
44729
48119
74873
44843
18443
22367
55457
54767
41983
56779
29297
39409
15287
43579
32003
29209
36847
96959
13709
61151
13367
38677
86083
56443
5827
93889
31271
59779
79103
47351
21121
15053
73237
97073
97127
33487
98573
51031
8893
45869
12703
5903
21767
97549
82393
46831
47287
90437
70867
42487
67231
2311
32531
12917
25969
2381
28949
61583
69061
54617
36137
62731
8951
33589
84163
56747
11257
35083
31859
17839
19211
29063
16987
89959
67939
38593
37853
32413
54583
34273
67567
52727
35317
90407
46099
22123
44789
53411
53
67489
71023
68351
56087
74611
59981
78101
85853
20593
71597
38047
8663
78041
42821
83357
86111
52313
2729
7793
3823
181
81901
10639
50231
39161
37517
12689
78577
69941
64151
75437
1987
61471
71983
68477
79153
34763
26681
62723
65029
45337
2143
32077
72977
14057
30071
90709
68141
39019
25763
6203
94693
67939
87491
15373
22343
75913
4157
81199
62323
83813
89779
17029
47279
44711
78823
55103
29221
16759
22343
52859
5237
85889
27779
30643
81371
69767
4241
94079
85903
63607
93601
85429
11863
41213
23203
69401
18773
35257
89983
30559
91691
19753
32653
8231
27967
95063
68927
15907
57973
64871
58271
69143
17293
21859
48407
81619
89603
50047
79337
1877
99289
81359
67399
44267
54139
66883
20089
29863
32173
12569
66499
25367
93629
78553
17183
48647
32783
48809
58613
7817
19889
24239
54973
73387
74279
70619
29401
16433
72167
86423
11257
17569
21803
89269
58337
42433
25747
84967
601
83663
20947
65837
20431
2621
67723
58511
36527
47713
61751
81637
69149
53639
97303
31511
24671
7411
107
81163
44351
54331
30941
88793
90379
80167
99929
47533
47287
29663
33331
61469
25951
36779
69911
91811
14633
67181
34781
29531
78367
97861
48767
59557
71843
61343
14771
84713
55697
84523
5581
65687
1693
78157
98689
6131
27737
23041
28411
81373
41947
76421
35227
26479
48259
12413
39409
30497
7723
21517
10957
15497
941
75571
74759
48049
18701
61511
82387
18917
42433
72931
85991
30631
98011
68351
42509
32069
22807
34949
30509
58099
60289
24379
62071
58979
37087
17419
46399
12697
81031
90911
18803
12329
1873
80849
55691
85703
27617
64579
1801
81331
19891
84407
50111
46187
63649
62417
57287
69493
43963
19207
72379
63587
56813
82219
53681
49211
86197
97919
41149
1847
49193
97847
60733
85331
86017
97729
14207
78229
76991
55213
60733
17669
81899
65563
31729
2393
75367
84977
97613
8693
26863
60449
86017
19597
9221
84239
9907
19699
82699
91453
97919
41057
20749
4057
49109
37501
29473
75521
82037
59929
12841
96643
31237
52631
39791
8363
82633
9601
97549
35573
93851
31817
50549
33479
73757
22727
2081
50627
11393
92623
90271
66821
35107
42221
84521
5501
79823
8059
47717
94583
58997
40879
16421
67619
16417
563
44927
13469
47137
40531
37607
29641
77137
64891
23027
17851
87421
75193
94793
65707
82009
60923
44543
60337
59671
23537
28867
18217
33547
93719
36137
84659
7207
103
80251
33569
10151
74317
66949
46073
75521
72287
36479
23197
66239
11321
69401
71597
48611
28057
91369
33461
11443
97883
37039
95929
33757
56773
6271
39877
79537
76733
51133
6659
6329
50441
2179
3011
45659
26833
87911
73589
43969
13183
98713
99709
99859
27259
57467
67061
46093
29347
53899
51683
71821
53453
40697
96097
78889
27967
99971
84263
35759
53323
83449
8231
82007
80537
56687
89203
73727
90439
24907
38917
3449
577
5431
60869
83833
59863
8819
40483
23339
61031
76649
90073
81737
22639
96589
46183
5059
53759
30839
71663
70991
2693
76541
65951
57713
17137
93319
80831
99559
5843
45389
89833
35401
25189
23509
54013
29201
93787
20731
97301
71917
84631
38677
82913
36791
15091
41513
70969
18719
75223
55691
11299
27011
46559
22993
25229
31607
41897
36637
10357
27581
46589
8237
88379
95947
12583
58211
49831
6653
35291
35527
92311
10771
41957
14143
4789
97073
24749
70457
719
20743
79657
12049
13171
53239
16433
2221
56041
89431
2411
68777
13007
15661
35803
28087
5351
36469
29009
37123
6899
85831
26113
56527
5527
52361
42227
42187
62731
92581
82217
7393
43427
74873
77491
81019
68611
49277
29347
50671
631
15137
49943
94789
37991
40039
46229
87427
52361
99439
67763
55411
16987
68443
54419
5333
19541
48623
31723
25243
15061
577
4133
4363
62791
39343
27751
36067
24151
59447
17971
67217
17033
2011
87797
87803
7121
65927
15581
47917
68611
77023
63781
29231
919
81331
49801
30271
63059
11113
19991
14723
22679
97511
1429
24683
28087
87961
99623
12437
48661
77699
8581
87281
92033
61819
14891
45817
68099
28109
55901
20357
8243
17909
77699
92503
38803
71947
71563
59357
6491
21841
64091
181
32429
33739
61717
95801
74149
3761
70111
47629
4327
9403
85517
14051
21067
1913
57529
6211
92189
33941
83047
34651
43649
41141
29633
83833
27361
21943
56993
95531
61409
9631
24971
62467
67723
19681
71699
52313
8573
72817
61871
25577
59921
349
22129
86939
98779
11549
4721
91127
78737
71941
83357
24593
16427
18013
32077
81707
25717
4079
31139
31079
28541
94531
3877
60449
39719
30389
25951
45083
59833
64283
65983
34511
87121
78803
2003
15161
87767
7853
83177
3557
72763
56989
6067
5717
85513
47309
32423
83071
32783
57097
18287
23447
24247
32213
92737
53327
77999
47387
73303
78593
89021
42451
683
95383
37799
98011
32503
49627
19009
47147
88379
77171
75553
60449
86729
56951
25841
88813
87421
64381
7079
2621
97159
36899
15161
92111
54767
33791
11497
3931
97571
48371
91433
80221
13183
61417
47819
69403
73607
15277
90197
5153
85889
14153
72497
95723
22943
74897
84089
373
8087
46499
523
29401
39883
73421
67247
86453
85369
37441
44267
51157
71333
19699
71261
98009
15823
49031
42863
46679
31799
48119
4261
2939
31189
80747
73477
84181
21031
45497
8999
97967
2311
2477
14347
81041
97879
1193
39241
65777
54361
3853
98429
20507
36871
90787
5821
61729
72613
72817
90481
48623
20929
80627
8573
48221
21163
55117
89231
91807
31547
13313
54559
25583
34961
9227
8231
32099
87583
83177
1709
60373
18433
14243
30869
73037
12907
6473
41047
69677
4937
21859
9857
63559
67411
96469
90373
20353
19237
33469
8467
25163
69197
2789
21313
28541
76757
42437
31393
52567
65323
57241
56009
73553
90911
79967
59029
23399
49057
69691
81971
33409
17021
81343
87403
7703
39043
85601
43867
75539
20249
24847
40577
67619
59351
49201
40771
69899
52813
14341
54833
39443
41911
59167
6701
60899
16963
40771
42667
61231
3271
6733
32479
71081
46187
63031
85331
38069
99119
98101
39397
42839
60943
58199
3761
79769
2131
89681
6421
65993
19433
7741
94439
95467
47711
92119
57271
14423
31531
95819
93827
8863
16493
17299
47017
12277
69203
4007
63443
12917
43613
81101
25771
55547
91367
8423
17167
48409
40801
8543
12911
95443
82139
81953
59333
34183
76261
32797
16057
36083
90053
6983
57283
36263
41999
93263
80513
65119
28949
79801
83
19891
91127
18199
39301
28541
86573
55903
56597
32707
27409
98563
76249
31771
75403
16421
67369
77719
50311
26993
12251
70937
181
46559
79967
7621
54409
22027
52189
43261
48649
87407
75821
54949
35533
67709
31307
72551
2081
69481
26321
31727
18041
29717
19801
89909
11519
82507
14561
42787
173
5717
10457
93133
7321
26083
29269
16553
41849
37847
60139
22063
48539
4159
49193
18269
8597
95093
10729
5387
81527
8863
18541
75979
13339
16063
59729
38629
8933
92801
12917
55579
19429
79153
92723
44773
57283
85369
50321
31193
93979
73607
62723
36571
13187
5717
79549
20807
34897
27011
41879
16223
30643
60631
85733
89909
70589
13913
66083
82487
50651
6967
1459
35869
71503
99623
75037
96377
75743
29663
60943
63901
2221
37189
19753
84761
77999
17923
11317
85817
36821
6043
99173
91873
53437
45329
33199
48383
17551
14281
87959
73651
113
15241
20029
35729
55103
16033
12923
49853
84719
37633
1381
97847
86461
62873
62467
11471
37057
62791
47713
44203
3557
67231
93941
31963
34123
49711
65033
47129
18329
62659
8039
45541
761
6451
41879
36151
37747
66491
3323
75503
12253
57173
10159
66763
25951
12413
70823
57193
14081
73819
88019
977
6637
17207
97961
64271
58789
86501
80779
13967
18803
90833
2267
28537
77263
3067
72953
29399
46181
41893
72461
95257
74381
57737
64171
74623
20899
17021
12791
41651
27031
50411
2521
36761
63097
22349
86341
32579
12569
8231
66601
3637
75521
92387
32579
15233
86029
87103
35107
5233
24547
14629
28949
32707
96907
57143
88937
75011
20143
39503
1279
37529
28277
15383
85103
88493
8039
20611
32803
8329
57467
83047
13751
85711
39901
15733
32069
69877
49747
82913
22277
94727
21169
59797
7901
44389
7691
87293
91367
38629
9127
34759
99611
74527
17207
31121
93563
86077
7829
18793
25951
46171
83813
40277
74929
57557
52747
91577
15329
79333
12379
1297
76543
4373
6703
90191
12097
46337
95093
86677
8599
21089
42187
3823
11981
18041
17921
93427
72931
78809
48767
43399
88883
70423
22067
94789
34897
71419
78707
89329
41257
24317
34031
68219
53653
72461
67273
31231
67783
25919
93319
21493
32057
14369
37049
19753
42737
9851
62311
15809
68023
23627
23339
70663
2749
60257
89203
22777
34703
76259
49843
58271
79103
48341
63577
33203
39503
54959
14479
96799
53783
44293
95239
2689
33889
38239
3253
26839
7351
90977
99809
72077
45827
3691
22037
90371
4463
43313
80329
34603
84313
47501
49207
8969
78233
72253
52571
84913
82891
88789
97177
72313
16421
53231
55897
40253
87701
99871
71999
22907
84137
58889
24781
45751
50287
68399
7001
12659
82723
80513
11981
71789
24421
37181
16301
62191
52127
92681
79657
16381
73013
41603
42283
61283
53569
14341
61409
92857
97387
87103
28229
46457
34471
4211
23369
22051
22573
48527
19081
28921
8111
12107
54521
96847
3557
20983
19381
11959
16747
37
42089
41203
45667
70549
25541
3761
90511
8761
59887
20939
77269
93967
8647
86399
64171
78439
8387
56263
23293
7001
25667
12641
66569
3559
89443
64283
4639
13523
81547
50833
68993
77477
4363
98257
99391
39829
93997
7561
58243
24071
80387
54773
98939
39733
32371
82763
24971
2713
51439
21407
8011
41981
16087
19079
60133
65239
30161
88903
46993
52967
66179
41507
85843
75767
5351
47119
35447
15331
3329
44371
1997
72089
21221
15527
25111
38299
10729
35353
54709
42323
53129
75767
947
4967
16979
6089
92737
92269
84181
27799
2767
56531
88897
73351
31817
8747
82531
14479
42509
74419
61643
40597
76607
43607
61813
79979
96281
5827
72977
2213
9239
57487
26921
11329
25673
69109
50581
28909
9781
45377
29761
6949
60737
85601
19993
57667
75253
44071
45737
22433
24547
82279
67447
98641
80039
61703
13
15271
35323
78347
51853
7541
49223
86069
85361
7727
47521
1693
78941
31
27539
37991
74363
77761
41981
5381
83431
79979
37489
35099
97943
46957
80429
20173
10301
55009
83449
38303
2843
2953
65717
56249
4951
98317
66449
99469
94307
3251
51973
96443
28571
42967
36353
17257
99173
74779
1699
65413
96281
16673
94379
22807
26209
34757
18059
56591
41809
76907
65543
42131
99149
34501
53609
28319
71933
62131
52189
50923
43711
73471
30011
31873
33769
39133
54767
59443
92237
9677
22481
37529
42797
37573
54517
3593
22501
55691
85751
4943
63131
7219
31181
2857
48481
64567
99767
31051
50417
47111
30557
61099
33599
4751
15269
36671
10061
47837
92363
33199
12149
27947
77431
75193
3049
15619
3559
54251
20183
65839
65407
94433
81359
64109
47057
23509
27689
93887
40493
86729
21863
72613
62869
181
13451
64919
823
8681
64849
73361
11887
14243
90679
58741
60761
29921
25657
32687
72797
56503
77263
12281
87959
56569
10259
47659
56857
67057
61381
32063
90263
55001
99131
44021
82207
59077
73351
89363
22397
28547
47869
51437
77383
34057
24223
37657
22409
83719
79979
62201
17581
78031
63601
98251
42181
17669
16981
23431
99559
96697
20287
57397
92707
6311
42451
45139
26813
79153
3643
92077
58243
95311
66763
53323
34301
5279
7523
35899
96469
5107
20599
66047
71233
331
3449
94999
509
691
853
19753
5471
46751
67391
4243
58367
80621
94291
34961
34367
95429
4271
92681
53551
22777
70969
4229
73483
45863
24851
13007
67021
31393
69833
20759
12413
44087
32839
22441
64763
20101
13451
58061
3833
28603
3673
63607
40127
1409
47251
79601
94219
43481
67003
51157
55967
84991
65647
48767
99713
74021
89681
95213
68897
75689
5521
52733
38299
61987
43991
6883
44701
13411
84407
51719
15881
77243
49367
50969
98017
19319
57427
797
3037
53629
29629
26113
51893
80929
1021
80071
16139
82223
47623
27299
76541
78139
47147
82471
29123
97829
32749
43291
61543
86311
20483
15937
53441
6997
28517
77849
69379
5107
56783
31277
96749
40801
59797
9851
53441
89399
66361
82567
72907
79531
49367
31723
66083
56963
18539
41957
87211
98597
93523
15329
25411
62581
9133
18457
479
32099
94321
31469
45959
95773
20129
46237
1931
33359
18839
68993
19009
63317
97777
37963
55147
16447
77093
57881
75833
35461
69061
57329
48883
55589
6257
4373
98939
77699
35801
80513
99409
44987
40739
43151
24977
73331
25703
72467
37957
62171
95597
26863
50033
69127
61343
94169
29059
54919
3391
1699
94343
89783
52721
29683
10531
64399
21407
24499
25349
89809
47917
70141
58757
50047
67607
20641
47563
87977
49451
91969
78919
99689
30931
28859
29
28541
50527
43499
32029
40387
40471
22811
61561
26731
98639
42989
73037
18061
68399
91873
66541
98251
15541
60373
19237
76289
27409
50441
97927
47041
57641
89269
92311
90001
76753
82571
21277
42829
33311
98597
91127
67757
64373
58049
76597
1609
49121
55711
90917
27409
92317
88493
57149
15913
48571
64333
8389
797
46691
52051
53987
46829
49177
42283
86137
39863
45557
28151
46747
25639
26261
91639
36551
58991
57397
98731
55109
1997
98533
41681
10321
98563
82981
15661
71143
92221
58727
75209
99611
19087
48413
70877
93133
63079
5573
31189
24611
49253
50231
52181
32771
14747
49463
5737
3457
17183
34019
50627
42139
65011
60271
74219
30211
90199
77029
60727
73679
69313
30181
56197
94727
94439
30809
25073
10267
85999
31721
67003
5573
3119
5279
31333
29327
71711
63313
2203
19469
69313
48883
49823
8431
26687
30211
15887
77969
2833
49991
22283
38047
24547
73019
39733
61547
41777
19073
50777
84589
31277
34511
72907
62563
19727
25247
13
81071
76913
56597
66851
31517
66569
35461
41491
94291
82723
21991
63773
14831
2267
18919
19141
92237
65929
29327
94331
87223
20753
24677
40111
55351
2243
23251
20749
42187
36919
13463
53239
8419
74377
17117
88867
69259
93419
84919
45553
11701
82997
40763
857
21379
20771
10039
10831
60917
35279
73471
66047
86711
70039
81239
82939
67213
77983
51169
32401
8923
58061
9433
95929
48571
27739
12983
60589
94427
82939
26029
38039
45817
97547
60293
46499
14389
30181
81013
74611
92419
89071
95783
68767
18917
11443
491
26029
37991
68993
85027
62897
61519
41399
31583
2027
79159
96557
74021
26249
99529
81509
36787
84163
78487
27509
35677
26099
8741
3449
14947
39619
91397
55051
15287
281
76253
24481
65687
75937
98713
47741
19441
4673
77801
19793
95813
67523
24767
15559
11329
82787
54287
59069
31567
48761
58699
193
54163
94789
60413
30689
761
70501
61333
38287
35963
30161
83761
43541
62723
19037
65309
18353
14519
25747
17333
42013
18397
25153
28097
28307
14779
12907
23977
81629
34231
601
72889
78317
22397
73783
2687
49307
95107
66083
21599
33937
46877
55339
50741
35081
24551
39659
35107
98869
53653
94693
66841
48757
42751
16763
65239
53441
8287
32537
17159
20443
157
2129
57689
48497
65789
50767
28219
10651
10513
24029
67709
76369
90547
53231
59119
5281
11953
20921
43789
48611
31379
47969
75167
48017
80849
8753
9421
48817
4951
13781
29531
83891
68683
80279
1249
8089
89597
66713
3613
29633
3329
35837
35969
94273
60127
13259
85691
56923
97987
96149
28807
21149
18521
907
98893
17491
6353
5167
82549
42953
67453
43313
20327
21893
37549
57131
56909
2423
24917
87323
27947
98473
58193
70549
5261
8501
63709
40231
3181
13099
68821
38299
96697
52153
39883
72053
71719
11987
17681
34327
45757
77521
78017
22807
10039
93683
73589
33829
26153
53891
80449
29
90703
97379
56503
43177
51137
56369
55763
24083
1471
40361
7457
67867
21023
22031
37309
35291
4019
12379
97283
70373
20143
26107
45691
35083
29401
58943
22637
85667
79399
20551
48197
40939
60923
14657
34127
25981
79349
75653
43223
66601
96431
58151
9781
45247
53117
8087
79693
96487
71143
56891
77551
88811
43789
83717
95479
33493
50053
42701
25439
86197
50581
54139
43997
55457
20563
4937
37171
37447
90833
37273
26021
87181
34297
60127
3313
68213
51673
3803
35969
42677
70019
92269
7867
84299
75997
99409
1483
7121
19181
42727
32467
96601
563
1381
78887
24251
80039
52237
85451
69481
23159
96053
47441
18223
42709
43
52639
14869
14341
14759
24923
70079
78889
3833
22381
41389
859
73363
26371
65557
46549
42533
77263
72869
34757
93187
17183
51859
83933
52103
40697
77689
54517
56731
4651
56873
22877
74903
53281
13841
65809
40709
75781
95261
12413
44221
42043
17047
13441
32297
6311
6619
62323
577
12097
78989
71537
24419
46103
23981
19949
43891
56591
67433
3929
8861
97187
94009
11867
58907
34141
81173
98929
67429
82393
28219
40543
86117
1783
21929
31771
75211
69623
71569
33347
73613
24419
64231
41549
90217
98801
36607
48239
25933
11057
98227
75539
87037
77213
26459
25589
72287
19853
76597
8521
58309
4663
2557
58129
69539
65353
57667
57689
67559
90511
5333
92641
32233
57119
82231
42719
5231
77681
84349
65323
35317
3607
14731
86131
85009
83983
66413
61637
61603
33863
98807
51461
52937
20947
18329
24197
54193
5527
62351
35099
6619
45863
15241
54983
41549
83717
23831
74729
92479
67187
34361
6079
7433
2281
18257
67399
58741
40471
51169
95257
25801
37463
17681
23981
89599
79031
1579
46633
62873
15467
44563
41947
4783
19993
6737
59567
63589
2909
32611
9437
6521
3209
11821
94597
90499
58657
87107
50111
56053
36299
42331
3947
29947
44129
13337
74413
19583
97549
71963
34141
84467
2633
82483
86491
15511
93251
4621
79561
71971
31139
95087
86357
87643
9697
853
36527
48751
79813
439
20749
73547
88411
73477
58049
30727
13177
13829
3581
79801
1811
83071
12671
22613
28859
6263
42569
18307
14879
821
25759
55339
81551
21019
68531
83341
49117
79861
87743
79907
46171
87541
59447
1163
53923
3109
56269
4177
28297
29819
49807
10267
47339
98321
80191
51839
30893
92243
51503
3697
5101
35851
14149
28807
94603
80177
37619
21487
16651
62401
65587
32939
12329
5167
32057
46601
28879
52457
61381
63737
73189
26459
49921
96749
19471
14519
98047
44123
87299
48571
10597
86693
7499
34883
17327
67493
55711
35327
55603
95603
61813
38219
6277
16477
29401
17203
71443
80239
32369
233
82021
68279
26449
56237
99103
99877
3037
3943
71429
32707
61253
90947
4289
70621
54877
31847
75307
88007
94433
21269
80677
18691
19139
37507
44417
28909
28183
89431
73607
85487
7549
32693
13241
14447
11779
27733
41669
24481
19471
73133
79393
14347
39163
98419
46511
30367
10789
90247
92173
85643
72161
63541
44711
64333
41467
60497
42331
74561
9619
78137
67531
86561
37879
98473
21871
48383
8017
28019
22943
8699
37783
70001
56813
1051
48179
50291
53479
90523
82393
52103
87881
56767
60017
73387
16187
91807
58211
38453
97847
95773
42689
82609
83219
32561
91673
6829
13009
9371
9349
54319
61627
73459
90437
28439
17827
5843
78779
4159
3877
16651
88861
84523
92987
14551
82207
36007
23629
58229
36013
40429
24439
10289
60209
76537
64997
63577
6301
20129
39709
65119
44519
26153
77719
39419
48847
62617
89071
76597
29027
89153
54779
22541
62017
87589
93047
24919
14071
74099
18539
18541
15647
22549
1777
4051
36643
55219
69767
36677
80363
13709
91867
60937
62017
89533
88169
62473
34613
72533
89317
24439
95143
38959
69221
45557
78437
12809
1181
90059
3943
21803
27827
13217
90709
96353
13963
75217
5653
83231
48383
37879
62987
62501
29819
58027
79657
91019
55351
37537
8167
32401
77239
90191
7159
52181
44819
47969
56737
70489
49417
50329
17881
91393
29983
96013
29983
13003
93937
16249
80917
92987
68399
47441
70351
65257
63857
55813
13841
38959
93601
87877
4229
50321
52541
95959
53699
96431
58909
84811
30977
31181
70457
60373
73973
4951
49117
10009
52727
8081
72497
50923
84869
97081
15749
78919
53231
63913
91493
40609
56377
20947
64303
86869
97327
21841
77101
26479
77551
24971
18539
37573
6679
99881
39157
17789
74413
50627
48869
34729
95773
86813
20759
71993
43943
1319
10457
94603
15601
15277
42937
92789
88463
60041
81119
81563
81929
11807
2467
80783
12253
6637
17417
62731
69401
43319
2297
25229
90469
56171
63743
54181
54413
35311
9791
70457
32719
88813
89071
98837
50111
27427
10861
5563
4003
881
54979
97007
66949
53653
3089
62987
3877
30271
13913
94169
23189
32099
29947
38873
5347
79559
33353
39089
85793
16381
28579
35573
449
5099
96493
73327
86341
31477
14341
37061
4457
56333
46477
10957
72997
34747
61099
87251
90931
99661
19267
19727
72337
15473
48029
66947
38261
57787
63493
89413
83921
82963
86719
32707
29009
10559
38611
89513
8669
16607
38053
73127
64817
59399
5039
32719
46489
37397
48859
28031
34841
91529
58771
18133
99551
98867
51461
57149
71237
61211
93479
56821
619
7351
69739
85081
59119
90289
65731
78787
34963
6073
5651
55061
38833
79613
1777
92459
7589
90731
72883
56149
25639
97549
72923
41221
3709
69031
60331
71413
63277
94033
42157
64871
31177
75041
33749
20981
58147
29789
61223
15797
84391
16447
5791
14281
62921
22943
39043
64937
2467
51413
20287
78479
35117
47869
99571
42929
44963
68917
54377
15473
28201
50773
29429
37447
67777
98429
16127
19603
66721
79627
34159
32653
57203
15073
24169
13151
80341
66463
40933
19273
14197
61031
14891
50821
63929
8087
83873
941
23327
49033
14639
5437
50993
47189
14519
33029
5503
84533
74719
57493
46877
62723
52673
52837
26699
67957
1871
98443
83591
55103
17341
83089
51169
66923
91957
40751
33829
24889
67957
6781
18169
52733
15427
92861
17047
98981
79609
6829
48523
56503
43403
93053
74377
79147
19841
53549
40583
60091
93497
95737
10303
26693
68597
23327
99877
99559
97879
34147
53093
283
18973
82129
32159
30467
14713
70177
91807
9619
19259
17099
86461
13907
13799
20693
24481
54503
74717
64817
20753
63179
56687
22307
95959
23209
56543
99809
77687
95713
56239
84467
77773
17851
66361
82811
8123
7417
32983
13339
34127
41047
21787
78887
38351
77339
22277
83047
1031
503
60343
95989
52201
35753
84389
13001
11113
72341
93281
82387
5147
20393
62827
97463
29453
36137
89597
83477
65521
21227
70051
45943
34763
5527
51829
7703
67477
69263
96053
44917
21379
5827
45329
79861
77773
29333
32401
78031
2293
79867
60449
62201
65581
56359
69833
36931
44357
95003
67129
61507
24923
5333
22349
70979
39371
36451
96979
42797
6961
93229
43591
9433
10691
92707
6607
54493
15887
15427
241
4649
21767
81619
2693
239
67429
20063
87211
1049
41399
54959
6287
54773
68023
78241
98429
48073
94261
29483
15607
2129
67867
58109
49711
18121
19379
11047
71971
77641
26951
62581
20177
99823
2797
26863
32183
93529
71933
46439
5701
88037
83273
88019
63629
71807
92753
58937
30389
57287
107
33199
79669
99317
54269
39113
49277
11863
79843
57329
59663
23561
24007
53777
73651
6199
57389
11813
17683
89051
10837
29221
271
45533
3511
71719
80783
39313
8369
57301
63527
91081
32233
78031
29209
11719
41023
35771
38299
27457
22397
67189
59233
33931
46679
45161
88321
29629
11311
12541
32237
28393
67189
36161
82361
66109
85081
78877
13963
66361
99527
23279
52967
59369
74869
61231
55469
51197
35771
73699
98123
64217
68749
25031
75641
37847
35201
69899
22397
5179
64483
50261
62639
16361
45307
39181
34679
42863
73517
70849
95881
58613
73751
12107
4229
82811
59083
37799
1091
24103
28729
20887
43597
95461
15583
17929
7591
55823
90403
49393
58207
46619
64663
21121
23021
24547
40241
50417
36373
41879
6203
23719
48779
31601
14843
92657
9187
78919
93761
76001
9767
45979
48761
17231
30137
97379
45763
31567
70619
3529
46061
2741
58237
21751
33343
79367
59093
1097
80911
92479
997
69497
17021
85903
8039
59471
18191
72671
81163
80651
79579
83903
24223
22567
37691
8629
64373
24953
20231
47563
18899
89069
43691
22441
17257
10457
78989
9181
67169
81517
3821
13259
33577
18593
84787
76103
11273
66919
36217
14759
6029
92707
57179
85213
41203
24029
87869
84239
95429
38329
74131
70313
10753
26981
51151
53239
39929
86981
15733
76253
68767
47353
7873
13187
44879
68567
41651
34759
27701
9769
75269
19141
33013
12641
2797
14341
40177
18899
44101
91151
55721
41863
75431
50033
71389
79399
15601
65141
65839
67211
12119
74941
47123
64153
86209
73291
98669
54617
73553
56237
80627
21803
14891
5099
83383
52667
98009
16519
66449
28619
65089
823
56663
8147
32621
62233
9679
79889
27437
95947
89599
51341
5171
48473
91127
43517
85903
94793
52237
38543
1423
54037
26407
65921
48673
35023
92431
91921
75557
22549
51899
70271
86959
30491
20029
93319
32909
50957
19571
49727
10069
659
50741
18719
54049
82067
76283
36809
55217
59471
72707
30323
50849
2
44741
68507
36097
87299
47527
23563
28559
1889
35099
62581
50021
83077
43943
58217
14369
63601
5779
40433
68147
70379
3299
72679
59513
47699
52321
80329
48121
22567
40507
51971
2351
44203
74093
95231
42589
983
77681
28571
87133
50459
95231
3673
56929
12343
21683
6367
23971
55061
73571
56809
15667
97231
7457
83719
53623
81547
773
86561
58049
19979
51511
42433
33211
99607
19249
61813
92639
42407
21767
419
87943
4421
23561
17393
6733
63743
36847
30029
47569
69011
77279
74747
24169
6397
27361
26723
18713
2683
28283
2267
7717
19121
41221
2689
69857
39929
16763
34703
49429
29363
24337
30949
55733
48761
73361
32969
63247
55207
37997
25583
62417
6703
37019
571
66923
36899
46073
22039
73877
16091
63421
33119
80683
74287
76961
12539
49871
82421
20117
31139
80651
8147
48661
90007
94543
23561
93739
36083
7297
87631
98299
10847
93187
37369
25189
35923
1777
89
32771
84559
36251
68311
50131
10847
51047
72871
71999
67733
20593
58909
51131
88499
15173
9613
45077
71917
24683
82723
48779
72707
55229
57089
82139
1231
69233
17
53861
80779
3643
94543
30553
94033
65867
36629
94561
68687
89083
50359
57347
37423
93637
10151
499
10979
3467
18127
48989
91199
95881
3461
71419
89519
88037
613
8389
75937
65521
56081
63031
75403
22567
769
25999
6389
47981
571
46663
49117
96847
62099
22679
49727
52379
44789
85121
84659
1993
74903
74143
72679
65119
95339
83423
71419
5557
3433
51421
43987
64271
24989
17053
71287
64189
20173
8167
72367
72337
79979
49801
86161
1361
4229
35851
56999
85363
50363
2063
93503
49057
50459
25889
28547
30893
21617
87767
92419
49057
22807
41201
62653
52567
26693
57719
41491
94709
17093
54851
18913
42967
32503
49177
38327
85621
4423
98809
52081
52937
54709
78229
30881
6869
55529
87811
38351
86351
87299
30689
17509
827
67073
7297
85669
74623
79103
54413
9431
4357
87721
62047
14891
29669
26261
42727
11497
6977
18301
3917
3727
60901
46351
1423
65581
39409
31091
17231
77003
72161
67481
51853
96823
47713
5683
8543
63067
36599
10133
10453
12703
14627
42443
41081
63781
53051
53507
66221
863
36779
72043
18413
56731
42557
499
23071
43391
30661
12743
96517
60103
62131
86197
65111
74051
3793
82889
78241
83891
82561
83437
56149
75161
36671
71171
84751
94111
79627
52051
2441
52069
18541
25939
29339
59699
11779
83719
11273
8699
36061
75743
28111
6143
81799
17383
85091
97231
38039
96557
90191
15649
29429
17657
33767
29269
10889
63377
9811
27191
6389
55057
41491
5021
49921
56377
79777
34267
73819
33703
131
42209
70619
97861
48757
12809
79757
8623
3109
74587
52709
24841
93809
31643
17863
63131
91019
87211
31267
87313
77591
37889
21391
18269
43913
24841
14947
21997
41411
94793
4937
30241
44053
54751
27611
39439
8677
5683
65713
38333
87083
13697
64037
20479
92051
31189
30241
75583
81817
22639
1933
26891
53017
41
93889
14249
92237
79987
3671
45599
67829
83207
84191
95507
98453
24421
95483
5623
9887
74047
63901
73127
28183
6719
47569
78479
4561
21269
3361
6551
24749
56957
74377
5827
28559
68437
49597
20233
76289
37717
86183
29501
22853
16823
26003
27277
97231
39679
86837
22303
19001
61483
51659
8627
30091
10891
13619
57991
89959
91079
37337
49201
84199
36847
72421
60133
70429
6857
65951
36187
6959
48817
98213
8353
1741
55171
15907
75169
23633
14407
16963
76367
60679
10891
62983
263
98321
6427
14723
61
63211
78593
75017
62191
59093
88997
41669
51973
62731
57367
85999
42397
32381
70589
13907
2423
3203
24029
25981
51721
12917
33521
21727
53353
10847
46091
77261
21817
64301
28069
14389
52697
1217
29921
33149
31081
80107
9973
94693
85333
89393
77783
18713
12641
17191
48539
79769
7927
98347
92363
25457
77137
85549
71353
46049
41651
84179
21961
80489
32159
19841
39023
15791
66271
89113
21163
34757
5233
18899
64853
92801
54269
1663
63421
29443
86413
167
88003
96799
73583
739
77279
5009
77153
38273
98713
73433
33601
5711
26633
8747
82483
78049
53407
47951
12343
29131
68501
93893
75659
7559
47363
87547
63649
55529
52163
17827
77783
32573
6277
76651
30911
75013
59651
58991
36787
2713
21611
15551
50513
77747
97973
31907
20849
98491
26261
74869
54547
56843
97039
8719
11257
2633
13217
58687
40213
72949
52697
69677
66763
26309
11243
20707
57271
5521
66863
29927
70549
34301
70867
96053
139
84059
4241
9967
49367
69197
24527
57679
50131
87613
85733
11777
83813
34273
5347
90473
18919
30949
20173
87691
93913
55717
31231
91297
97849
19961
80833
43607
16493
16889
45403
93491
78283
52067
23743
8573
52727
19973
37097
39709
91969
15299
6569
74201
29411
50129
40759
10781
26993
87133
60793
75659
62929
67489
65203
12437
12109
16651
89261
99053
6983
3631
33751
75767
63977
40639
98251
5323
24197
15641
40151
97771
77893
24029
18457
77893
47717
50263
49681
18143
16361
36017
46523
59707
9601
45247
19997
82139
50581
97651
39551
6991
64271
67213
70381
85667
48247
59417
40559
1987
78439
17981
81629
5711
66337
81737
59539
16937
11987
34483
85103
78941
32797
43613
21059
93427
11839
91753
57179
41969
16699
36923
55201
47681
15797
57529
64879
42209
95143
37717
14479
72161
47951
29473
22171
70237
19333
41243
39209
7393
32717
21673
82997
76099
49547
50671
59921
12697
87683
32369
51511
52189
89449
42061
51577
54151
55249
60139
5107
99667
37589
52529
49157
78427
91367
70639
5333
53831
34819
52967
37441
61561
19477
35069
16649
27367
35291
36107
21317
33629
96353
59729
69163
11027
41231
55501
14173
90403
47609
11969
64033
93257
3181
92179
29819
29873
31583
55249
98041
16927
91159
61613
74047
15083
42307
82813
54037
1999
42017
73727
13147
85087
67523
18679
22397
48481
97151
59471
9629
36187
93491
66751
69473
64667
44641
28307
66293
85691
43543
27367
49499
82561
76781
4051
8081
87281
68473
91369
27749
10091
68521
62549
68917
83873
77317
81203
64381
5693
52511
80779
75653
42101
58913
96697
31663
45337
53593
55813
50767
34367
77137
93323
79579
87509
81953
56629
68683
27689
5743
18679
25793
55469
55441
85439
78347
16267
22739
76949
10301
61949
50839
18451
76159
74489
27527
54851
68213
89443
83077
15629
82471
40841
60101
2083
75539
22921
7949
95947
10399
65587
49669
127
82493
29269
6277
15107
76607
17491
94201
71327
79631
45337
92821
71069
8779
62483
13451
80737
28109
7
21773
74047
2551
53551
70099
63901
66713
12653
86783
23981
35423
37423
90353
9547
42169
86243
52201
31957
54421
5527
60029
81509
6091
35227
14479
80473
58217
13831
67499
51563
73061
58189
12979
48779
86263
55667
41141
13151
38593
73477
89069
52631
7793
34589
92717
35053
79531
21319
17011
16267
84223
91457
90917
50857
76003
89269
58153
92993
70003
9013
1433
58217
45137
73943
11083
57923
55837
89057
69431
98377
10799
47407
50119
67757
4051
6043
82493
52691
15031
6883
45541
14431
6353
64747
98873
16249
63389
73883
56477
52813
31123
51347
40529
51713
90887
82241
57737
57503
30493
14197
3229
44389
70393
43397
60661
5807
42281
96293
84211
25471
92369
38653
77983
24659
45161
44053
50311
81931
57097
15373
44179
91943
13127
72923
59021
38711
27197
28069
2377
93077
56629
11071
9601
20399
82267
45869
33181
971
45121
90907
22189
87257
78191
31741
29837
55619
29641
11393
49757
51203
7027
31957
16963
27751
33619
49739
91801
21179
137
69221
80603
64693
46769
75773
74717
29129
45377
39877
28309
29201
39133
17989
28463
40847
44773
77263
1063
79399
75617
59707
19087
62687
38197
85147
1229
82457
15817
80347
42569
41911
82129
38891
14591
94327
59233
99563
46867
11131
13907
31873
63719
80749
95507
11551
4421
25219
75787
66103
29833
7219
43331
3917
1201
89431
3797
39461
521
39241
31051
9907
69389
10009
11353
51001
81019
99817
2671
13841
85237
4357
20101
90793
6911
41603
8353
81967
73141
55051
66959
54001
92567
87427
20147
60169
37507
49429
53719
4801
44053
33181
57193
35171
58147
49823
15277
74323
4327
27259
88129
14207
17351
59671
77527
91253
83117
23311
67883
20807
36721
93493
69191
5657
34231
65203
39841
51977
29411
35797
31231
16657
86627
37811
42473
36523
68683
40471
87547
25841
15053
12853
21911
77659
36653
39839
22079
65123
90089
95153
75401
8929
82997
35771
93077
63799
15439
7669
12161
47501
1283
12919
29567
64499
80747
45433
75403
4229
54709
2137
87641
64601
40531
66653
25367
68743
7193
18899
96821
4211
72733
56963
92401
6257
50587
30059
2477
93251
93997
98321
79399
13963
45587
93553
53
93281
21727
74197
38501
86341
53197
39679
80557
61909
84551
75787
90059
69557
48487
60017
6869
24509
76991
